cons_name,cons_no,cons_id,elec_addr,trade_code,org_no,city_name,county_name,volt_code,contract_cap,org_name,pep_e,stat_date
山西西山华通水泥有限责任公司,122673595,1960190809,山西省太原市古交市马兰镇营立村新建三一四上河滩,31B0,144011214,太原,客服,AC01101,40000.0,山西,612113.0,2020-07-06
山西西山华通水泥有限责任公司,122673595,1960190809,山西省太原市古交市马兰镇营立村新建三一四上河滩,31B0,144011214,太原,客服,AC01101,40000.0,山西,299429.0,2020-07-07
山西西山华通水泥有限责任公司,122673595,1960190809,山西省太原市古交市马兰镇营立村新建三一四上河滩,31B0,144011214,太原,客服,AC01101,40000.0,山西,94767.0,2020-07-08
山西西山华通水泥有限责任公司,122673595,1960190809,山西省太原市古交市马兰镇营立村新建三一四上河滩,31B0,144011214,太原,客服,AC01101,40000.0,山西,92535.0,2020-07-09
山西西山华通水泥有限责任公司,122673595,1960190809,山西省太原市古交市马兰镇营立村新建三一四上河滩,31B0,144011214,太原,客服,AC01101,40000.0,山西,162941.0,2020-07-10
山西西山华通水泥有限责任公司,122673595,1960190809,山西省太原市古交市马兰镇营立村新建三一四上河滩,31B0,144011214,太原,客服,AC01101,40000.0,山西,121139.0,2020-07-11
山西西山华通水泥有限责任公司,122673595,1960190809,山西省太原市古交市马兰镇营立村新建三一四上河滩,31B0,144011214,太原,客服,AC01101,40000.0,山西,147621.0,2020-07-12
山西西山华通水泥有限责任公司,122673595,1960190809,山西省太原市古交市马兰镇营立村新建三一四上河滩,31B0,144011214,太原,客服,AC01101,40000.0,山西,121233.0,2020-07-13
山西西山华通水泥有限责任公司,122673595,1960190809,山西省太原市古交市马兰镇营立村新建三一四上河滩,31B0,144011214,太原,客服,AC01101,40000.0,山西,28773.0,2020-07-14
山西西山华通水泥有限责任公司,122673595,1960190809,山西省太原市古交市马兰镇营立村新建三一四上河滩,31B0,144011214,太原,客服,AC01101,40000.0,山西,22307.0,2020-07-15
山西西山华通水泥有限责任公司,122673595,1960190809,山西省太原市古交市马兰镇营立村新建三一四上河滩,31B0,144011214,太原,客服,AC01101,40000.0,山西,132072.0,2020-07-16
山西西山华通水泥有限责任公司,122673595,1960190809,山西省太原市古交市马兰镇营立村新建三一四上河滩,31B0,144011214,太原,客服,AC01101,40000.0,山西,347701.0,2020-07-17
山西西山华通水泥有限责任公司,122673595,1960190809,山西省太原市古交市马兰镇营立村新建三一四上河滩,31B0,144011214,太原,客服,AC01101,40000.0,山西,442868.0,2020-07-18
山西西山华通水泥有限责任公司,122673595,1960190809,山西省太原市古交市马兰镇营立村新建三一四上河滩,31B0,144011214,太原,客服,AC01101,40000.0,山西,488380.0,2020-07-24
山西西山华通水泥有限责任公司,122673595,1960190809,山西省太原市古交市马兰镇营立村新建三一四上河滩,31B0,144011214,太原,客服,AC01101,40000.0,山西,602843.0,2020-07-26
山西西山华通水泥有限责任公司,122673595,1960190809,山西省太原市古交市马兰镇营立村新建三一四上河滩,31B0,144011214,太原,客服,AC01101,40000.0,山西,666700.0,2020-07-27
山西西山华通水泥有限责任公司,122673595,1960190809,山西省太原市古交市马兰镇营立村新建三一四上河滩,31B0,144011214,太原,客服,AC01101,40000.0,山西,666745.0,2020-07-28
山西西山华通水泥有限责任公司,122673595,1960190809,山西省太原市古交市马兰镇营立村新建三一四上河滩,31B0,144011214,太原,客服,AC01101,40000.0,山西,569775.0,2020-07-29
山西西山华通水泥有限责任公司,122673595,1960190809,山西省太原市古交市马兰镇营立村新建三一四上河滩,31B0,144011214,太原,客服,AC01101,40000.0,山西,627162.0,2020-07-30
山西西山华通水泥有限责任公司,122673595,1960190809,山西省太原市古交市马兰镇营立村新建三一四上河滩,31B0,144011214,太原,客服,AC01101,40000.0,山西,408393.0,2020-07-31
山西西山华通水泥有限责任公司,122673595,1960190809,山西省太原市古交市马兰镇营立村新建三一四上河滩,31B0,144011214,太原,客服,AC01101,40000.0,山西,640250.0,2020-08-02
山西西山华通水泥有限责任公司,122673595,1960190809,山西省太原市古交市马兰镇营立村新建三一四上河滩,31B0,144011214,太原,客服,AC01101,40000.0,山西,642775.0,2020-08-03
山西西山华通水泥有限责任公司,122673595,1960190809,山西省太原市古交市马兰镇营立村新建三一四上河滩,31B0,144011214,太原,客服,AC01101,40000.0,山西,603078.0,2020-08-04
山西西山华通水泥有限责任公司,122673595,1960190809,山西省太原市古交市马兰镇营立村新建三一四上河滩,31B0,144011214,太原,客服,AC01101,40000.0,山西,376213.0,2020-08-05
山西西山华通水泥有限责任公司,122673595,1960190809,山西省太原市古交市马兰镇营立村新建三一四上河滩,31B0,144011214,太原,客服,AC01101,40000.0,山西,316815.0,2020-08-06
山西西山华通水泥有限责任公司,122673595,1960190809,山西省太原市古交市马兰镇营立村新建三一四上河滩,31B0,144011214,太原,客服,AC01101,40000.0,山西,428649.0,2020-08-07
山西西山华通水泥有限责任公司,122673595,1960190809,山西省太原市古交市马兰镇营立村新建三一四上河滩,31B0,144011214,太原,客服,AC01101,40000.0,山西,466564.0,2020-08-08
山西西山华通水泥有限责任公司,122673595,1960190809,山西省太原市古交市马兰镇营立村新建三一四上河滩,31B0,144011214,太原,客服,AC01101,40000.0,山西,512531.0,2020-08-09
山西西山华通水泥有限责任公司,122673595,1960190809,山西省太原市古交市马兰镇营立村新建三一四上河滩,31B0,144011214,太原,客服,AC01101,40000.0,山西,574232.0,2020-08-10
山西西山华通水泥有限责任公司,122673595,1960190809,山西省太原市古交市马兰镇营立村新建三一四上河滩,31B0,144011214,太原,客服,AC01101,40000.0,山西,535487.0,2020-08-11
山西西山华通水泥有限责任公司,122673595,1960190809,山西省太原市古交市马兰镇营立村新建三一四上河滩,31B0,144011214,太原,客服,AC01101,40000.0,山西,663759.0,2020-08-13
山西西山华通水泥有限责任公司,122673595,1960190809,山西省太原市古交市马兰镇营立村新建三一四上河滩,31B0,144011214,太原,客服,AC01101,40000.0,山西,507484.0,2020-08-17
山西西山华通水泥有限责任公司,122673595,1960190809,山西省太原市古交市马兰镇营立村新建三一四上河滩,31B0,144011214,太原,客服,AC01101,40000.0,山西,552634.0,2020-08-18
山西西山华通水泥有限责任公司,122673595,1960190809,山西省太原市古交市马兰镇营立村新建三一四上河滩,31B0,144011214,太原,客服,AC01101,40000.0,山西,648702.0,2020-08-19
山西西山华通水泥有限责任公司,122673595,1960190809,山西省太原市古交市马兰镇营立村新建三一四上河滩,31B0,144011214,太原,客服,AC01101,40000.0,山西,657536.0,2020-08-20
山西西山华通水泥有限责任公司,122673595,1960190809,山西省太原市古交市马兰镇营立村新建三一四上河滩,31B0,144011214,太原,客服,AC01101,40000.0,山西,627616.0,2020-08-21
山西西山华通水泥有限责任公司,122673595,1960190809,山西省太原市古交市马兰镇营立村新建三一四上河滩,31B0,144011214,太原,客服,AC01101,40000.0,山西,665000.0,2020-08-22
山西西山华通水泥有限责任公司,122673595,1960190809,山西省太原市古交市马兰镇营立村新建三一四上河滩,31B0,144011214,太原,客服,AC01101,40000.0,山西,485653.0,2020-08-25
山西西山华通水泥有限责任公司,122673595,1960190809,山西省太原市古交市马兰镇营立村新建三一四上河滩,31B0,144011214,太原,客服,AC01101,40000.0,山西,275175.0,2020-08-26
山西西山华通水泥有限责任公司,122673595,1960190809,山西省太原市古交市马兰镇营立村新建三一四上河滩,31B0,144011214,太原,客服,AC01101,40000.0,山西,136509.0,2020-08-27
山西西山华通水泥有限责任公司,122673595,1960190809,山西省太原市古交市马兰镇营立村新建三一四上河滩,31B0,144011214,太原,客服,AC01101,40000.0,山西,187112.0,2020-08-28
山西西山华通水泥有限责任公司,122673595,1960190809,山西省太原市古交市马兰镇营立村新建三一四上河滩,31B0,144011214,太原,客服,AC01101,40000.0,山西,197769.0,2020-08-29
山西西山华通水泥有限责任公司,122673595,1960190809,山西省太原市古交市马兰镇营立村新建三一四上河滩,31B0,144011214,太原,客服,AC01101,40000.0,山西,263689.0,2020-08-30
山西西山华通水泥有限责任公司,122673595,1960190809,山西省太原市古交市马兰镇营立村新建三一四上河滩,31B0,144011214,太原,客服,AC01101,40000.0,山西,-94064.0,2020-08-31
山西西山华通水泥有限责任公司,122673595,1960190809,山西省太原市古交市马兰镇营立村新建三一四上河滩,31B0,144011214,太原,客服,AC01101,40000.0,山西,395569.0,2020-09-01
山西西山华通水泥有限责任公司,122673595,1960190809,山西省太原市古交市马兰镇营立村新建三一四上河滩,31B0,144011214,太原,客服,AC01101,40000.0,山西,149819.0,2020-09-02
山西西山华通水泥有限责任公司,122673595,1960190809,山西省太原市古交市马兰镇营立村新建三一四上河滩,31B0,144011214,太原,客服,AC01101,40000.0,山西,158753.0,2020-09-03
山西西山华通水泥有限责任公司,122673595,1960190809,山西省太原市古交市马兰镇营立村新建三一四上河滩,31B0,144011214,太原,客服,AC01101,40000.0,山西,220197.0,2020-09-04
山西西山华通水泥有限责任公司,122673595,1960190809,山西省太原市古交市马兰镇营立村新建三一四上河滩,31B0,144011214,太原,客服,AC01101,40000.0,山西,244570.0,2020-09-05
山西西山华通水泥有限责任公司,122673595,1960190809,山西省太原市古交市马兰镇营立村新建三一四上河滩,31B0,144011214,太原,客服,AC01101,40000.0,山西,505013.0,2020-09-06
山西西山华通水泥有限责任公司,122673595,1960190809,山西省太原市古交市马兰镇营立村新建三一四上河滩,31B0,144011214,太原,客服,AC01101,40000.0,山西,621771.0,2020-09-07
山西西山华通水泥有限责任公司,122673595,1960190809,山西省太原市古交市马兰镇营立村新建三一四上河滩,31B0,144011214,太原,客服,AC01101,40000.0,山西,586076.0,2020-09-08
山西西山华通水泥有限责任公司,122673595,1960190809,山西省太原市古交市马兰镇营立村新建三一四上河滩,31B0,144011214,太原,客服,AC01101,40000.0,山西,613960.0,2020-09-09
山西西山华通水泥有限责任公司,122673595,1960190809,山西省太原市古交市马兰镇营立村新建三一四上河滩,31B0,144011214,太原,客服,AC01101,40000.0,山西,668417.0,2020-09-10
山西西山华通水泥有限责任公司,122673595,1960190809,山西省太原市古交市马兰镇营立村新建三一四上河滩,31B0,144011214,太原,客服,AC01101,40000.0,山西,560554.0,2020-09-18
山西西山华通水泥有限责任公司,122673595,1960190809,山西省太原市古交市马兰镇营立村新建三一四上河滩,31B0,144011214,太原,客服,AC01101,40000.0,山西,255471.0,2020-09-19
山西西山华通水泥有限责任公司,122673595,1960190809,山西省太原市古交市马兰镇营立村新建三一四上河滩,31B0,144011214,太原,客服,AC01101,40000.0,山西,193839.0,2020-09-20
山西西山华通水泥有限责任公司,122673595,1960190809,山西省太原市古交市马兰镇营立村新建三一四上河滩,31B0,144011214,太原,客服,AC01101,40000.0,山西,-237496.0,2020-09-21
山西西山华通水泥有限责任公司,122673595,1960190809,山西省太原市古交市马兰镇营立村新建三一四上河滩,31B0,144011214,太原,客服,AC01101,40000.0,山西,287050.0,2020-09-22
山西西山华通水泥有限责任公司,122673595,1960190809,山西省太原市古交市马兰镇营立村新建三一四上河滩,31B0,144011214,太原,客服,AC01101,40000.0,山西,24781.0,2020-09-23
山西西山华通水泥有限责任公司,122673595,1960190809,山西省太原市古交市马兰镇营立村新建三一四上河滩,31B0,144011214,太原,客服,AC01101,40000.0,山西,-149468.0,2020-09-24
山西西山华通水泥有限责任公司,122673595,1960190809,山西省太原市古交市马兰镇营立村新建三一四上河滩,31B0,144011214,太原,客服,AC01101,40000.0,山西,427839.0,2020-09-25
山西西山华通水泥有限责任公司,122673595,1960190809,山西省太原市古交市马兰镇营立村新建三一四上河滩,31B0,144011214,太原,客服,AC01101,40000.0,山西,84172.0,2020-09-26
山西西山华通水泥有限责任公司,122673595,1960190809,山西省太原市古交市马兰镇营立村新建三一四上河滩,31B0,144011214,太原,客服,AC01101,40000.0,山西,42518.0,2020-09-27
山西西山华通水泥有限责任公司,122673595,1960190809,山西省太原市古交市马兰镇营立村新建三一四上河滩,31B0,144011214,太原,客服,AC01101,40000.0,山西,-62758.0,2020-09-28
山西西山华通水泥有限责任公司,122673595,1960190809,山西省太原市古交市马兰镇营立村新建三一四上河滩,31B0,144011214,太原,客服,AC01101,40000.0,山西,482813.0,2020-09-29
山西西山华通水泥有限责任公司,122673595,1960190809,山西省太原市古交市马兰镇营立村新建三一四上河滩,31B0,144011214,太原,客服,AC01101,40000.0,山西,659474.0,2020-09-30
山西西山华通水泥有限责任公司,122673595,1960190809,山西省太原市古交市马兰镇营立村新建三一四上河滩,31B0,144011214,太原,客服,AC01101,40000.0,山西,640499.0,2020-10-01
山西西山华通水泥有限责任公司,122673595,1960190809,山西省太原市古交市马兰镇营立村新建三一四上河滩,31B0,144011214,太原,客服,AC01101,40000.0,山西,635517.0,2020-10-02
山西西山华通水泥有限责任公司,122673595,1960190809,山西省太原市古交市马兰镇营立村新建三一四上河滩,31B0,144011214,太原,客服,AC01101,40000.0,山西,655781.0,2020-10-03
山西西山华通水泥有限责任公司,122673595,1960190809,山西省太原市古交市马兰镇营立村新建三一四上河滩,31B0,144011214,太原,客服,AC01101,40000.0,山西,656418.0,2020-10-04
山西西山华通水泥有限责任公司,122673595,1960190809,山西省太原市古交市马兰镇营立村新建三一四上河滩,31B0,144011214,太原,客服,AC01101,40000.0,山西,663928.0,2020-10-05
山西西山华通水泥有限责任公司,122673595,1960190809,山西省太原市古交市马兰镇营立村新建三一四上河滩,31B0,144011214,太原,客服,AC01101,40000.0,山西,669828.0,2020-10-06
山西西山华通水泥有限责任公司,122673595,1960190809,山西省太原市古交市马兰镇营立村新建三一四上河滩,31B0,144011214,太原,客服,AC01101,40000.0,山西,595911.0,2020-10-07
山西西山华通水泥有限责任公司,122673595,1960190809,山西省太原市古交市马兰镇营立村新建三一四上河滩,31B0,144011214,太原,客服,AC01101,40000.0,山西,550978.0,2020-10-08
山西西山华通水泥有限责任公司,122673595,1960190809,山西省太原市古交市马兰镇营立村新建三一四上河滩,31B0,144011214,太原,客服,AC01101,40000.0,山西,548527.0,2020-10-09
山西西山华通水泥有限责任公司,122673595,1960190809,山西省太原市古交市马兰镇营立村新建三一四上河滩,31B0,144011214,太原,客服,AC01101,40000.0,山西,58473.0,2020-10-10
山西西山华通水泥有限责任公司,122673595,1960190809,山西省太原市古交市马兰镇营立村新建三一四上河滩,31B0,144011214,太原,客服,AC01101,40000.0,山西,34339.0,2020-10-11
山西西山华通水泥有限责任公司,122673595,1960190809,山西省太原市古交市马兰镇营立村新建三一四上河滩,31B0,144011214,太原,客服,AC01101,40000.0,山西,34602.0,2020-10-12
山西西山华通水泥有限责任公司,122673595,1960190809,山西省太原市古交市马兰镇营立村新建三一四上河滩,31B0,144011214,太原,客服,AC01101,40000.0,山西,21072.0,2020-10-13
山西西山华通水泥有限责任公司,122673595,1960190809,山西省太原市古交市马兰镇营立村新建三一四上河滩,31B0,144011214,太原,客服,AC01101,40000.0,山西,21141.0,2020-10-14
山西西山华通水泥有限责任公司,122673595,1960190809,山西省太原市古交市马兰镇营立村新建三一四上河滩,31B0,144011214,太原,客服,AC01101,40000.0,山西,131576.0,2020-10-15
山西西山华通水泥有限责任公司,122673595,1960190809,山西省太原市古交市马兰镇营立村新建三一四上河滩,31B0,144011214,太原,客服,AC01101,40000.0,山西,126394.0,2020-10-16
山西西山华通水泥有限责任公司,122673595,1960190809,山西省太原市古交市马兰镇营立村新建三一四上河滩,31B0,144011214,太原,客服,AC01101,40000.0,山西,452508.0,2020-10-17
山西西山华通水泥有限责任公司,122673595,1960190809,山西省太原市古交市马兰镇营立村新建三一四上河滩,31B0,144011214,太原,客服,AC01101,40000.0,山西,672176.0,2020-10-18
山西西山华通水泥有限责任公司,122673595,1960190809,山西省太原市古交市马兰镇营立村新建三一四上河滩,31B0,144011214,太原,客服,AC01101,40000.0,山西,582029.0,2020-10-19
山西西山华通水泥有限责任公司,122673595,1960190809,山西省太原市古交市马兰镇营立村新建三一四上河滩,31B0,144011214,太原,客服,AC01101,40000.0,山西,498827.0,2020-10-20
山西西山华通水泥有限责任公司,122673595,1960190809,山西省太原市古交市马兰镇营立村新建三一四上河滩,31B0,144011214,太原,客服,AC01101,40000.0,山西,500850.0,2020-10-21
山西西山华通水泥有限责任公司,122673595,1960190809,山西省太原市古交市马兰镇营立村新建三一四上河滩,31B0,144011214,太原,客服,AC01101,40000.0,山西,502982.0,2020-10-22
山西西山华通水泥有限责任公司,122673595,1960190809,山西省太原市古交市马兰镇营立村新建三一四上河滩,31B0,144011214,太原,客服,AC01101,40000.0,山西,386835.0,2020-10-23
山西西山华通水泥有限责任公司,122673595,1960190809,山西省太原市古交市马兰镇营立村新建三一四上河滩,31B0,144011214,太原,客服,AC01101,40000.0,山西,688504.0,2020-10-24
山西西山华通水泥有限责任公司,122673595,1960190809,山西省太原市古交市马兰镇营立村新建三一四上河滩,31B0,144011214,太原,客服,AC01101,40000.0,山西,48293.0,2020-10-26
山西西山华通水泥有限责任公司,122673595,1960190809,山西省太原市古交市马兰镇营立村新建三一四上河滩,31B0,144011214,太原,客服,AC01101,40000.0,山西,29825.0,2020-10-27
山西西山华通水泥有限责任公司,122673595,1960190809,山西省太原市古交市马兰镇营立村新建三一四上河滩,31B0,144011214,太原,客服,AC01101,40000.0,山西,26225.0,2020-10-28
山西西山华通水泥有限责任公司,122673595,1960190809,山西省太原市古交市马兰镇营立村新建三一四上河滩,31B0,144011214,太原,客服,AC01101,40000.0,山西,23957.0,2020-10-29
山西西山华通水泥有限责任公司,122673595,1960190809,山西省太原市古交市马兰镇营立村新建三一四上河滩,31B0,144011214,太原,客服,AC01101,40000.0,山西,26462.0,2020-10-30
山西西山华通水泥有限责任公司,122673595,1960190809,山西省太原市古交市马兰镇营立村新建三一四上河滩,31B0,144011214,太原,客服,AC01101,40000.0,山西,88522.0,2020-10-31
山西西山华通水泥有限责任公司,122673595,1960190809,山西省太原市古交市马兰镇营立村新建三一四上河滩,31B0,144011214,太原,客服,AC01101,40000.0,山西,581552.0,2020-11-01
山西西山华通水泥有限责任公司,122673595,1960190809,山西省太原市古交市马兰镇营立村新建三一四上河滩,31B0,144011214,太原,客服,AC01101,40000.0,山西,574972.0,2020-11-02
山西西山华通水泥有限责任公司,122673595,1960190809,山西省太原市古交市马兰镇营立村新建三一四上河滩,31B0,144011214,太原,客服,AC01101,40000.0,山西,662372.0,2020-11-03
山西西山华通水泥有限责任公司,122673595,1960190809,山西省太原市古交市马兰镇营立村新建三一四上河滩,31B0,144011214,太原,客服,AC01101,40000.0,山西,658171.0,2020-11-04
山西西山华通水泥有限责任公司,122673595,1960190809,山西省太原市古交市马兰镇营立村新建三一四上河滩,31B0,144011214,太原,客服,AC01101,40000.0,山西,676305.0,2020-11-05
山西西山华通水泥有限责任公司,122673595,1960190809,山西省太原市古交市马兰镇营立村新建三一四上河滩,31B0,144011214,太原,客服,AC01101,40000.0,山西,661509.0,2020-11-06
山西西山华通水泥有限责任公司,122673595,1960190809,山西省太原市古交市马兰镇营立村新建三一四上河滩,31B0,144011214,太原,客服,AC01101,40000.0,山西,677845.0,2020-11-07
山西西山华通水泥有限责任公司,122673595,1960190809,山西省太原市古交市马兰镇营立村新建三一四上河滩,31B0,144011214,太原,客服,AC01101,40000.0,山西,658248.0,2020-11-08
山西西山华通水泥有限责任公司,122673595,1960190809,山西省太原市古交市马兰镇营立村新建三一四上河滩,31B0,144011214,太原,客服,AC01101,40000.0,山西,630994.0,2020-11-09
山西西山华通水泥有限责任公司,122673595,1960190809,山西省太原市古交市马兰镇营立村新建三一四上河滩,31B0,144011214,太原,客服,AC01101,40000.0,山西,579197.0,2020-11-10
山西西山华通水泥有限责任公司,122673595,1960190809,山西省太原市古交市马兰镇营立村新建三一四上河滩,31B0,144011214,太原,客服,AC01101,40000.0,山西,278283.0,2020-11-11
山西西山华通水泥有限责任公司,122673595,1960190809,山西省太原市古交市马兰镇营立村新建三一四上河滩,31B0,144011214,太原,客服,AC01101,40000.0,山西,44703.0,2020-11-12
山西西山华通水泥有限责任公司,122673595,1960190809,山西省太原市古交市马兰镇营立村新建三一四上河滩,31B0,144011214,太原,客服,AC01101,40000.0,山西,40076.0,2020-11-13
山西西山华通水泥有限责任公司,122673595,1960190809,山西省太原市古交市马兰镇营立村新建三一四上河滩,31B0,144011214,太原,客服,AC01101,40000.0,山西,28526.0,2020-11-14
山西西山华通水泥有限责任公司,122673595,1960190809,山西省太原市古交市马兰镇营立村新建三一四上河滩,31B0,144011214,太原,客服,AC01101,40000.0,山西,36067.0,2020-11-15
山西西山华通水泥有限责任公司,122673595,1960190809,山西省太原市古交市马兰镇营立村新建三一四上河滩,31B0,144011214,太原,客服,AC01101,40000.0,山西,31635.0,2020-11-16
山西西山华通水泥有限责任公司,122673595,1960190809,山西省太原市古交市马兰镇营立村新建三一四上河滩,31B0,144011214,太原,客服,AC01101,40000.0,山西,29516.0,2020-11-17
山西西山华通水泥有限责任公司,122673595,1960190809,山西省太原市古交市马兰镇营立村新建三一四上河滩,31B0,144011214,太原,客服,AC01101,40000.0,山西,186077.0,2020-11-18
山西西山华通水泥有限责任公司,122673595,1960190809,山西省太原市古交市马兰镇营立村新建三一四上河滩,31B0,144011214,太原,客服,AC01101,40000.0,山西,414009.0,2020-11-19
山西西山华通水泥有限责任公司,122673595,1960190809,山西省太原市古交市马兰镇营立村新建三一四上河滩,31B0,144011214,太原,客服,AC01101,40000.0,山西,587223.0,2020-11-20
山西西山华通水泥有限责任公司,122673595,1960190809,山西省太原市古交市马兰镇营立村新建三一四上河滩,31B0,144011214,太原,客服,AC01101,40000.0,山西,568127.0,2020-11-21
山西西山华通水泥有限责任公司,122673595,1960190809,山西省太原市古交市马兰镇营立村新建三一四上河滩,31B0,144011214,太原,客服,AC01101,40000.0,山西,680995.0,2020-11-22
山西西山华通水泥有限责任公司,122673595,1960190809,山西省太原市古交市马兰镇营立村新建三一四上河滩,31B0,144011214,太原,客服,AC01101,40000.0,山西,615563.0,2020-11-23
山西西山华通水泥有限责任公司,122673595,1960190809,山西省太原市古交市马兰镇营立村新建三一四上河滩,31B0,144011214,太原,客服,AC01101,40000.0,山西,528506.0,2020-11-24
山西西山华通水泥有限责任公司,122673595,1960190809,山西省太原市古交市马兰镇营立村新建三一四上河滩,31B0,144011214,太原,客服,AC01101,40000.0,山西,57065.0,2020-11-25
山西西山华通水泥有限责任公司,122673595,1960190809,山西省太原市古交市马兰镇营立村新建三一四上河滩,31B0,144011214,太原,客服,AC01101,40000.0,山西,41441.0,2020-11-26
山西西山华通水泥有限责任公司,122673595,1960190809,山西省太原市古交市马兰镇营立村新建三一四上河滩,31B0,144011214,太原,客服,AC01101,40000.0,山西,8092.0,2020-11-27
山西西山华通水泥有限责任公司,122673595,1960190809,山西省太原市古交市马兰镇营立村新建三一四上河滩,31B0,144011214,太原,客服,AC01101,40000.0,山西,8667.0,2020-11-28
山西西山华通水泥有限责任公司,122673595,1960190809,山西省太原市古交市马兰镇营立村新建三一四上河滩,31B0,144011214,太原,客服,AC01101,40000.0,山西,8881.0,2020-11-29
山西西山华通水泥有限责任公司,122673595,1960190809,山西省太原市古交市马兰镇营立村新建三一四上河滩,31B0,144011214,太原,客服,AC01101,40000.0,山西,87242.0,2020-11-30
山西西山华通水泥有限责任公司,122673595,1960190809,山西省太原市古交市马兰镇营立村新建三一四上河滩,31B0,144011214,太原,客服,AC01101,40000.0,山西,128497.0,2020-12-01
山西西山华通水泥有限责任公司,122673595,1960190809,山西省太原市古交市马兰镇营立村新建三一四上河滩,31B0,144011214,太原,客服,AC01101,40000.0,山西,121342.0,2020-12-02
山西西山华通水泥有限责任公司,122673595,1960190809,山西省太原市古交市马兰镇营立村新建三一四上河滩,31B0,144011214,太原,客服,AC01101,40000.0,山西,137762.0,2020-12-03
山西西山华通水泥有限责任公司,122673595,1960190809,山西省太原市古交市马兰镇营立村新建三一四上河滩,31B0,144011214,太原,客服,AC01101,40000.0,山西,128946.02,2020-12-04
山西西山华通水泥有限责任公司,122673595,1960190809,山西省太原市古交市马兰镇营立村新建三一四上河滩,31B0,144011214,太原,客服,AC01101,40000.0,山西,150745.0,2020-12-05
山西西山华通水泥有限责任公司,122673595,1960190809,山西省太原市古交市马兰镇营立村新建三一四上河滩,31B0,144011214,太原,客服,AC01101,40000.0,山西,131209.0,2020-12-06
山西西山华通水泥有限责任公司,122673595,1960190809,山西省太原市古交市马兰镇营立村新建三一四上河滩,31B0,144011214,太原,客服,AC01101,40000.0,山西,148865.0,2020-12-07
山西西山华通水泥有限责任公司,122673595,1960190809,山西省太原市古交市马兰镇营立村新建三一四上河滩,31B0,144011214,太原,客服,AC01101,40000.0,山西,153431.0,2020-12-08
侯马市汇丰建材有限责任公司,600000020,17016666,山西省临汾市侯马市张村街道办事处南庄村汇丰路北,31B0,144060501,临汾,侯马,AC00351,24000.0,山西,168060.0,2020-07-05
侯马市汇丰建材有限责任公司,600000020,17016666,山西省临汾市侯马市张村街道办事处南庄村汇丰路北,31B0,144060501,临汾,侯马,AC00351,24000.0,山西,227580.0,2020-07-08
侯马市汇丰建材有限责任公司,600000020,17016666,山西省临汾市侯马市张村街道办事处南庄村汇丰路北,31B0,144060501,临汾,侯马,AC00351,24000.0,山西,202084.0,2020-07-09
侯马市汇丰建材有限责任公司,600000020,17016666,山西省临汾市侯马市张村街道办事处南庄村汇丰路北,31B0,144060501,临汾,侯马,AC00351,24000.0,山西,251552.0,2020-07-10
侯马市汇丰建材有限责任公司,600000020,17016666,山西省临汾市侯马市张村街道办事处南庄村汇丰路北,31B0,144060501,临汾,侯马,AC00351,24000.0,山西,255632.0,2020-07-11
侯马市汇丰建材有限责任公司,600000020,17016666,山西省临汾市侯马市张村街道办事处南庄村汇丰路北,31B0,144060501,临汾,侯马,AC00351,24000.0,山西,266224.0,2020-07-12
侯马市汇丰建材有限责任公司,600000020,17016666,山西省临汾市侯马市张村街道办事处南庄村汇丰路北,31B0,144060501,临汾,侯马,AC00351,24000.0,山西,280624.0,2020-07-16
侯马市汇丰建材有限责任公司,600000020,17016666,山西省临汾市侯马市张村街道办事处南庄村汇丰路北,31B0,144060501,临汾,侯马,AC00351,24000.0,山西,145580.0,2020-07-19
侯马市汇丰建材有限责任公司,600000020,17016666,山西省临汾市侯马市张村街道办事处南庄村汇丰路北,31B0,144060501,临汾,侯马,AC00351,24000.0,山西,270528.0,2020-07-20
侯马市汇丰建材有限责任公司,600000020,17016666,山西省临汾市侯马市张村街道办事处南庄村汇丰路北,31B0,144060501,临汾,侯马,AC00351,24000.0,山西,269340.0,2020-07-24
侯马市汇丰建材有限责任公司,600000020,17016666,山西省临汾市侯马市张村街道办事处南庄村汇丰路北,31B0,144060501,临汾,侯马,AC00351,24000.0,山西,274308.0,2020-07-25
侯马市汇丰建材有限责任公司,600000020,17016666,山西省临汾市侯马市张村街道办事处南庄村汇丰路北,31B0,144060501,临汾,侯马,AC00351,24000.0,山西,164836.0,2020-07-26
侯马市汇丰建材有限责任公司,600000020,17016666,山西省临汾市侯马市张村街道办事处南庄村汇丰路北,31B0,144060501,临汾,侯马,AC00351,24000.0,山西,139536.0,2020-07-28
侯马市汇丰建材有限责任公司,600000020,17016666,山西省临汾市侯马市张村街道办事处南庄村汇丰路北,31B0,144060501,临汾,侯马,AC00351,24000.0,山西,270948.0,2020-07-30
侯马市汇丰建材有限责任公司,600000020,17016666,山西省临汾市侯马市张村街道办事处南庄村汇丰路北,31B0,144060501,临汾,侯马,AC00351,24000.0,山西,257280.0,2020-08-02
侯马市汇丰建材有限责任公司,600000020,17016666,山西省临汾市侯马市张村街道办事处南庄村汇丰路北,31B0,144060501,临汾,侯马,AC00351,24000.0,山西,243928.0,2020-08-28
侯马市汇丰建材有限责任公司,600000020,17016666,山西省临汾市侯马市张村街道办事处南庄村汇丰路北,31B0,144060501,临汾,侯马,AC00351,24000.0,山西,264240.0,2020-09-14
侯马市汇丰建材有限责任公司,600000020,17016666,山西省临汾市侯马市张村街道办事处南庄村汇丰路北,31B0,144060501,临汾,侯马,AC00351,24000.0,山西,215472.0,2020-09-22
侯马市汇丰建材有限责任公司,600000020,17016666,山西省临汾市侯马市张村街道办事处南庄村汇丰路北,31B0,144060501,临汾,侯马,AC00351,24000.0,山西,207076.0,2020-09-24
侯马市汇丰建材有限责任公司,600000020,17016666,山西省临汾市侯马市张村街道办事处南庄村汇丰路北,31B0,144060501,临汾,侯马,AC00351,24000.0,山西,260824.0,2020-09-25
侯马市汇丰建材有限责任公司,600000020,17016666,山西省临汾市侯马市张村街道办事处南庄村汇丰路北,31B0,144060501,临汾,侯马,AC00351,24000.0,山西,163100.0,2020-09-29
侯马市汇丰建材有限责任公司,600000020,17016666,山西省临汾市侯马市张村街道办事处南庄村汇丰路北,31B0,144060501,临汾,侯马,AC00351,24000.0,山西,286708.0,2020-10-22
侯马市汇丰建材有限责任公司,600000020,17016666,山西省临汾市侯马市张村街道办事处南庄村汇丰路北,31B0,144060501,临汾,侯马,AC00351,24000.0,山西,182632.0,2020-11-11
侯马市汇丰建材有限责任公司,600000020,17016666,山西省临汾市侯马市张村街道办事处南庄村汇丰路北,31B0,144060501,临汾,侯马,AC00351,24000.0,山西,182604.0,2020-07-04
侯马市汇丰建材有限责任公司,600000020,17016666,山西省临汾市侯马市张村街道办事处南庄村汇丰路北,31B0,144060501,临汾,侯马,AC00351,24000.0,山西,78796.0,2020-07-01
侯马市汇丰建材有限责任公司,600000020,17016666,山西省临汾市侯马市张村街道办事处南庄村汇丰路北,31B0,144060501,临汾,侯马,AC00351,24000.0,山西,179856.0,2020-07-02
侯马市汇丰建材有限责任公司,600000020,17016666,山西省临汾市侯马市张村街道办事处南庄村汇丰路北,31B0,144060501,临汾,侯马,AC00351,24000.0,山西,186324.0,2020-07-03
侯马市汇丰建材有限责任公司,600000020,17016666,山西省临汾市侯马市张村街道办事处南庄村汇丰路北,31B0,144060501,临汾,侯马,AC00351,24000.0,山西,181544.0,2020-07-06
侯马市汇丰建材有限责任公司,600000020,17016666,山西省临汾市侯马市张村街道办事处南庄村汇丰路北,31B0,144060501,临汾,侯马,AC00351,24000.0,山西,194804.0,2020-07-07
侯马市汇丰建材有限责任公司,600000020,17016666,山西省临汾市侯马市张村街道办事处南庄村汇丰路北,31B0,144060501,临汾,侯马,AC00351,24000.0,山西,235468.0,2020-07-13
侯马市汇丰建材有限责任公司,600000020,17016666,山西省临汾市侯马市张村街道办事处南庄村汇丰路北,31B0,144060501,临汾,侯马,AC00351,24000.0,山西,266544.0,2020-07-14
侯马市汇丰建材有限责任公司,600000020,17016666,山西省临汾市侯马市张村街道办事处南庄村汇丰路北,31B0,144060501,临汾,侯马,AC00351,24000.0,山西,271884.0,2020-07-15
侯马市汇丰建材有限责任公司,600000020,17016666,山西省临汾市侯马市张村街道办事处南庄村汇丰路北,31B0,144060501,临汾,侯马,AC00351,24000.0,山西,276688.0,2020-07-17
侯马市汇丰建材有限责任公司,600000020,17016666,山西省临汾市侯马市张村街道办事处南庄村汇丰路北,31B0,144060501,临汾,侯马,AC00351,24000.0,山西,269660.0,2020-07-18
侯马市汇丰建材有限责任公司,600000020,17016666,山西省临汾市侯马市张村街道办事处南庄村汇丰路北,31B0,144060501,临汾,侯马,AC00351,24000.0,山西,248472.0,2020-07-21
侯马市汇丰建材有限责任公司,600000020,17016666,山西省临汾市侯马市张村街道办事处南庄村汇丰路北,31B0,144060501,临汾,侯马,AC00351,24000.0,山西,210256.0,2020-07-22
侯马市汇丰建材有限责任公司,600000020,17016666,山西省临汾市侯马市张村街道办事处南庄村汇丰路北,31B0,144060501,临汾,侯马,AC00351,24000.0,山西,244432.0,2020-07-23
侯马市汇丰建材有限责任公司,600000020,17016666,山西省临汾市侯马市张村街道办事处南庄村汇丰路北,31B0,144060501,临汾,侯马,AC00351,24000.0,山西,127968.0,2020-07-27
侯马市汇丰建材有限责任公司,600000020,17016666,山西省临汾市侯马市张村街道办事处南庄村汇丰路北,31B0,144060501,临汾,侯马,AC00351,24000.0,山西,249032.0,2020-07-29
侯马市汇丰建材有限责任公司,600000020,17016666,山西省临汾市侯马市张村街道办事处南庄村汇丰路北,31B0,144060501,临汾,侯马,AC00351,24000.0,山西,267576.0,2020-07-31
侯马市汇丰建材有限责任公司,600000020,17016666,山西省临汾市侯马市张村街道办事处南庄村汇丰路北,31B0,144060501,临汾,侯马,AC00351,24000.0,山西,273704.0,2020-08-01
侯马市汇丰建材有限责任公司,600000020,17016666,山西省临汾市侯马市张村街道办事处南庄村汇丰路北,31B0,144060501,临汾,侯马,AC00351,24000.0,山西,194836.0,2020-08-03
侯马市汇丰建材有限责任公司,600000020,17016666,山西省临汾市侯马市张村街道办事处南庄村汇丰路北,31B0,144060501,临汾,侯马,AC00351,24000.0,山西,274808.0,2020-08-04
侯马市汇丰建材有限责任公司,600000020,17016666,山西省临汾市侯马市张村街道办事处南庄村汇丰路北,31B0,144060501,临汾,侯马,AC00351,24000.0,山西,267540.0,2020-08-05
侯马市汇丰建材有限责任公司,600000020,17016666,山西省临汾市侯马市张村街道办事处南庄村汇丰路北,31B0,144060501,临汾,侯马,AC00351,24000.0,山西,266820.0,2020-08-06
侯马市汇丰建材有限责任公司,600000020,17016666,山西省临汾市侯马市张村街道办事处南庄村汇丰路北,31B0,144060501,临汾,侯马,AC00351,24000.0,山西,180884.0,2020-08-07
侯马市汇丰建材有限责任公司,600000020,17016666,山西省临汾市侯马市张村街道办事处南庄村汇丰路北,31B0,144060501,临汾,侯马,AC00351,24000.0,山西,173936.0,2020-08-08
侯马市汇丰建材有限责任公司,600000020,17016666,山西省临汾市侯马市张村街道办事处南庄村汇丰路北,31B0,144060501,临汾,侯马,AC00351,24000.0,山西,175052.0,2020-08-09
侯马市汇丰建材有限责任公司,600000020,17016666,山西省临汾市侯马市张村街道办事处南庄村汇丰路北,31B0,144060501,临汾,侯马,AC00351,24000.0,山西,153560.0,2020-08-10
侯马市汇丰建材有限责任公司,600000020,17016666,山西省临汾市侯马市张村街道办事处南庄村汇丰路北,31B0,144060501,临汾,侯马,AC00351,24000.0,山西,123948.0,2020-08-11
侯马市汇丰建材有限责任公司,600000020,17016666,山西省临汾市侯马市张村街道办事处南庄村汇丰路北,31B0,144060501,临汾,侯马,AC00351,24000.0,山西,159196.0,2020-08-12
侯马市汇丰建材有限责任公司,600000020,17016666,山西省临汾市侯马市张村街道办事处南庄村汇丰路北,31B0,144060501,临汾,侯马,AC00351,24000.0,山西,205616.0,2020-08-13
侯马市汇丰建材有限责任公司,600000020,17016666,山西省临汾市侯马市张村街道办事处南庄村汇丰路北,31B0,144060501,临汾,侯马,AC00351,24000.0,山西,285680.0,2020-08-14
侯马市汇丰建材有限责任公司,600000020,17016666,山西省临汾市侯马市张村街道办事处南庄村汇丰路北,31B0,144060501,临汾,侯马,AC00351,24000.0,山西,202324.0,2020-08-15
侯马市汇丰建材有限责任公司,600000020,17016666,山西省临汾市侯马市张村街道办事处南庄村汇丰路北,31B0,144060501,临汾,侯马,AC00351,24000.0,山西,132080.0,2020-08-16
侯马市汇丰建材有限责任公司,600000020,17016666,山西省临汾市侯马市张村街道办事处南庄村汇丰路北,31B0,144060501,临汾,侯马,AC00351,24000.0,山西,205220.0,2020-08-17
侯马市汇丰建材有限责任公司,600000020,17016666,山西省临汾市侯马市张村街道办事处南庄村汇丰路北,31B0,144060501,临汾,侯马,AC00351,24000.0,山西,208784.0,2020-08-18
侯马市汇丰建材有限责任公司,600000020,17016666,山西省临汾市侯马市张村街道办事处南庄村汇丰路北,31B0,144060501,临汾,侯马,AC00351,24000.0,山西,92528.0,2020-08-19
侯马市汇丰建材有限责任公司,600000020,17016666,山西省临汾市侯马市张村街道办事处南庄村汇丰路北,31B0,144060501,临汾,侯马,AC00351,24000.0,山西,66768.0,2020-08-20
侯马市汇丰建材有限责任公司,600000020,17016666,山西省临汾市侯马市张村街道办事处南庄村汇丰路北,31B0,144060501,临汾,侯马,AC00351,24000.0,山西,17500.0,2020-08-21
侯马市汇丰建材有限责任公司,600000020,17016666,山西省临汾市侯马市张村街道办事处南庄村汇丰路北,31B0,144060501,临汾,侯马,AC00351,24000.0,山西,16376.0,2020-08-22
侯马市汇丰建材有限责任公司,600000020,17016666,山西省临汾市侯马市张村街道办事处南庄村汇丰路北,31B0,144060501,临汾,侯马,AC00351,24000.0,山西,14736.0,2020-08-23
侯马市汇丰建材有限责任公司,600000020,17016666,山西省临汾市侯马市张村街道办事处南庄村汇丰路北,31B0,144060501,临汾,侯马,AC00351,24000.0,山西,99336.0,2020-08-24
侯马市汇丰建材有限责任公司,600000020,17016666,山西省临汾市侯马市张村街道办事处南庄村汇丰路北,31B0,144060501,临汾,侯马,AC00351,24000.0,山西,242208.0,2020-08-25
侯马市汇丰建材有限责任公司,600000020,17016666,山西省临汾市侯马市张村街道办事处南庄村汇丰路北,31B0,144060501,临汾,侯马,AC00351,24000.0,山西,248024.0,2020-08-26
侯马市汇丰建材有限责任公司,600000020,17016666,山西省临汾市侯马市张村街道办事处南庄村汇丰路北,31B0,144060501,临汾,侯马,AC00351,24000.0,山西,247476.0,2020-08-27
侯马市汇丰建材有限责任公司,600000020,17016666,山西省临汾市侯马市张村街道办事处南庄村汇丰路北,31B0,144060501,临汾,侯马,AC00351,24000.0,山西,156612.0,2020-08-29
侯马市汇丰建材有限责任公司,600000020,17016666,山西省临汾市侯马市张村街道办事处南庄村汇丰路北,31B0,144060501,临汾,侯马,AC00351,24000.0,山西,242060.0,2020-08-30
侯马市汇丰建材有限责任公司,600000020,17016666,山西省临汾市侯马市张村街道办事处南庄村汇丰路北,31B0,144060501,临汾,侯马,AC00351,24000.0,山西,248868.0,2020-08-31
侯马市汇丰建材有限责任公司,600000020,17016666,山西省临汾市侯马市张村街道办事处南庄村汇丰路北,31B0,144060501,临汾,侯马,AC00351,24000.0,山西,246368.0,2020-09-01
侯马市汇丰建材有限责任公司,600000020,17016666,山西省临汾市侯马市张村街道办事处南庄村汇丰路北,31B0,144060501,临汾,侯马,AC00351,24000.0,山西,234300.0,2020-09-02
侯马市汇丰建材有限责任公司,600000020,17016666,山西省临汾市侯马市张村街道办事处南庄村汇丰路北,31B0,144060501,临汾,侯马,AC00351,24000.0,山西,272952.0,2020-09-03
侯马市汇丰建材有限责任公司,600000020,17016666,山西省临汾市侯马市张村街道办事处南庄村汇丰路北,31B0,144060501,临汾,侯马,AC00351,24000.0,山西,265452.0,2020-09-04
侯马市汇丰建材有限责任公司,600000020,17016666,山西省临汾市侯马市张村街道办事处南庄村汇丰路北,31B0,144060501,临汾,侯马,AC00351,24000.0,山西,283892.0,2020-09-05
侯马市汇丰建材有限责任公司,600000020,17016666,山西省临汾市侯马市张村街道办事处南庄村汇丰路北,31B0,144060501,临汾,侯马,AC00351,24000.0,山西,268184.0,2020-09-06
侯马市汇丰建材有限责任公司,600000020,17016666,山西省临汾市侯马市张村街道办事处南庄村汇丰路北,31B0,144060501,临汾,侯马,AC00351,24000.0,山西,256388.0,2020-09-07
侯马市汇丰建材有限责任公司,600000020,17016666,山西省临汾市侯马市张村街道办事处南庄村汇丰路北,31B0,144060501,临汾,侯马,AC00351,24000.0,山西,241604.0,2020-09-08
侯马市汇丰建材有限责任公司,600000020,17016666,山西省临汾市侯马市张村街道办事处南庄村汇丰路北,31B0,144060501,临汾,侯马,AC00351,24000.0,山西,284940.0,2020-09-09
侯马市汇丰建材有限责任公司,600000020,17016666,山西省临汾市侯马市张村街道办事处南庄村汇丰路北,31B0,144060501,临汾,侯马,AC00351,24000.0,山西,286636.0,2020-09-10
侯马市汇丰建材有限责任公司,600000020,17016666,山西省临汾市侯马市张村街道办事处南庄村汇丰路北,31B0,144060501,临汾,侯马,AC00351,24000.0,山西,230920.0,2020-09-11
侯马市汇丰建材有限责任公司,600000020,17016666,山西省临汾市侯马市张村街道办事处南庄村汇丰路北,31B0,144060501,临汾,侯马,AC00351,24000.0,山西,262848.0,2020-09-12
侯马市汇丰建材有限责任公司,600000020,17016666,山西省临汾市侯马市张村街道办事处南庄村汇丰路北,31B0,144060501,临汾,侯马,AC00351,24000.0,山西,256452.0,2020-09-13
侯马市汇丰建材有限责任公司,600000020,17016666,山西省临汾市侯马市张村街道办事处南庄村汇丰路北,31B0,144060501,临汾,侯马,AC00351,24000.0,山西,237080.0,2020-09-15
侯马市汇丰建材有限责任公司,600000020,17016666,山西省临汾市侯马市张村街道办事处南庄村汇丰路北,31B0,144060501,临汾,侯马,AC00351,24000.0,山西,265896.0,2020-09-16
侯马市汇丰建材有限责任公司,600000020,17016666,山西省临汾市侯马市张村街道办事处南庄村汇丰路北,31B0,144060501,临汾,侯马,AC00351,24000.0,山西,155580.0,2020-09-17
侯马市汇丰建材有限责任公司,600000020,17016666,山西省临汾市侯马市张村街道办事处南庄村汇丰路北,31B0,144060501,临汾,侯马,AC00351,24000.0,山西,290256.0,2020-09-18
侯马市汇丰建材有限责任公司,600000020,17016666,山西省临汾市侯马市张村街道办事处南庄村汇丰路北,31B0,144060501,临汾,侯马,AC00351,24000.0,山西,295568.0,2020-09-19
侯马市汇丰建材有限责任公司,600000020,17016666,山西省临汾市侯马市张村街道办事处南庄村汇丰路北,31B0,144060501,临汾,侯马,AC00351,24000.0,山西,289688.0,2020-09-20
侯马市汇丰建材有限责任公司,600000020,17016666,山西省临汾市侯马市张村街道办事处南庄村汇丰路北,31B0,144060501,临汾,侯马,AC00351,24000.0,山西,323544.0,2020-09-21
侯马市汇丰建材有限责任公司,600000020,17016666,山西省临汾市侯马市张村街道办事处南庄村汇丰路北,31B0,144060501,临汾,侯马,AC00351,24000.0,山西,194184.0,2020-09-23
侯马市汇丰建材有限责任公司,600000020,17016666,山西省临汾市侯马市张村街道办事处南庄村汇丰路北,31B0,144060501,临汾,侯马,AC00351,24000.0,山西,281820.0,2020-09-26
侯马市汇丰建材有限责任公司,600000020,17016666,山西省临汾市侯马市张村街道办事处南庄村汇丰路北,31B0,144060501,临汾,侯马,AC00351,24000.0,山西,283792.0,2020-09-27
侯马市汇丰建材有限责任公司,600000020,17016666,山西省临汾市侯马市张村街道办事处南庄村汇丰路北,31B0,144060501,临汾,侯马,AC00351,24000.0,山西,303428.0,2020-09-28
侯马市汇丰建材有限责任公司,600000020,17016666,山西省临汾市侯马市张村街道办事处南庄村汇丰路北,31B0,144060501,临汾,侯马,AC00351,24000.0,山西,271732.0,2020-09-30
侯马市汇丰建材有限责任公司,600000020,17016666,山西省临汾市侯马市张村街道办事处南庄村汇丰路北,31B0,144060501,临汾,侯马,AC00351,24000.0,山西,256624.0,2020-10-01
侯马市汇丰建材有限责任公司,600000020,17016666,山西省临汾市侯马市张村街道办事处南庄村汇丰路北,31B0,144060501,临汾,侯马,AC00351,24000.0,山西,214368.0,2020-10-02
侯马市汇丰建材有限责任公司,600000020,17016666,山西省临汾市侯马市张村街道办事处南庄村汇丰路北,31B0,144060501,临汾,侯马,AC00351,24000.0,山西,209620.0,2020-10-03
侯马市汇丰建材有限责任公司,600000020,17016666,山西省临汾市侯马市张村街道办事处南庄村汇丰路北,31B0,144060501,临汾,侯马,AC00351,24000.0,山西,169328.0,2020-10-04
侯马市汇丰建材有限责任公司,600000020,17016666,山西省临汾市侯马市张村街道办事处南庄村汇丰路北,31B0,144060501,临汾,侯马,AC00351,24000.0,山西,237660.0,2020-10-05
侯马市汇丰建材有限责任公司,600000020,17016666,山西省临汾市侯马市张村街道办事处南庄村汇丰路北,31B0,144060501,临汾,侯马,AC00351,24000.0,山西,327056.0,2020-10-06
侯马市汇丰建材有限责任公司,600000020,17016666,山西省临汾市侯马市张村街道办事处南庄村汇丰路北,31B0,144060501,临汾,侯马,AC00351,24000.0,山西,262080.0,2020-10-07
侯马市汇丰建材有限责任公司,600000020,17016666,山西省临汾市侯马市张村街道办事处南庄村汇丰路北,31B0,144060501,临汾,侯马,AC00351,24000.0,山西,267076.0,2020-10-08
侯马市汇丰建材有限责任公司,600000020,17016666,山西省临汾市侯马市张村街道办事处南庄村汇丰路北,31B0,144060501,临汾,侯马,AC00351,24000.0,山西,262328.0,2020-10-09
侯马市汇丰建材有限责任公司,600000020,17016666,山西省临汾市侯马市张村街道办事处南庄村汇丰路北,31B0,144060501,临汾,侯马,AC00351,24000.0,山西,131544.0,2020-10-10
侯马市汇丰建材有限责任公司,600000020,17016666,山西省临汾市侯马市张村街道办事处南庄村汇丰路北,31B0,144060501,临汾,侯马,AC00351,24000.0,山西,130688.0,2020-10-11
侯马市汇丰建材有限责任公司,600000020,17016666,山西省临汾市侯马市张村街道办事处南庄村汇丰路北,31B0,144060501,临汾,侯马,AC00351,24000.0,山西,125740.0,2020-10-12
侯马市汇丰建材有限责任公司,600000020,17016666,山西省临汾市侯马市张村街道办事处南庄村汇丰路北,31B0,144060501,临汾,侯马,AC00351,24000.0,山西,319580.0,2020-10-13
侯马市汇丰建材有限责任公司,600000020,17016666,山西省临汾市侯马市张村街道办事处南庄村汇丰路北,31B0,144060501,临汾,侯马,AC00351,24000.0,山西,320072.0,2020-10-14
侯马市汇丰建材有限责任公司,600000020,17016666,山西省临汾市侯马市张村街道办事处南庄村汇丰路北,31B0,144060501,临汾,侯马,AC00351,24000.0,山西,333792.0,2020-10-15
侯马市汇丰建材有限责任公司,600000020,17016666,山西省临汾市侯马市张村街道办事处南庄村汇丰路北,31B0,144060501,临汾,侯马,AC00351,24000.0,山西,241660.0,2020-10-16
侯马市汇丰建材有限责任公司,600000020,17016666,山西省临汾市侯马市张村街道办事处南庄村汇丰路北,31B0,144060501,临汾,侯马,AC00351,24000.0,山西,207296.0,2020-10-17
侯马市汇丰建材有限责任公司,600000020,17016666,山西省临汾市侯马市张村街道办事处南庄村汇丰路北,31B0,144060501,临汾,侯马,AC00351,24000.0,山西,297088.0,2020-10-18
侯马市汇丰建材有限责任公司,600000020,17016666,山西省临汾市侯马市张村街道办事处南庄村汇丰路北,31B0,144060501,临汾,侯马,AC00351,24000.0,山西,311156.0,2020-10-19
侯马市汇丰建材有限责任公司,600000020,17016666,山西省临汾市侯马市张村街道办事处南庄村汇丰路北,31B0,144060501,临汾,侯马,AC00351,24000.0,山西,242564.0,2020-10-20
侯马市汇丰建材有限责任公司,600000020,17016666,山西省临汾市侯马市张村街道办事处南庄村汇丰路北,31B0,144060501,临汾,侯马,AC00351,24000.0,山西,268292.0,2020-10-21
侯马市汇丰建材有限责任公司,600000020,17016666,山西省临汾市侯马市张村街道办事处南庄村汇丰路北,31B0,144060501,临汾,侯马,AC00351,24000.0,山西,294052.0,2020-10-23
侯马市汇丰建材有限责任公司,600000020,17016666,山西省临汾市侯马市张村街道办事处南庄村汇丰路北,31B0,144060501,临汾,侯马,AC00351,24000.0,山西,124680.0,2020-10-24
侯马市汇丰建材有限责任公司,600000020,17016666,山西省临汾市侯马市张村街道办事处南庄村汇丰路北,31B0,144060501,临汾,侯马,AC00351,24000.0,山西,133088.0,2020-10-25
侯马市汇丰建材有限责任公司,600000020,17016666,山西省临汾市侯马市张村街道办事处南庄村汇丰路北,31B0,144060501,临汾,侯马,AC00351,24000.0,山西,141716.0,2020-10-26
侯马市汇丰建材有限责任公司,600000020,17016666,山西省临汾市侯马市张村街道办事处南庄村汇丰路北,31B0,144060501,临汾,侯马,AC00351,24000.0,山西,142336.0,2020-10-27
侯马市汇丰建材有限责任公司,600000020,17016666,山西省临汾市侯马市张村街道办事处南庄村汇丰路北,31B0,144060501,临汾,侯马,AC00351,24000.0,山西,147696.0,2020-10-28
侯马市汇丰建材有限责任公司,600000020,17016666,山西省临汾市侯马市张村街道办事处南庄村汇丰路北,31B0,144060501,临汾,侯马,AC00351,24000.0,山西,139884.0,2020-10-29
侯马市汇丰建材有限责任公司,600000020,17016666,山西省临汾市侯马市张村街道办事处南庄村汇丰路北,31B0,144060501,临汾,侯马,AC00351,24000.0,山西,154868.0,2020-10-30
侯马市汇丰建材有限责任公司,600000020,17016666,山西省临汾市侯马市张村街道办事处南庄村汇丰路北,31B0,144060501,临汾,侯马,AC00351,24000.0,山西,155032.0,2020-10-31
侯马市汇丰建材有限责任公司,600000020,17016666,山西省临汾市侯马市张村街道办事处南庄村汇丰路北,31B0,144060501,临汾,侯马,AC00351,24000.0,山西,316796.0,2020-11-01
侯马市汇丰建材有限责任公司,600000020,17016666,山西省临汾市侯马市张村街道办事处南庄村汇丰路北,31B0,144060501,临汾,侯马,AC00351,24000.0,山西,336468.0,2020-11-02
侯马市汇丰建材有限责任公司,600000020,17016666,山西省临汾市侯马市张村街道办事处南庄村汇丰路北,31B0,144060501,临汾,侯马,AC00351,24000.0,山西,341000.0,2020-11-03
侯马市汇丰建材有限责任公司,600000020,17016666,山西省临汾市侯马市张村街道办事处南庄村汇丰路北,31B0,144060501,临汾,侯马,AC00351,24000.0,山西,344652.0,2020-11-04
侯马市汇丰建材有限责任公司,600000020,17016666,山西省临汾市侯马市张村街道办事处南庄村汇丰路北,31B0,144060501,临汾,侯马,AC00351,24000.0,山西,337860.0,2020-11-05
侯马市汇丰建材有限责任公司,600000020,17016666,山西省临汾市侯马市张村街道办事处南庄村汇丰路北,31B0,144060501,临汾,侯马,AC00351,24000.0,山西,331996.0,2020-11-06
侯马市汇丰建材有限责任公司,600000020,17016666,山西省临汾市侯马市张村街道办事处南庄村汇丰路北,31B0,144060501,临汾,侯马,AC00351,24000.0,山西,343772.0,2020-11-07
侯马市汇丰建材有限责任公司,600000020,17016666,山西省临汾市侯马市张村街道办事处南庄村汇丰路北,31B0,144060501,临汾,侯马,AC00351,24000.0,山西,295292.0,2020-11-08
侯马市汇丰建材有限责任公司,600000020,17016666,山西省临汾市侯马市张村街道办事处南庄村汇丰路北,31B0,144060501,临汾,侯马,AC00351,24000.0,山西,170980.0,2020-11-09
侯马市汇丰建材有限责任公司,600000020,17016666,山西省临汾市侯马市张村街道办事处南庄村汇丰路北,31B0,144060501,临汾,侯马,AC00351,24000.0,山西,172920.0,2020-11-10
侯马市汇丰建材有限责任公司,600000020,17016666,山西省临汾市侯马市张村街道办事处南庄村汇丰路北,31B0,144060501,临汾,侯马,AC00351,24000.0,山西,175120.0,2020-11-12
侯马市汇丰建材有限责任公司,600000020,17016666,山西省临汾市侯马市张村街道办事处南庄村汇丰路北,31B0,144060501,临汾,侯马,AC00351,24000.0,山西,154952.0,2020-11-13
侯马市汇丰建材有限责任公司,600000020,17016666,山西省临汾市侯马市张村街道办事处南庄村汇丰路北,31B0,144060501,临汾,侯马,AC00351,24000.0,山西,177856.0,2020-11-14
侯马市汇丰建材有限责任公司,600000020,17016666,山西省临汾市侯马市张村街道办事处南庄村汇丰路北,31B0,144060501,临汾,侯马,AC00351,24000.0,山西,169220.0,2020-11-15
侯马市汇丰建材有限责任公司,600000020,17016666,山西省临汾市侯马市张村街道办事处南庄村汇丰路北,31B0,144060501,临汾,侯马,AC00351,24000.0,山西,178736.0,2020-11-16
侯马市汇丰建材有限责任公司,600000020,17016666,山西省临汾市侯马市张村街道办事处南庄村汇丰路北,31B0,144060501,临汾,侯马,AC00351,24000.0,山西,181888.0,2020-11-17
侯马市汇丰建材有限责任公司,600000020,17016666,山西省临汾市侯马市张村街道办事处南庄村汇丰路北,31B0,144060501,临汾,侯马,AC00351,24000.0,山西,283332.0,2020-11-18
侯马市汇丰建材有限责任公司,600000020,17016666,山西省临汾市侯马市张村街道办事处南庄村汇丰路北,31B0,144060501,临汾,侯马,AC00351,24000.0,山西,351048.0,2020-11-19
侯马市汇丰建材有限责任公司,600000020,17016666,山西省临汾市侯马市张村街道办事处南庄村汇丰路北,31B0,144060501,临汾,侯马,AC00351,24000.0,山西,344144.0,2020-11-20
侯马市汇丰建材有限责任公司,600000020,17016666,山西省临汾市侯马市张村街道办事处南庄村汇丰路北,31B0,144060501,临汾,侯马,AC00351,24000.0,山西,347988.0,2020-11-21
侯马市汇丰建材有限责任公司,600000020,17016666,山西省临汾市侯马市张村街道办事处南庄村汇丰路北,31B0,144060501,临汾,侯马,AC00351,24000.0,山西,351916.0,2020-11-22
侯马市汇丰建材有限责任公司,600000020,17016666,山西省临汾市侯马市张村街道办事处南庄村汇丰路北,31B0,144060501,临汾,侯马,AC00351,24000.0,山西,345632.0,2020-11-23
侯马市汇丰建材有限责任公司,600000020,17016666,山西省临汾市侯马市张村街道办事处南庄村汇丰路北,31B0,144060501,临汾,侯马,AC00351,24000.0,山西,238080.0,2020-11-24
侯马市汇丰建材有限责任公司,600000020,17016666,山西省临汾市侯马市张村街道办事处南庄村汇丰路北,31B0,144060501,临汾,侯马,AC00351,24000.0,山西,168504.0,2020-11-25
侯马市汇丰建材有限责任公司,600000020,17016666,山西省临汾市侯马市张村街道办事处南庄村汇丰路北,31B0,144060501,临汾,侯马,AC00351,24000.0,山西,145136.0,2020-11-26
侯马市汇丰建材有限责任公司,600000020,17016666,山西省临汾市侯马市张村街道办事处南庄村汇丰路北,31B0,144060501,临汾,侯马,AC00351,24000.0,山西,960.0,2020-11-27
侯马市汇丰建材有限责任公司,600000020,17016666,山西省临汾市侯马市张村街道办事处南庄村汇丰路北,31B0,144060501,临汾,侯马,AC00351,24000.0,山西,1060.0,2020-11-28
侯马市汇丰建材有限责任公司,600000020,17016666,山西省临汾市侯马市张村街道办事处南庄村汇丰路北,31B0,144060501,临汾,侯马,AC00351,24000.0,山西,1000.0,2020-11-29
侯马市汇丰建材有限责任公司,600000020,17016666,山西省临汾市侯马市张村街道办事处南庄村汇丰路北,31B0,144060501,临汾,侯马,AC00351,24000.0,山西,1220.0,2020-11-30
侯马市汇丰建材有限责任公司,600000020,17016666,山西省临汾市侯马市张村街道办事处南庄村汇丰路北,31B0,144060501,临汾,侯马,AC00351,24000.0,山西,1208.0,2020-12-01
侯马市汇丰建材有限责任公司,600000020,17016666,山西省临汾市侯马市张村街道办事处南庄村汇丰路北,31B0,144060501,临汾,侯马,AC00351,24000.0,山西,1260.0,2020-12-02
侯马市汇丰建材有限责任公司,600000020,17016666,山西省临汾市侯马市张村街道办事处南庄村汇丰路北,31B0,144060501,临汾,侯马,AC00351,24000.0,山西,1280.0,2020-12-03
侯马市汇丰建材有限责任公司,600000020,17016666,山西省临汾市侯马市张村街道办事处南庄村汇丰路北,31B0,144060501,临汾,侯马,AC00351,24000.0,山西,1296.0,2020-12-04
侯马市汇丰建材有限责任公司,600000020,17016666,山西省临汾市侯马市张村街道办事处南庄村汇丰路北,31B0,144060501,临汾,侯马,AC00351,24000.0,山西,1340.01,2020-12-05
侯马市汇丰建材有限责任公司,600000020,17016666,山西省临汾市侯马市张村街道办事处南庄村汇丰路北,31B0,144060501,临汾,侯马,AC00351,24000.0,山西,1048.02,2020-12-06
侯马市汇丰建材有限责任公司,600000020,17016666,山西省临汾市侯马市张村街道办事处南庄村汇丰路北,31B0,144060501,临汾,侯马,AC00351,24000.0,山西,1196.0,2020-12-07
侯马市汇丰建材有限责任公司,600000020,17016666,山西省临汾市侯马市张村街道办事处南庄村汇丰路北,31B0,144060501,临汾,侯马,AC00351,24000.0,山西,1308.0,2020-12-08
潞城市卓越水泥有限责任公司,417915108,1185573337,山西省长治市潞城市史回乡闫李庄村1号,31B0,144041301,长治,客服,AC01101,39500.0,山西,489280.0,2020-07-13
潞城市卓越水泥有限责任公司,417915108,1185573337,山西省长治市潞城市史回乡闫李庄村1号,31B0,144041301,长治,客服,AC01101,39500.0,山西,568920.0,2020-07-18
潞城市卓越水泥有限责任公司,417915108,1185573337,山西省长治市潞城市史回乡闫李庄村1号,31B0,144041301,长治,客服,AC01101,39500.0,山西,574320.0,2020-07-19
潞城市卓越水泥有限责任公司,417915108,1185573337,山西省长治市潞城市史回乡闫李庄村1号,31B0,144041301,长治,客服,AC01101,39500.0,山西,622360.0,2020-08-22
潞城市卓越水泥有限责任公司,417915108,1185573337,山西省长治市潞城市史回乡闫李庄村1号,31B0,144041301,长治,客服,AC01101,39500.0,山西,532000.0,2020-07-23
潞城市卓越水泥有限责任公司,417915108,1185573337,山西省长治市潞城市史回乡闫李庄村1号,31B0,144041301,长治,客服,AC01101,39500.0,山西,588120.0,2020-07-30
潞城市卓越水泥有限责任公司,417915108,1185573337,山西省长治市潞城市史回乡闫李庄村1号,31B0,144041301,长治,客服,AC01101,39500.0,山西,616560.0,2020-09-02
潞城市卓越水泥有限责任公司,417915108,1185573337,山西省长治市潞城市史回乡闫李庄村1号,31B0,144041301,长治,客服,AC01101,39500.0,山西,582960.0,2020-09-25
潞城市卓越水泥有限责任公司,417915108,1185573337,山西省长治市潞城市史回乡闫李庄村1号,31B0,144041301,长治,客服,AC01101,39500.0,山西,486840.0,2020-09-28
潞城市卓越水泥有限责任公司,417915108,1185573337,山西省长治市潞城市史回乡闫李庄村1号,31B0,144041301,长治,客服,AC01101,39500.0,山西,434480.0,2020-09-30
潞城市卓越水泥有限责任公司,417915108,1185573337,山西省长治市潞城市史回乡闫李庄村1号,31B0,144041301,长治,客服,AC01101,39500.0,山西,574840.0,2020-10-07
潞城市卓越水泥有限责任公司,417915108,1185573337,山西省长治市潞城市史回乡闫李庄村1号,31B0,144041301,长治,客服,AC01101,39500.0,山西,572840.0,2020-10-22
潞城市卓越水泥有限责任公司,417915108,1185573337,山西省长治市潞城市史回乡闫李庄村1号,31B0,144041301,长治,客服,AC01101,39500.0,山西,447000.0,2020-10-24
潞城市卓越水泥有限责任公司,417915108,1185573337,山西省长治市潞城市史回乡闫李庄村1号,31B0,144041301,长治,客服,AC01101,39500.0,山西,474320.0,2020-10-26
潞城市卓越水泥有限责任公司,417915108,1185573337,山西省长治市潞城市史回乡闫李庄村1号,31B0,144041301,长治,客服,AC01101,39500.0,山西,574000.0,2020-07-01
潞城市卓越水泥有限责任公司,417915108,1185573337,山西省长治市潞城市史回乡闫李庄村1号,31B0,144041301,长治,客服,AC01101,39500.0,山西,561240.0,2020-07-02
潞城市卓越水泥有限责任公司,417915108,1185573337,山西省长治市潞城市史回乡闫李庄村1号,31B0,144041301,长治,客服,AC01101,39500.0,山西,561000.0,2020-07-03
潞城市卓越水泥有限责任公司,417915108,1185573337,山西省长治市潞城市史回乡闫李庄村1号,31B0,144041301,长治,客服,AC01101,39500.0,山西,589880.0,2020-07-04
潞城市卓越水泥有限责任公司,417915108,1185573337,山西省长治市潞城市史回乡闫李庄村1号,31B0,144041301,长治,客服,AC01101,39500.0,山西,565240.0,2020-07-05
潞城市卓越水泥有限责任公司,417915108,1185573337,山西省长治市潞城市史回乡闫李庄村1号,31B0,144041301,长治,客服,AC01101,39500.0,山西,465960.0,2020-07-06
潞城市卓越水泥有限责任公司,417915108,1185573337,山西省长治市潞城市史回乡闫李庄村1号,31B0,144041301,长治,客服,AC01101,39500.0,山西,490400.0,2020-07-07
潞城市卓越水泥有限责任公司,417915108,1185573337,山西省长治市潞城市史回乡闫李庄村1号,31B0,144041301,长治,客服,AC01101,39500.0,山西,430320.0,2020-07-08
潞城市卓越水泥有限责任公司,417915108,1185573337,山西省长治市潞城市史回乡闫李庄村1号,31B0,144041301,长治,客服,AC01101,39500.0,山西,444480.0,2020-07-10
潞城市卓越水泥有限责任公司,417915108,1185573337,山西省长治市潞城市史回乡闫李庄村1号,31B0,144041301,长治,客服,AC01101,39500.0,山西,530960.0,2020-07-11
潞城市卓越水泥有限责任公司,417915108,1185573337,山西省长治市潞城市史回乡闫李庄村1号,31B0,144041301,长治,客服,AC01101,39500.0,山西,551760.0,2020-07-12
潞城市卓越水泥有限责任公司,417915108,1185573337,山西省长治市潞城市史回乡闫李庄村1号,31B0,144041301,长治,客服,AC01101,39500.0,山西,527160.0,2020-07-14
潞城市卓越水泥有限责任公司,417915108,1185573337,山西省长治市潞城市史回乡闫李庄村1号,31B0,144041301,长治,客服,AC01101,39500.0,山西,559520.0,2020-07-15
潞城市卓越水泥有限责任公司,417915108,1185573337,山西省长治市潞城市史回乡闫李庄村1号,31B0,144041301,长治,客服,AC01101,39500.0,山西,529000.0,2020-07-16
潞城市卓越水泥有限责任公司,417915108,1185573337,山西省长治市潞城市史回乡闫李庄村1号,31B0,144041301,长治,客服,AC01101,39500.0,山西,438800.0,2020-07-17
潞城市卓越水泥有限责任公司,417915108,1185573337,山西省长治市潞城市史回乡闫李庄村1号,31B0,144041301,长治,客服,AC01101,39500.0,山西,566800.0,2020-07-20
潞城市卓越水泥有限责任公司,417915108,1185573337,山西省长治市潞城市史回乡闫李庄村1号,31B0,144041301,长治,客服,AC01101,39500.0,山西,590480.0,2020-07-21
潞城市卓越水泥有限责任公司,417915108,1185573337,山西省长治市潞城市史回乡闫李庄村1号,31B0,144041301,长治,客服,AC01101,39500.0,山西,574480.0,2020-07-22
潞城市卓越水泥有限责任公司,417915108,1185573337,山西省长治市潞城市史回乡闫李庄村1号,31B0,144041301,长治,客服,AC01101,39500.0,山西,439720.0,2020-07-24
潞城市卓越水泥有限责任公司,417915108,1185573337,山西省长治市潞城市史回乡闫李庄村1号,31B0,144041301,长治,客服,AC01101,39500.0,山西,496320.0,2020-07-25
潞城市卓越水泥有限责任公司,417915108,1185573337,山西省长治市潞城市史回乡闫李庄村1号,31B0,144041301,长治,客服,AC01101,39500.0,山西,533720.0,2020-07-26
潞城市卓越水泥有限责任公司,417915108,1185573337,山西省长治市潞城市史回乡闫李庄村1号,31B0,144041301,长治,客服,AC01101,39500.0,山西,585480.0,2020-07-27
潞城市卓越水泥有限责任公司,417915108,1185573337,山西省长治市潞城市史回乡闫李庄村1号,31B0,144041301,长治,客服,AC01101,39500.0,山西,630920.0,2020-07-28
潞城市卓越水泥有限责任公司,417915108,1185573337,山西省长治市潞城市史回乡闫李庄村1号,31B0,144041301,长治,客服,AC01101,39500.0,山西,552680.0,2020-07-29
潞城市卓越水泥有限责任公司,417915108,1185573337,山西省长治市潞城市史回乡闫李庄村1号,31B0,144041301,长治,客服,AC01101,39500.0,山西,602480.0,2020-07-31
潞城市卓越水泥有限责任公司,417915108,1185573337,山西省长治市潞城市史回乡闫李庄村1号,31B0,144041301,长治,客服,AC01101,39500.0,山西,600960.0,2020-08-01
潞城市卓越水泥有限责任公司,417915108,1185573337,山西省长治市潞城市史回乡闫李庄村1号,31B0,144041301,长治,客服,AC01101,39500.0,山西,552160.0,2020-08-02
潞城市卓越水泥有限责任公司,417915108,1185573337,山西省长治市潞城市史回乡闫李庄村1号,31B0,144041301,长治,客服,AC01101,39500.0,山西,527680.0,2020-08-03
潞城市卓越水泥有限责任公司,417915108,1185573337,山西省长治市潞城市史回乡闫李庄村1号,31B0,144041301,长治,客服,AC01101,39500.0,山西,534240.0,2020-08-04
潞城市卓越水泥有限责任公司,417915108,1185573337,山西省长治市潞城市史回乡闫李庄村1号,31B0,144041301,长治,客服,AC01101,39500.0,山西,449120.0,2020-08-05
潞城市卓越水泥有限责任公司,417915108,1185573337,山西省长治市潞城市史回乡闫李庄村1号,31B0,144041301,长治,客服,AC01101,39500.0,山西,75440.0,2020-08-06
潞城市卓越水泥有限责任公司,417915108,1185573337,山西省长治市潞城市史回乡闫李庄村1号,31B0,144041301,长治,客服,AC01101,39500.0,山西,142560.0,2020-08-07
潞城市卓越水泥有限责任公司,417915108,1185573337,山西省长治市潞城市史回乡闫李庄村1号,31B0,144041301,长治,客服,AC01101,39500.0,山西,134640.0,2020-08-08
潞城市卓越水泥有限责任公司,417915108,1185573337,山西省长治市潞城市史回乡闫李庄村1号,31B0,144041301,长治,客服,AC01101,39500.0,山西,114840.0,2020-08-09
潞城市卓越水泥有限责任公司,417915108,1185573337,山西省长治市潞城市史回乡闫李庄村1号,31B0,144041301,长治,客服,AC01101,39500.0,山西,348480.0,2020-08-10
潞城市卓越水泥有限责任公司,417915108,1185573337,山西省长治市潞城市史回乡闫李庄村1号,31B0,144041301,长治,客服,AC01101,39500.0,山西,361680.0,2020-08-11
潞城市卓越水泥有限责任公司,417915108,1185573337,山西省长治市潞城市史回乡闫李庄村1号,31B0,144041301,长治,客服,AC01101,39500.0,山西,382440.0,2020-08-12
潞城市卓越水泥有限责任公司,417915108,1185573337,山西省长治市潞城市史回乡闫李庄村1号,31B0,144041301,长治,客服,AC01101,39500.0,山西,367080.0,2020-08-13
潞城市卓越水泥有限责任公司,417915108,1185573337,山西省长治市潞城市史回乡闫李庄村1号,31B0,144041301,长治,客服,AC01101,39500.0,山西,364440.0,2020-08-14
潞城市卓越水泥有限责任公司,417915108,1185573337,山西省长治市潞城市史回乡闫李庄村1号,31B0,144041301,长治,客服,AC01101,39500.0,山西,521400.0,2020-08-15
潞城市卓越水泥有限责任公司,417915108,1185573337,山西省长治市潞城市史回乡闫李庄村1号,31B0,144041301,长治,客服,AC01101,39500.0,山西,298960.0,2020-08-16
潞城市卓越水泥有限责任公司,417915108,1185573337,山西省长治市潞城市史回乡闫李庄村1号,31B0,144041301,长治,客服,AC01101,39500.0,山西,332320.0,2020-08-17
潞城市卓越水泥有限责任公司,417915108,1185573337,山西省长治市潞城市史回乡闫李庄村1号,31B0,144041301,长治,客服,AC01101,39500.0,山西,608480.0,2020-08-18
潞城市卓越水泥有限责任公司,417915108,1185573337,山西省长治市潞城市史回乡闫李庄村1号,31B0,144041301,长治,客服,AC01101,39500.0,山西,380800.0,2020-08-19
潞城市卓越水泥有限责任公司,417915108,1185573337,山西省长治市潞城市史回乡闫李庄村1号,31B0,144041301,长治,客服,AC01101,39500.0,山西,333920.0,2020-08-20
潞城市卓越水泥有限责任公司,417915108,1185573337,山西省长治市潞城市史回乡闫李庄村1号,31B0,144041301,长治,客服,AC01101,39500.0,山西,535840.0,2020-08-21
潞城市卓越水泥有限责任公司,417915108,1185573337,山西省长治市潞城市史回乡闫李庄村1号,31B0,144041301,长治,客服,AC01101,39500.0,山西,609240.0,2020-08-23
潞城市卓越水泥有限责任公司,417915108,1185573337,山西省长治市潞城市史回乡闫李庄村1号,31B0,144041301,长治,客服,AC01101,39500.0,山西,600200.0,2020-08-24
潞城市卓越水泥有限责任公司,417915108,1185573337,山西省长治市潞城市史回乡闫李庄村1号,31B0,144041301,长治,客服,AC01101,39500.0,山西,617240.0,2020-08-25
潞城市卓越水泥有限责任公司,417915108,1185573337,山西省长治市潞城市史回乡闫李庄村1号,31B0,144041301,长治,客服,AC01101,39500.0,山西,616960.0,2020-08-26
潞城市卓越水泥有限责任公司,417915108,1185573337,山西省长治市潞城市史回乡闫李庄村1号,31B0,144041301,长治,客服,AC01101,39500.0,山西,622600.0,2020-08-27
潞城市卓越水泥有限责任公司,417915108,1185573337,山西省长治市潞城市史回乡闫李庄村1号,31B0,144041301,长治,客服,AC01101,39500.0,山西,603760.0,2020-08-28
潞城市卓越水泥有限责任公司,417915108,1185573337,山西省长治市潞城市史回乡闫李庄村1号,31B0,144041301,长治,客服,AC01101,39500.0,山西,602920.0,2020-08-29
潞城市卓越水泥有限责任公司,417915108,1185573337,山西省长治市潞城市史回乡闫李庄村1号,31B0,144041301,长治,客服,AC01101,39500.0,山西,530960.0,2020-08-30
潞城市卓越水泥有限责任公司,417915108,1185573337,山西省长治市潞城市史回乡闫李庄村1号,31B0,144041301,长治,客服,AC01101,39500.0,山西,595840.0,2020-08-31
潞城市卓越水泥有限责任公司,417915108,1185573337,山西省长治市潞城市史回乡闫李庄村1号,31B0,144041301,长治,客服,AC01101,39500.0,山西,574080.0,2020-09-01
潞城市卓越水泥有限责任公司,417915108,1185573337,山西省长治市潞城市史回乡闫李庄村1号,31B0,144041301,长治,客服,AC01101,39500.0,山西,545600.0,2020-09-03
潞城市卓越水泥有限责任公司,417915108,1185573337,山西省长治市潞城市史回乡闫李庄村1号,31B0,144041301,长治,客服,AC01101,39500.0,山西,380160.0,2020-09-04
潞城市卓越水泥有限责任公司,417915108,1185573337,山西省长治市潞城市史回乡闫李庄村1号,31B0,144041301,长治,客服,AC01101,39500.0,山西,372240.0,2020-09-05
潞城市卓越水泥有限责任公司,417915108,1185573337,山西省长治市潞城市史回乡闫李庄村1号,31B0,144041301,长治,客服,AC01101,39500.0,山西,285120.0,2020-09-06
潞城市卓越水泥有限责任公司,417915108,1185573337,山西省长治市潞城市史回乡闫李庄村1号,31B0,144041301,长治,客服,AC01101,39500.0,山西,364320.0,2020-09-07
潞城市卓越水泥有限责任公司,417915108,1185573337,山西省长治市潞城市史回乡闫李庄村1号,31B0,144041301,长治,客服,AC01101,39500.0,山西,496560.0,2020-09-08
潞城市卓越水泥有限责任公司,417915108,1185573337,山西省长治市潞城市史回乡闫李庄村1号,31B0,144041301,长治,客服,AC01101,39500.0,山西,578880.0,2020-09-09
潞城市卓越水泥有限责任公司,417915108,1185573337,山西省长治市潞城市史回乡闫李庄村1号,31B0,144041301,长治,客服,AC01101,39500.0,山西,593440.0,2020-09-10
潞城市卓越水泥有限责任公司,417915108,1185573337,山西省长治市潞城市史回乡闫李庄村1号,31B0,144041301,长治,客服,AC01101,39500.0,山西,583720.0,2020-09-11
潞城市卓越水泥有限责任公司,417915108,1185573337,山西省长治市潞城市史回乡闫李庄村1号,31B0,144041301,长治,客服,AC01101,39500.0,山西,587440.0,2020-09-12
潞城市卓越水泥有限责任公司,417915108,1185573337,山西省长治市潞城市史回乡闫李庄村1号,31B0,144041301,长治,客服,AC01101,39500.0,山西,596880.0,2020-09-13
潞城市卓越水泥有限责任公司,417915108,1185573337,山西省长治市潞城市史回乡闫李庄村1号,31B0,144041301,长治,客服,AC01101,39500.0,山西,592440.0,2020-09-14
潞城市卓越水泥有限责任公司,417915108,1185573337,山西省长治市潞城市史回乡闫李庄村1号,31B0,144041301,长治,客服,AC01101,39500.0,山西,566200.0,2020-09-15
潞城市卓越水泥有限责任公司,417915108,1185573337,山西省长治市潞城市史回乡闫李庄村1号,31B0,144041301,长治,客服,AC01101,39500.0,山西,598760.0,2020-09-16
潞城市卓越水泥有限责任公司,417915108,1185573337,山西省长治市潞城市史回乡闫李庄村1号,31B0,144041301,长治,客服,AC01101,39500.0,山西,555280.0,2020-09-17
潞城市卓越水泥有限责任公司,417915108,1185573337,山西省长治市潞城市史回乡闫李庄村1号,31B0,144041301,长治,客服,AC01101,39500.0,山西,506280.0,2020-09-18
潞城市卓越水泥有限责任公司,417915108,1185573337,山西省长治市潞城市史回乡闫李庄村1号,31B0,144041301,长治,客服,AC01101,39500.0,山西,517520.0,2020-09-19
潞城市卓越水泥有限责任公司,417915108,1185573337,山西省长治市潞城市史回乡闫李庄村1号,31B0,144041301,长治,客服,AC01101,39500.0,山西,586440.0,2020-09-20
潞城市卓越水泥有限责任公司,417915108,1185573337,山西省长治市潞城市史回乡闫李庄村1号,31B0,144041301,长治,客服,AC01101,39500.0,山西,578880.0,2020-09-21
潞城市卓越水泥有限责任公司,417915108,1185573337,山西省长治市潞城市史回乡闫李庄村1号,31B0,144041301,长治,客服,AC01101,39500.0,山西,604080.0,2020-09-22
潞城市卓越水泥有限责任公司,417915108,1185573337,山西省长治市潞城市史回乡闫李庄村1号,31B0,144041301,长治,客服,AC01101,39500.0,山西,595800.0,2020-09-23
潞城市卓越水泥有限责任公司,417915108,1185573337,山西省长治市潞城市史回乡闫李庄村1号,31B0,144041301,长治,客服,AC01101,39500.0,山西,539680.0,2020-09-24
潞城市卓越水泥有限责任公司,417915108,1185573337,山西省长治市潞城市史回乡闫李庄村1号,31B0,144041301,长治,客服,AC01101,39500.0,山西,572880.0,2020-09-26
潞城市卓越水泥有限责任公司,417915108,1185573337,山西省长治市潞城市史回乡闫李庄村1号,31B0,144041301,长治,客服,AC01101,39500.0,山西,540720.0,2020-09-27
潞城市卓越水泥有限责任公司,417915108,1185573337,山西省长治市潞城市史回乡闫李庄村1号,31B0,144041301,长治,客服,AC01101,39500.0,山西,428800.0,2020-09-29
潞城市卓越水泥有限责任公司,417915108,1185573337,山西省长治市潞城市史回乡闫李庄村1号,31B0,144041301,长治,客服,AC01101,39500.0,山西,440120.0,2020-10-01
潞城市卓越水泥有限责任公司,417915108,1185573337,山西省长治市潞城市史回乡闫李庄村1号,31B0,144041301,长治,客服,AC01101,39500.0,山西,471680.0,2020-10-02
潞城市卓越水泥有限责任公司,417915108,1185573337,山西省长治市潞城市史回乡闫李庄村1号,31B0,144041301,长治,客服,AC01101,39500.0,山西,454400.0,2020-10-03
潞城市卓越水泥有限责任公司,417915108,1185573337,山西省长治市潞城市史回乡闫李庄村1号,31B0,144041301,长治,客服,AC01101,39500.0,山西,483480.0,2020-10-04
潞城市卓越水泥有限责任公司,417915108,1185573337,山西省长治市潞城市史回乡闫李庄村1号,31B0,144041301,长治,客服,AC01101,39500.0,山西,518400.0,2020-10-05
潞城市卓越水泥有限责任公司,417915108,1185573337,山西省长治市潞城市史回乡闫李庄村1号,31B0,144041301,长治,客服,AC01101,39500.0,山西,564320.0,2020-10-06
潞城市卓越水泥有限责任公司,417915108,1185573337,山西省长治市潞城市史回乡闫李庄村1号,31B0,144041301,长治,客服,AC01101,39500.0,山西,554560.0,2020-10-08
潞城市卓越水泥有限责任公司,417915108,1185573337,山西省长治市潞城市史回乡闫李庄村1号,31B0,144041301,长治,客服,AC01101,39500.0,山西,480360.0,2020-10-09
潞城市卓越水泥有限责任公司,417915108,1185573337,山西省长治市潞城市史回乡闫李庄村1号,31B0,144041301,长治,客服,AC01101,39500.0,山西,508480.0,2020-10-10
潞城市卓越水泥有限责任公司,417915108,1185573337,山西省长治市潞城市史回乡闫李庄村1号,31B0,144041301,长治,客服,AC01101,39500.0,山西,553720.0,2020-10-11
潞城市卓越水泥有限责任公司,417915108,1185573337,山西省长治市潞城市史回乡闫李庄村1号,31B0,144041301,长治,客服,AC01101,39500.0,山西,562400.0,2020-10-12
潞城市卓越水泥有限责任公司,417915108,1185573337,山西省长治市潞城市史回乡闫李庄村1号,31B0,144041301,长治,客服,AC01101,39500.0,山西,491320.0,2020-10-13
潞城市卓越水泥有限责任公司,417915108,1185573337,山西省长治市潞城市史回乡闫李庄村1号,31B0,144041301,长治,客服,AC01101,39500.0,山西,493160.0,2020-10-14
潞城市卓越水泥有限责任公司,417915108,1185573337,山西省长治市潞城市史回乡闫李庄村1号,31B0,144041301,长治,客服,AC01101,39500.0,山西,546200.0,2020-10-15
潞城市卓越水泥有限责任公司,417915108,1185573337,山西省长治市潞城市史回乡闫李庄村1号,31B0,144041301,长治,客服,AC01101,39500.0,山西,540800.0,2020-10-16
潞城市卓越水泥有限责任公司,417915108,1185573337,山西省长治市潞城市史回乡闫李庄村1号,31B0,144041301,长治,客服,AC01101,39500.0,山西,583040.0,2020-10-17
潞城市卓越水泥有限责任公司,417915108,1185573337,山西省长治市潞城市史回乡闫李庄村1号,31B0,144041301,长治,客服,AC01101,39500.0,山西,502960.0,2020-10-18
潞城市卓越水泥有限责任公司,417915108,1185573337,山西省长治市潞城市史回乡闫李庄村1号,31B0,144041301,长治,客服,AC01101,39500.0,山西,595240.0,2020-10-19
潞城市卓越水泥有限责任公司,417915108,1185573337,山西省长治市潞城市史回乡闫李庄村1号,31B0,144041301,长治,客服,AC01101,39500.0,山西,576000.0,2020-10-20
潞城市卓越水泥有限责任公司,417915108,1185573337,山西省长治市潞城市史回乡闫李庄村1号,31B0,144041301,长治,客服,AC01101,39500.0,山西,587600.0,2020-10-21
潞城市卓越水泥有限责任公司,417915108,1185573337,山西省长治市潞城市史回乡闫李庄村1号,31B0,144041301,长治,客服,AC01101,39500.0,山西,559000.0,2020-10-23
潞城市卓越水泥有限责任公司,417915108,1185573337,山西省长治市潞城市史回乡闫李庄村1号,31B0,144041301,长治,客服,AC01101,39500.0,山西,585720.0,2020-10-25
潞城市卓越水泥有限责任公司,417915108,1185573337,山西省长治市潞城市史回乡闫李庄村1号,31B0,144041301,长治,客服,AC01101,39500.0,山西,465520.0,2020-10-27
潞城市卓越水泥有限责任公司,417915108,1185573337,山西省长治市潞城市史回乡闫李庄村1号,31B0,144041301,长治,客服,AC01101,39500.0,山西,439600.0,2020-10-28
潞城市卓越水泥有限责任公司,417915108,1185573337,山西省长治市潞城市史回乡闫李庄村1号,31B0,144041301,长治,客服,AC01101,39500.0,山西,444240.0,2020-10-29
潞城市卓越水泥有限责任公司,417915108,1185573337,山西省长治市潞城市史回乡闫李庄村1号,31B0,144041301,长治,客服,AC01101,39500.0,山西,334200.0,2020-10-30
潞城市卓越水泥有限责任公司,417915108,1185573337,山西省长治市潞城市史回乡闫李庄村1号,31B0,144041301,长治,客服,AC01101,39500.0,山西,378480.0,2020-10-31
潞城市卓越水泥有限责任公司,417915108,1185573337,山西省长治市潞城市史回乡闫李庄村1号,31B0,144041301,长治,客服,AC01101,39500.0,山西,582920.0,2020-11-01
潞城市卓越水泥有限责任公司,417915108,1185573337,山西省长治市潞城市史回乡闫李庄村1号,31B0,144041301,长治,客服,AC01101,39500.0,山西,595040.0,2020-11-02
潞城市卓越水泥有限责任公司,417915108,1185573337,山西省长治市潞城市史回乡闫李庄村1号,31B0,144041301,长治,客服,AC01101,39500.0,山西,573920.0,2020-11-03
潞城市卓越水泥有限责任公司,417915108,1185573337,山西省长治市潞城市史回乡闫李庄村1号,31B0,144041301,长治,客服,AC01101,39500.0,山西,558120.0,2020-11-04
潞城市卓越水泥有限责任公司,417915108,1185573337,山西省长治市潞城市史回乡闫李庄村1号,31B0,144041301,长治,客服,AC01101,39500.0,山西,565920.0,2020-11-05
潞城市卓越水泥有限责任公司,417915108,1185573337,山西省长治市潞城市史回乡闫李庄村1号,31B0,144041301,长治,客服,AC01101,39500.0,山西,595640.0,2020-11-06
潞城市卓越水泥有限责任公司,417915108,1185573337,山西省长治市潞城市史回乡闫李庄村1号,31B0,144041301,长治,客服,AC01101,39500.0,山西,598240.0,2020-11-07
潞城市卓越水泥有限责任公司,417915108,1185573337,山西省长治市潞城市史回乡闫李庄村1号,31B0,144041301,长治,客服,AC01101,39500.0,山西,563480.0,2020-11-08
潞城市卓越水泥有限责任公司,417915108,1185573337,山西省长治市潞城市史回乡闫李庄村1号,31B0,144041301,长治,客服,AC01101,39500.0,山西,511440.0,2020-11-09
潞城市卓越水泥有限责任公司,417915108,1185573337,山西省长治市潞城市史回乡闫李庄村1号,31B0,144041301,长治,客服,AC01101,39500.0,山西,517160.0,2020-11-10
潞城市卓越水泥有限责任公司,417915108,1185573337,山西省长治市潞城市史回乡闫李庄村1号,31B0,144041301,长治,客服,AC01101,39500.0,山西,535480.0,2020-11-11
潞城市卓越水泥有限责任公司,417915108,1185573337,山西省长治市潞城市史回乡闫李庄村1号,31B0,144041301,长治,客服,AC01101,39500.0,山西,507680.0,2020-11-12
潞城市卓越水泥有限责任公司,417915108,1185573337,山西省长治市潞城市史回乡闫李庄村1号,31B0,144041301,长治,客服,AC01101,39500.0,山西,494360.0,2020-11-13
潞城市卓越水泥有限责任公司,417915108,1185573337,山西省长治市潞城市史回乡闫李庄村1号,31B0,144041301,长治,客服,AC01101,39500.0,山西,334600.0,2020-11-14
潞城市卓越水泥有限责任公司,417915108,1185573337,山西省长治市潞城市史回乡闫李庄村1号,31B0,144041301,长治,客服,AC01101,39500.0,山西,421760.0,2020-11-15
潞城市卓越水泥有限责任公司,417915108,1185573337,山西省长治市潞城市史回乡闫李庄村1号,31B0,144041301,长治,客服,AC01101,39500.0,山西,429120.0,2020-11-16
潞城市卓越水泥有限责任公司,417915108,1185573337,山西省长治市潞城市史回乡闫李庄村1号,31B0,144041301,长治,客服,AC01101,39500.0,山西,465720.0,2020-11-17
潞城市卓越水泥有限责任公司,417915108,1185573337,山西省长治市潞城市史回乡闫李庄村1号,31B0,144041301,长治,客服,AC01101,39500.0,山西,350320.0,2020-11-18
潞城市卓越水泥有限责任公司,417915108,1185573337,山西省长治市潞城市史回乡闫李庄村1号,31B0,144041301,长治,客服,AC01101,39500.0,山西,593640.0,2020-11-19
潞城市卓越水泥有限责任公司,417915108,1185573337,山西省长治市潞城市史回乡闫李庄村1号,31B0,144041301,长治,客服,AC01101,39500.0,山西,603560.0,2020-11-20
潞城市卓越水泥有限责任公司,417915108,1185573337,山西省长治市潞城市史回乡闫李庄村1号,31B0,144041301,长治,客服,AC01101,39500.0,山西,584840.0,2020-11-21
潞城市卓越水泥有限责任公司,417915108,1185573337,山西省长治市潞城市史回乡闫李庄村1号,31B0,144041301,长治,客服,AC01101,39500.0,山西,596520.0,2020-11-22
潞城市卓越水泥有限责任公司,417915108,1185573337,山西省长治市潞城市史回乡闫李庄村1号,31B0,144041301,长治,客服,AC01101,39500.0,山西,611160.0,2020-11-23
潞城市卓越水泥有限责任公司,417915108,1185573337,山西省长治市潞城市史回乡闫李庄村1号,31B0,144041301,长治,客服,AC01101,39500.0,山西,603280.0,2020-11-24
潞城市卓越水泥有限责任公司,417915108,1185573337,山西省长治市潞城市史回乡闫李庄村1号,31B0,144041301,长治,客服,AC01101,39500.0,山西,620840.0,2020-11-25
潞城市卓越水泥有限责任公司,417915108,1185573337,山西省长治市潞城市史回乡闫李庄村1号,31B0,144041301,长治,客服,AC01101,39500.0,山西,447840.0,2020-11-26
潞城市卓越水泥有限责任公司,417915108,1185573337,山西省长治市潞城市史回乡闫李庄村1号,31B0,144041301,长治,客服,AC01101,39500.0,山西,143200.0,2020-11-27
潞城市卓越水泥有限责任公司,417915108,1185573337,山西省长治市潞城市史回乡闫李庄村1号,31B0,144041301,长治,客服,AC01101,39500.0,山西,125600.0,2020-11-28
潞城市卓越水泥有限责任公司,417915108,1185573337,山西省长治市潞城市史回乡闫李庄村1号,31B0,144041301,长治,客服,AC01101,39500.0,山西,127680.0,2020-11-29
潞城市卓越水泥有限责任公司,417915108,1185573337,山西省长治市潞城市史回乡闫李庄村1号,31B0,144041301,长治,客服,AC01101,39500.0,山西,131200.0,2020-11-30
潞城市卓越水泥有限责任公司,417915108,1185573337,山西省长治市潞城市史回乡闫李庄村1号,31B0,144041301,长治,客服,AC01101,39500.0,山西,136480.0,2020-12-01
潞城市卓越水泥有限责任公司,417915108,1185573337,山西省长治市潞城市史回乡闫李庄村1号,31B0,144041301,长治,客服,AC01101,39500.0,山西,136960.0,2020-12-02
潞城市卓越水泥有限责任公司,417915108,1185573337,山西省长治市潞城市史回乡闫李庄村1号,31B0,144041301,长治,客服,AC01101,39500.0,山西,151200.0,2020-12-03
潞城市卓越水泥有限责任公司,417915108,1185573337,山西省长治市潞城市史回乡闫李庄村1号,31B0,144041301,长治,客服,AC01101,39500.0,山西,154240.02,2020-12-04
潞城市卓越水泥有限责任公司,417915108,1185573337,山西省长治市潞城市史回乡闫李庄村1号,31B0,144041301,长治,客服,AC01101,39500.0,山西,100159.98,2020-12-05
潞城市卓越水泥有限责任公司,417915108,1185573337,山西省长治市潞城市史回乡闫李庄村1号,31B0,144041301,长治,客服,AC01101,39500.0,山西,132480.0,2020-12-06
潞城市卓越水泥有限责任公司,417915108,1185573337,山西省长治市潞城市史回乡闫李庄村1号,31B0,144041301,长治,客服,AC01101,39500.0,山西,145600.0,2020-12-07
潞城市卓越水泥有限责任公司,417915108,1185573337,山西省长治市潞城市史回乡闫李庄村1号,31B0,144041301,长治,客服,AC01101,39500.0,山西,147040.0,2020-12-08
岚县金隅水泥有限责任公司,910865528,1194433984,山西省吕梁市岚县普明镇普明村工业园社区147号,31B0,144090501,吕梁,岚县,AC00101,19470.0,山西,186480.0,2020-11-13
岚县金隅水泥有限责任公司,910865528,1194433984,山西省吕梁市岚县普明镇普明村工业园社区147号,31B0,144090501,吕梁,岚县,AC00101,19470.0,山西,183680.0,2020-11-14
岚县金隅水泥有限责任公司,910865528,1194433984,山西省吕梁市岚县普明镇普明村工业园社区147号,31B0,144090501,吕梁,岚县,AC00101,19470.0,山西,175400.0,2020-11-15
朔州金圆水泥有限责任公司,1010274838,1187024735,山西省朔州市朔城区神头街道神头电建二公司社区居委会神朔路神头镇东神头村北,31B0,144100701,朔州,神头,AC01101,36250.0,山西,147195.0,2020-11-17
岚县金隅水泥有限责任公司,910865528,1194433984,山西省吕梁市岚县普明镇普明村工业园社区147号,31B0,144090501,吕梁,岚县,AC00101,19470.0,山西,166320.0,2020-11-10
朔州金圆水泥有限责任公司,1010274838,1187024735,山西省朔州市朔城区神头街道神头电建二公司社区居委会神朔路神头镇东神头村北,31B0,144100701,朔州,神头,AC01101,36250.0,山西,225735.0,2020-11-10
岚县金隅水泥有限责任公司,910865528,1194433984,山西省吕梁市岚县普明镇普明村工业园社区147号,31B0,144090501,吕梁,岚县,AC00101,19470.0,山西,237400.0,2020-07-25
岚县金隅水泥有限责任公司,910865528,1194433984,山西省吕梁市岚县普明镇普明村工业园社区147号,31B0,144090501,吕梁,岚县,AC00101,19470.0,山西,203640.0,2020-07-02
岚县金隅水泥有限责任公司,910865528,1194433984,山西省吕梁市岚县普明镇普明村工业园社区147号,31B0,144090501,吕梁,岚县,AC00101,19470.0,山西,225200.0,2020-07-03
朔州金圆水泥有限责任公司,1010274838,1187024735,山西省朔州市朔城区神头街道神头电建二公司社区居委会神朔路神头镇东神头村北,31B0,144100701,朔州,神头,AC01101,36250.0,山西,248175.0,2020-08-05
岚县金隅水泥有限责任公司,910865528,1194433984,山西省吕梁市岚县普明镇普明村工业园社区147号,31B0,144090501,吕梁,岚县,AC00101,19470.0,山西,210280.0,2020-09-07
岚县金隅水泥有限责任公司,910865528,1194433984,山西省吕梁市岚县普明镇普明村工业园社区147号,31B0,144090501,吕梁,岚县,AC00101,19470.0,山西,230920.0,2020-07-05
岚县金隅水泥有限责任公司,910865528,1194433984,山西省吕梁市岚县普明镇普明村工业园社区147号,31B0,144090501,吕梁,岚县,AC00101,19470.0,山西,229440.0,2020-07-08
岚县金隅水泥有限责任公司,910865528,1194433984,山西省吕梁市岚县普明镇普明村工业园社区147号,31B0,144090501,吕梁,岚县,AC00101,19470.0,山西,220480.0,2020-07-09
朔州金圆水泥有限责任公司,1010274838,1187024735,山西省朔州市朔城区神头街道神头电建二公司社区居委会神朔路神头镇东神头村北,31B0,144100701,朔州,神头,AC01101,36250.0,山西,319455.0,2020-07-09
朔州金圆水泥有限责任公司,1010274838,1187024735,山西省朔州市朔城区神头街道神头电建二公司社区居委会神朔路神头镇东神头村北,31B0,144100701,朔州,神头,AC01101,36250.0,山西,408540.0,2020-07-11
岚县金隅水泥有限责任公司,910865528,1194433984,山西省吕梁市岚县普明镇普明村工业园社区147号,31B0,144090501,吕梁,岚县,AC00101,19470.0,山西,236560.0,2020-07-01
朔州金圆水泥有限责任公司,1010274838,1187024735,山西省朔州市朔城区神头街道神头电建二公司社区居委会神朔路神头镇东神头村北,31B0,144100701,朔州,神头,AC01101,36250.0,山西,384795.0,2020-07-01
朔州金圆水泥有限责任公司,1010274838,1187024735,山西省朔州市朔城区神头街道神头电建二公司社区居委会神朔路神头镇东神头村北,31B0,144100701,朔州,神头,AC01101,36250.0,山西,439560.0,2020-07-02
朔州金圆水泥有限责任公司,1010274838,1187024735,山西省朔州市朔城区神头街道神头电建二公司社区居委会神朔路神头镇东神头村北,31B0,144100701,朔州,神头,AC01101,36250.0,山西,418455.0,2020-07-03
岚县金隅水泥有限责任公司,910865528,1194433984,山西省吕梁市岚县普明镇普明村工业园社区147号,31B0,144090501,吕梁,岚县,AC00101,19470.0,山西,235040.0,2020-07-04
朔州金圆水泥有限责任公司,1010274838,1187024735,山西省朔州市朔城区神头街道神头电建二公司社区居委会神朔路神头镇东神头村北,31B0,144100701,朔州,神头,AC01101,36250.0,山西,419115.0,2020-07-04
朔州金圆水泥有限责任公司,1010274838,1187024735,山西省朔州市朔城区神头街道神头电建二公司社区居委会神朔路神头镇东神头村北,31B0,144100701,朔州,神头,AC01101,36250.0,山西,417120.0,2020-07-05
岚县金隅水泥有限责任公司,910865528,1194433984,山西省吕梁市岚县普明镇普明村工业园社区147号,31B0,144090501,吕梁,岚县,AC00101,19470.0,山西,216160.0,2020-07-06
朔州金圆水泥有限责任公司,1010274838,1187024735,山西省朔州市朔城区神头街道神头电建二公司社区居委会神朔路神头镇东神头村北,31B0,144100701,朔州,神头,AC01101,36250.0,山西,427695.0,2020-07-06
岚县金隅水泥有限责任公司,910865528,1194433984,山西省吕梁市岚县普明镇普明村工业园社区147号,31B0,144090501,吕梁,岚县,AC00101,19470.0,山西,231320.0,2020-07-07
朔州金圆水泥有限责任公司,1010274838,1187024735,山西省朔州市朔城区神头街道神头电建二公司社区居委会神朔路神头镇东神头村北,31B0,144100701,朔州,神头,AC01101,36250.0,山西,434295.0,2020-07-07
朔州金圆水泥有限责任公司,1010274838,1187024735,山西省朔州市朔城区神头街道神头电建二公司社区居委会神朔路神头镇东神头村北,31B0,144100701,朔州,神头,AC01101,36250.0,山西,367620.0,2020-07-08
朔州金圆水泥有限责任公司,1010274838,1187024735,山西省朔州市朔城区神头街道神头电建二公司社区居委会神朔路神头镇东神头村北,31B0,144100701,朔州,神头,AC01101,36250.0,山西,287775.0,2020-07-10
岚县金隅水泥有限责任公司,910865528,1194433984,山西省吕梁市岚县普明镇普明村工业园社区147号,31B0,144090501,吕梁,岚县,AC00101,19470.0,山西,232440.0,2020-07-10
岚县金隅水泥有限责任公司,910865528,1194433984,山西省吕梁市岚县普明镇普明村工业园社区147号,31B0,144090501,吕梁,岚县,AC00101,19470.0,山西,233360.0,2020-07-11
岚县金隅水泥有限责任公司,910865528,1194433984,山西省吕梁市岚县普明镇普明村工业园社区147号,31B0,144090501,吕梁,岚县,AC00101,19470.0,山西,232240.0,2020-07-12
朔州金圆水泥有限责任公司,1010274838,1187024735,山西省朔州市朔城区神头街道神头电建二公司社区居委会神朔路神头镇东神头村北,31B0,144100701,朔州,神头,AC01101,36250.0,山西,316155.0,2020-07-12
岚县金隅水泥有限责任公司,910865528,1194433984,山西省吕梁市岚县普明镇普明村工业园社区147号,31B0,144090501,吕梁,岚县,AC00101,19470.0,山西,229840.0,2020-07-13
朔州金圆水泥有限责任公司,1010274838,1187024735,山西省朔州市朔城区神头街道神头电建二公司社区居委会神朔路神头镇东神头村北,31B0,144100701,朔州,神头,AC01101,36250.0,山西,322755.0,2020-07-13
朔州金圆水泥有限责任公司,1010274838,1187024735,山西省朔州市朔城区神头街道神头电建二公司社区居委会神朔路神头镇东神头村北,31B0,144100701,朔州,神头,AC01101,36250.0,山西,331320.0,2020-07-14
岚县金隅水泥有限责任公司,910865528,1194433984,山西省吕梁市岚县普明镇普明村工业园社区147号,31B0,144090501,吕梁,岚县,AC00101,19470.0,山西,236960.0,2020-07-14
朔州金圆水泥有限责任公司,1010274838,1187024735,山西省朔州市朔城区神头街道神头电建二公司社区居委会神朔路神头镇东神头村北,31B0,144100701,朔州,神头,AC01101,36250.0,山西,353115.0,2020-07-15
岚县金隅水泥有限责任公司,910865528,1194433984,山西省吕梁市岚县普明镇普明村工业园社区147号,31B0,144090501,吕梁,岚县,AC00101,19470.0,山西,227680.0,2020-07-15
朔州金圆水泥有限责任公司,1010274838,1187024735,山西省朔州市朔城区神头街道神头电建二公司社区居委会神朔路神头镇东神头村北,31B0,144100701,朔州,神头,AC01101,36250.0,山西,337275.0,2020-07-16
岚县金隅水泥有限责任公司,910865528,1194433984,山西省吕梁市岚县普明镇普明村工业园社区147号,31B0,144090501,吕梁,岚县,AC00101,19470.0,山西,229880.0,2020-07-16
岚县金隅水泥有限责任公司,910865528,1194433984,山西省吕梁市岚县普明镇普明村工业园社区147号,31B0,144090501,吕梁,岚县,AC00101,19470.0,山西,243600.0,2020-07-17
朔州金圆水泥有限责任公司,1010274838,1187024735,山西省朔州市朔城区神头街道神头电建二公司社区居委会神朔路神头镇东神头村北,31B0,144100701,朔州,神头,AC01101,36250.0,山西,329340.0,2020-07-17
岚县金隅水泥有限责任公司,910865528,1194433984,山西省吕梁市岚县普明镇普明村工业园社区147号,31B0,144090501,吕梁,岚县,AC00101,19470.0,山西,244080.0,2020-07-18
朔州金圆水泥有限责任公司,1010274838,1187024735,山西省朔州市朔城区神头街道神头电建二公司社区居委会神朔路神头镇东神头村北,31B0,144100701,朔州,神头,AC01101,36250.0,山西,320775.0,2020-07-18
朔州金圆水泥有限责任公司,1010274838,1187024735,山西省朔州市朔城区神头街道神头电建二公司社区居委会神朔路神头镇东神头村北,31B0,144100701,朔州,神头,AC01101,36250.0,山西,349815.0,2020-07-19
岚县金隅水泥有限责任公司,910865528,1194433984,山西省吕梁市岚县普明镇普明村工业园社区147号,31B0,144090501,吕梁,岚县,AC00101,19470.0,山西,225680.0,2020-07-19
朔州金圆水泥有限责任公司,1010274838,1187024735,山西省朔州市朔城区神头街道神头电建二公司社区居委会神朔路神头镇东神头村北,31B0,144100701,朔州,神头,AC01101,36250.0,山西,330000.0,2020-07-20
岚县金隅水泥有限责任公司,910865528,1194433984,山西省吕梁市岚县普明镇普明村工业园社区147号,31B0,144090501,吕梁,岚县,AC00101,19470.0,山西,212720.0,2020-07-20
岚县金隅水泥有限责任公司,910865528,1194433984,山西省吕梁市岚县普明镇普明村工业园社区147号,31B0,144090501,吕梁,岚县,AC00101,19470.0,山西,237360.0,2020-07-21
朔州金圆水泥有限责任公司,1010274838,1187024735,山西省朔州市朔城区神头街道神头电建二公司社区居委会神朔路神头镇东神头村北,31B0,144100701,朔州,神头,AC01101,36250.0,山西,337935.0,2020-07-21
岚县金隅水泥有限责任公司,910865528,1194433984,山西省吕梁市岚县普明镇普明村工业园社区147号,31B0,144090501,吕梁,岚县,AC00101,19470.0,山西,241960.0,2020-07-22
朔州金圆水泥有限责任公司,1010274838,1187024735,山西省朔州市朔城区神头街道神头电建二公司社区居委会神朔路神头镇东神头村北,31B0,144100701,朔州,神头,AC01101,36250.0,山西,330000.0,2020-07-22
朔州金圆水泥有限责任公司,1010274838,1187024735,山西省朔州市朔城区神头街道神头电建二公司社区居委会神朔路神头镇东神头村北,31B0,144100701,朔州,神头,AC01101,36250.0,山西,322755.0,2020-07-23
岚县金隅水泥有限责任公司,910865528,1194433984,山西省吕梁市岚县普明镇普明村工业园社区147号,31B0,144090501,吕梁,岚县,AC00101,19470.0,山西,239560.0,2020-07-23
朔州金圆水泥有限责任公司,1010274838,1187024735,山西省朔州市朔城区神头街道神头电建二公司社区居委会神朔路神头镇东神头村北,31B0,144100701,朔州,神头,AC01101,36250.0,山西,404595.0,2020-07-24
岚县金隅水泥有限责任公司,910865528,1194433984,山西省吕梁市岚县普明镇普明村工业园社区147号,31B0,144090501,吕梁,岚县,AC00101,19470.0,山西,234280.0,2020-07-24
朔州金圆水泥有限责任公司,1010274838,1187024735,山西省朔州市朔城区神头街道神头电建二公司社区居委会神朔路神头镇东神头村北,31B0,144100701,朔州,神头,AC01101,36250.0,山西,422400.0,2020-07-25
朔州金圆水泥有限责任公司,1010274838,1187024735,山西省朔州市朔城区神头街道神头电建二公司社区居委会神朔路神头镇东神头村北,31B0,144100701,朔州,神头,AC01101,36250.0,山西,397995.0,2020-07-26
岚县金隅水泥有限责任公司,910865528,1194433984,山西省吕梁市岚县普明镇普明村工业园社区147号,31B0,144090501,吕梁,岚县,AC00101,19470.0,山西,234720.0,2020-07-26
岚县金隅水泥有限责任公司,910865528,1194433984,山西省吕梁市岚县普明镇普明村工业园社区147号,31B0,144090501,吕梁,岚县,AC00101,19470.0,山西,202120.0,2020-07-27
朔州金圆水泥有限责任公司,1010274838,1187024735,山西省朔州市朔城区神头街道神头电建二公司社区居委会神朔路神头镇东神头村北,31B0,144100701,朔州,神头,AC01101,36250.0,山西,433635.0,2020-07-27
朔州金圆水泥有限责任公司,1010274838,1187024735,山西省朔州市朔城区神头街道神头电建二公司社区居委会神朔路神头镇东神头村北,31B0,144100701,朔州,神头,AC01101,36250.0,山西,438240.0,2020-07-28
岚县金隅水泥有限责任公司,910865528,1194433984,山西省吕梁市岚县普明镇普明村工业园社区147号,31B0,144090501,吕梁,岚县,AC00101,19470.0,山西,178760.0,2020-07-28
岚县金隅水泥有限责任公司,910865528,1194433984,山西省吕梁市岚县普明镇普明村工业园社区147号,31B0,144090501,吕梁,岚县,AC00101,19470.0,山西,220480.0,2020-07-29
朔州金圆水泥有限责任公司,1010274838,1187024735,山西省朔州市朔城区神头街道神头电建二公司社区居委会神朔路神头镇东神头村北,31B0,144100701,朔州,神头,AC01101,36250.0,山西,392055.0,2020-07-29
岚县金隅水泥有限责任公司,910865528,1194433984,山西省吕梁市岚县普明镇普明村工业园社区147号,31B0,144090501,吕梁,岚县,AC00101,19470.0,山西,231400.0,2020-07-30
朔州金圆水泥有限责任公司,1010274838,1187024735,山西省朔州市朔城区神头街道神头电建二公司社区居委会神朔路神头镇东神头村北,31B0,144100701,朔州,神头,AC01101,36250.0,山西,401955.0,2020-07-30
朔州金圆水泥有限责任公司,1010274838,1187024735,山西省朔州市朔城区神头街道神头电建二公司社区居委会神朔路神头镇东神头村北,31B0,144100701,朔州,神头,AC01101,36250.0,山西,420420.0,2020-07-31
岚县金隅水泥有限责任公司,910865528,1194433984,山西省吕梁市岚县普明镇普明村工业园社区147号,31B0,144090501,吕梁,岚县,AC00101,19470.0,山西,232040.0,2020-07-31
朔州金圆水泥有限责任公司,1010274838,1187024735,山西省朔州市朔城区神头街道神头电建二公司社区居委会神朔路神头镇东神头村北,31B0,144100701,朔州,神头,AC01101,36250.0,山西,368955.0,2020-08-01
岚县金隅水泥有限责任公司,910865528,1194433984,山西省吕梁市岚县普明镇普明村工业园社区147号,31B0,144090501,吕梁,岚县,AC00101,19470.0,山西,234200.0,2020-08-01
岚县金隅水泥有限责任公司,910865528,1194433984,山西省吕梁市岚县普明镇普明村工业园社区147号,31B0,144090501,吕梁,岚县,AC00101,19470.0,山西,237280.0,2020-08-02
朔州金圆水泥有限责任公司,1010274838,1187024735,山西省朔州市朔城区神头街道神头电建二公司社区居委会神朔路神头镇东神头村北,31B0,144100701,朔州,神头,AC01101,36250.0,山西,204615.0,2020-08-02
岚县金隅水泥有限责任公司,910865528,1194433984,山西省吕梁市岚县普明镇普明村工业园社区147号,31B0,144090501,吕梁,岚县,AC00101,19470.0,山西,246680.0,2020-08-03
朔州金圆水泥有限责任公司,1010274838,1187024735,山西省朔州市朔城区神头街道神头电建二公司社区居委会神朔路神头镇东神头村北,31B0,144100701,朔州,神头,AC01101,36250.0,山西,245520.0,2020-08-03
朔州金圆水泥有限责任公司,1010274838,1187024735,山西省朔州市朔城区神头街道神头电建二公司社区居委会神朔路神头镇东神头村北,31B0,144100701,朔州,神头,AC01101,36250.0,山西,248175.0,2020-08-04
岚县金隅水泥有限责任公司,910865528,1194433984,山西省吕梁市岚县普明镇普明村工业园社区147号,31B0,144090501,吕梁,岚县,AC00101,19470.0,山西,241600.0,2020-08-04
岚县金隅水泥有限责任公司,910865528,1194433984,山西省吕梁市岚县普明镇普明村工业园社区147号,31B0,144090501,吕梁,岚县,AC00101,19470.0,山西,239800.0,2020-08-05
岚县金隅水泥有限责任公司,910865528,1194433984,山西省吕梁市岚县普明镇普明村工业园社区147号,31B0,144090501,吕梁,岚县,AC00101,19470.0,山西,235480.0,2020-08-06
朔州金圆水泥有限责任公司,1010274838,1187024735,山西省朔州市朔城区神头街道神头电建二公司社区居委会神朔路神头镇东神头村北,31B0,144100701,朔州,神头,AC01101,36250.0,山西,238260.0,2020-08-06
岚县金隅水泥有限责任公司,910865528,1194433984,山西省吕梁市岚县普明镇普明村工业园社区147号,31B0,144090501,吕梁,岚县,AC00101,19470.0,山西,220920.0,2020-08-07
朔州金圆水泥有限责任公司,1010274838,1187024735,山西省朔州市朔城区神头街道神头电建二公司社区居委会神朔路神头镇东神头村北,31B0,144100701,朔州,神头,AC01101,36250.0,山西,246195.0,2020-08-07
岚县金隅水泥有限责任公司,910865528,1194433984,山西省吕梁市岚县普明镇普明村工业园社区147号,31B0,144090501,吕梁,岚县,AC00101,19470.0,山西,207240.0,2020-08-08
朔州金圆水泥有限责任公司,1010274838,1187024735,山西省朔州市朔城区神头街道神头电建二公司社区居委会神朔路神头镇东神头村北,31B0,144100701,朔州,神头,AC01101,36250.0,山西,238935.0,2020-08-08
朔州金圆水泥有限责任公司,1010274838,1187024735,山西省朔州市朔城区神头街道神头电建二公司社区居委会神朔路神头镇东神头村北,31B0,144100701,朔州,神头,AC01101,36250.0,山西,245520.0,2020-08-09
岚县金隅水泥有限责任公司,910865528,1194433984,山西省吕梁市岚县普明镇普明村工业园社区147号,31B0,144090501,吕梁,岚县,AC00101,19470.0,山西,193240.0,2020-08-09
岚县金隅水泥有限责任公司,910865528,1194433984,山西省吕梁市岚县普明镇普明村工业园社区147号,31B0,144090501,吕梁,岚县,AC00101,19470.0,山西,218880.0,2020-08-10
朔州金圆水泥有限责任公司,1010274838,1187024735,山西省朔州市朔城区神头街道神头电建二公司社区居委会神朔路神头镇东神头村北,31B0,144100701,朔州,神头,AC01101,36250.0,山西,98325.0,2020-08-10
岚县金隅水泥有限责任公司,910865528,1194433984,山西省吕梁市岚县普明镇普明村工业园社区147号,31B0,144090501,吕梁,岚县,AC00101,19470.0,山西,163480.0,2020-08-11
朔州金圆水泥有限责任公司,1010274838,1187024735,山西省朔州市朔城区神头街道神头电建二公司社区居委会神朔路神头镇东神头村北,31B0,144100701,朔州,神头,AC01101,36250.0,山西,252135.0,2020-08-11
岚县金隅水泥有限责任公司,910865528,1194433984,山西省吕梁市岚县普明镇普明村工业园社区147号,31B0,144090501,吕梁,岚县,AC00101,19470.0,山西,97880.0,2020-08-12
朔州金圆水泥有限责任公司,1010274838,1187024735,山西省朔州市朔城区神头街道神头电建二公司社区居委会神朔路神头镇东神头村北,31B0,144100701,朔州,神头,AC01101,36250.0,山西,250155.0,2020-08-12
岚县金隅水泥有限责任公司,910865528,1194433984,山西省吕梁市岚县普明镇普明村工业园社区147号,31B0,144090501,吕梁,岚县,AC00101,19470.0,山西,85080.0,2020-08-13
朔州金圆水泥有限责任公司,1010274838,1187024735,山西省朔州市朔城区神头街道神头电建二公司社区居委会神朔路神头镇东神头村北,31B0,144100701,朔州,神头,AC01101,36250.0,山西,231000.0,2020-08-13
岚县金隅水泥有限责任公司,910865528,1194433984,山西省吕梁市岚县普明镇普明村工业园社区147号,31B0,144090501,吕梁,岚县,AC00101,19470.0,山西,113800.0,2020-08-14
朔州金圆水泥有限责任公司,1010274838,1187024735,山西省朔州市朔城区神头街道神头电建二公司社区居委会神朔路神头镇东神头村北,31B0,144100701,朔州,神头,AC01101,36250.0,山西,269955.0,2020-08-14
朔州金圆水泥有限责任公司,1010274838,1187024735,山西省朔州市朔城区神头街道神头电建二公司社区居委会神朔路神头镇东神头村北,31B0,144100701,朔州,神头,AC01101,36250.0,山西,255435.0,2020-08-15
岚县金隅水泥有限责任公司,910865528,1194433984,山西省吕梁市岚县普明镇普明村工业园社区147号,31B0,144090501,吕梁,岚县,AC00101,19470.0,山西,90480.0,2020-08-15
朔州金圆水泥有限责任公司,1010274838,1187024735,山西省朔州市朔城区神头街道神头电建二公司社区居委会神朔路神头镇东神头村北,31B0,144100701,朔州,神头,AC01101,36250.0,山西,371580.0,2020-08-16
岚县金隅水泥有限责任公司,910865528,1194433984,山西省吕梁市岚县普明镇普明村工业园社区147号,31B0,144090501,吕梁,岚县,AC00101,19470.0,山西,109760.0,2020-08-16
朔州金圆水泥有限责任公司,1010274838,1187024735,山西省朔州市朔城区神头街道神头电建二公司社区居委会神朔路神头镇东神头村北,31B0,144100701,朔州,神头,AC01101,36250.0,山西,444855.0,2020-08-17
岚县金隅水泥有限责任公司,910865528,1194433984,山西省吕梁市岚县普明镇普明村工业园社区147号,31B0,144090501,吕梁,岚县,AC00101,19470.0,山西,107640.0,2020-08-17
朔州金圆水泥有限责任公司,1010274838,1187024735,山西省朔州市朔城区神头街道神头电建二公司社区居委会神朔路神头镇东神头村北,31B0,144100701,朔州,神头,AC01101,36250.0,山西,406575.0,2020-08-18
岚县金隅水泥有限责任公司,910865528,1194433984,山西省吕梁市岚县普明镇普明村工业园社区147号,31B0,144090501,吕梁,岚县,AC00101,19470.0,山西,104120.0,2020-08-19
岚县金隅水泥有限责任公司,910865528,1194433984,山西省吕梁市岚县普明镇普明村工业园社区147号,31B0,144090501,吕梁,岚县,AC00101,19470.0,山西,64760.0,2020-08-18
朔州金圆水泥有限责任公司,1010274838,1187024735,山西省朔州市朔城区神头街道神头电建二公司社区居委会神朔路神头镇东神头村北,31B0,144100701,朔州,神头,AC01101,36250.0,山西,390720.0,2020-08-19
朔州金圆水泥有限责任公司,1010274838,1187024735,山西省朔州市朔城区神头街道神头电建二公司社区居委会神朔路神头镇东神头村北,31B0,144100701,朔州,神头,AC01101,36250.0,山西,390075.0,2020-08-20
岚县金隅水泥有限责任公司,910865528,1194433984,山西省吕梁市岚县普明镇普明村工业园社区147号,31B0,144090501,吕梁,岚县,AC00101,19470.0,山西,61000.0,2020-08-20
岚县金隅水泥有限责任公司,910865528,1194433984,山西省吕梁市岚县普明镇普明村工业园社区147号,31B0,144090501,吕梁,岚县,AC00101,19470.0,山西,101800.0,2020-08-21
朔州金圆水泥有限责任公司,1010274838,1187024735,山西省朔州市朔城区神头街道神头电建二公司社区居委会神朔路神头镇东神头村北,31B0,144100701,朔州,神头,AC01101,36250.0,山西,382155.0,2020-08-21
岚县金隅水泥有限责任公司,910865528,1194433984,山西省吕梁市岚县普明镇普明村工业园社区147号,31B0,144090501,吕梁,岚县,AC00101,19470.0,山西,184280.0,2020-08-22
朔州金圆水泥有限责任公司,1010274838,1187024735,山西省朔州市朔城区神头街道神头电建二公司社区居委会神朔路神头镇东神头村北,31B0,144100701,朔州,神头,AC01101,36250.0,山西,408540.0,2020-08-22
朔州金圆水泥有限责任公司,1010274838,1187024735,山西省朔州市朔城区神头街道神头电建二公司社区居委会神朔路神头镇东神头村北,31B0,144100701,朔州,神头,AC01101,36250.0,山西,372255.0,2020-08-23
岚县金隅水泥有限责任公司,910865528,1194433984,山西省吕梁市岚县普明镇普明村工业园社区147号,31B0,144090501,吕梁,岚县,AC00101,19470.0,山西,226320.0,2020-08-23
朔州金圆水泥有限责任公司,1010274838,1187024735,山西省朔州市朔城区神头街道神头电建二公司社区居委会神朔路神头镇东神头村北,31B0,144100701,朔州,神头,AC01101,36250.0,山西,392715.0,2020-08-24
岚县金隅水泥有限责任公司,910865528,1194433984,山西省吕梁市岚县普明镇普明村工业园社区147号,31B0,144090501,吕梁,岚县,AC00101,19470.0,山西,169800.0,2020-08-24
朔州金圆水泥有限责任公司,1010274838,1187024735,山西省朔州市朔城区神头街道神头电建二公司社区居委会神朔路神头镇东神头村北,31B0,144100701,朔州,神头,AC01101,36250.0,山西,278520.0,2020-08-25
岚县金隅水泥有限责任公司,910865528,1194433984,山西省吕梁市岚县普明镇普明村工业园社区147号,31B0,144090501,吕梁,岚县,AC00101,19470.0,山西,184000.0,2020-08-25
朔州金圆水泥有限责任公司,1010274838,1187024735,山西省朔州市朔城区神头街道神头电建二公司社区居委会神朔路神头镇东神头村北,31B0,144100701,朔州,神头,AC01101,36250.0,山西,392715.0,2020-08-26
岚县金隅水泥有限责任公司,910865528,1194433984,山西省吕梁市岚县普明镇普明村工业园社区147号,31B0,144090501,吕梁,岚县,AC00101,19470.0,山西,184520.0,2020-08-26
岚县金隅水泥有限责任公司,910865528,1194433984,山西省吕梁市岚县普明镇普明村工业园社区147号,31B0,144090501,吕梁,岚县,AC00101,19470.0,山西,182080.0,2020-08-27
朔州金圆水泥有限责任公司,1010274838,1187024735,山西省朔州市朔城区神头街道神头电建二公司社区居委会神朔路神头镇东神头村北,31B0,144100701,朔州,神头,AC01101,36250.0,山西,429660.0,2020-08-27
岚县金隅水泥有限责任公司,910865528,1194433984,山西省吕梁市岚县普明镇普明村工业园社区147号,31B0,144090501,吕梁,岚县,AC00101,19470.0,山西,217720.0,2020-08-28
朔州金圆水泥有限责任公司,1010274838,1187024735,山西省朔州市朔城区神头街道神头电建二公司社区居委会神朔路神头镇东神头村北,31B0,144100701,朔州,神头,AC01101,36250.0,山西,377535.0,2020-08-28
岚县金隅水泥有限责任公司,910865528,1194433984,山西省吕梁市岚县普明镇普明村工业园社区147号,31B0,144090501,吕梁,岚县,AC00101,19470.0,山西,219960.0,2020-08-29
朔州金圆水泥有限责任公司,1010274838,1187024735,山西省朔州市朔城区神头街道神头电建二公司社区居委会神朔路神头镇东神头村北,31B0,144100701,朔州,神头,AC01101,36250.0,山西,410535.0,2020-08-29
岚县金隅水泥有限责任公司,910865528,1194433984,山西省吕梁市岚县普明镇普明村工业园社区147号,31B0,144090501,吕梁,岚县,AC00101,19470.0,山西,209680.0,2020-08-30
朔州金圆水泥有限责任公司,1010274838,1187024735,山西省朔州市朔城区神头街道神头电建二公司社区居委会神朔路神头镇东神头村北,31B0,144100701,朔州,神头,AC01101,36250.0,山西,322740.0,2020-08-30
岚县金隅水泥有限责任公司,910865528,1194433984,山西省吕梁市岚县普明镇普明村工业园社区147号,31B0,144090501,吕梁,岚县,AC00101,19470.0,山西,211320.0,2020-08-31
朔州金圆水泥有限责任公司,1010274838,1187024735,山西省朔州市朔城区神头街道神头电建二公司社区居委会神朔路神头镇东神头村北,31B0,144100701,朔州,神头,AC01101,36250.0,山西,330675.0,2020-08-31
朔州金圆水泥有限责任公司,1010274838,1187024735,山西省朔州市朔城区神头街道神头电建二公司社区居委会神朔路神头镇东神头村北,31B0,144100701,朔州,神头,AC01101,36250.0,山西,415155.0,2020-09-01
岚县金隅水泥有限责任公司,910865528,1194433984,山西省吕梁市岚县普明镇普明村工业园社区147号,31B0,144090501,吕梁,岚县,AC00101,19470.0,山西,282694.95,2020-09-01
朔州金圆水泥有限责任公司,1010274838,1187024735,山西省朔州市朔城区神头街道神头电建二公司社区居委会神朔路神头镇东神头村北,31B0,144100701,朔州,神头,AC01101,36250.0,山西,411840.0,2020-09-02
岚县金隅水泥有限责任公司,910865528,1194433984,山西省吕梁市岚县普明镇普明村工业园社区147号,31B0,144090501,吕梁,岚县,AC00101,19470.0,山西,289633.35,2020-09-02
岚县金隅水泥有限责任公司,910865528,1194433984,山西省吕梁市岚县普明镇普明村工业园社区147号,31B0,144090501,吕梁,岚县,AC00101,19470.0,山西,201960.0,2020-09-03
朔州金圆水泥有限责任公司,1010274838,1187024735,山西省朔州市朔城区神头街道神头电建二公司社区居委会神朔路神头镇东神头村北,31B0,144100701,朔州,神头,AC01101,36250.0,山西,384135.0,2020-09-03
朔州金圆水泥有限责任公司,1010274838,1187024735,山西省朔州市朔城区神头街道神头电建二公司社区居委会神朔路神头镇东神头村北,31B0,144100701,朔州,神头,AC01101,36250.0,山西,437595.0,2020-09-04
岚县金隅水泥有限责任公司,910865528,1194433984,山西省吕梁市岚县普明镇普明村工业园社区147号,31B0,144090501,吕梁,岚县,AC00101,19470.0,山西,222880.0,2020-09-04
岚县金隅水泥有限责任公司,910865528,1194433984,山西省吕梁市岚县普明镇普明村工业园社区147号,31B0,144090501,吕梁,岚县,AC00101,19470.0,山西,203400.0,2020-09-05
朔州金圆水泥有限责任公司,1010274838,1187024735,山西省朔州市朔城区神头街道神头电建二公司社区居委会神朔路神头镇东神头村北,31B0,144100701,朔州,神头,AC01101,36250.0,山西,408540.0,2020-09-05
朔州金圆水泥有限责任公司,1010274838,1187024735,山西省朔州市朔城区神头街道神头电建二公司社区居委会神朔路神头镇东神头村北,31B0,144100701,朔州,神头,AC01101,36250.0,山西,432975.0,2020-09-06
岚县金隅水泥有限责任公司,910865528,1194433984,山西省吕梁市岚县普明镇普明村工业园社区147号,31B0,144090501,吕梁,岚县,AC00101,19470.0,山西,195120.0,2020-09-06
朔州金圆水泥有限责任公司,1010274838,1187024735,山西省朔州市朔城区神头街道神头电建二公司社区居委会神朔路神头镇东神头村北,31B0,144100701,朔州,神头,AC01101,36250.0,山西,415155.0,2020-09-07
岚县金隅水泥有限责任公司,910865528,1194433984,山西省吕梁市岚县普明镇普明村工业园社区147号,31B0,144090501,吕梁,岚县,AC00101,19470.0,山西,224440.0,2020-09-08
朔州金圆水泥有限责任公司,1010274838,1187024735,山西省朔州市朔城区神头街道神头电建二公司社区居委会神朔路神头镇东神头村北,31B0,144100701,朔州,神头,AC01101,36250.0,山西,388740.0,2020-09-08
岚县金隅水泥有限责任公司,910865528,1194433984,山西省吕梁市岚县普明镇普明村工业园社区147号,31B0,144090501,吕梁,岚县,AC00101,19470.0,山西,220760.0,2020-09-09
朔州金圆水泥有限责任公司,1010274838,1187024735,山西省朔州市朔城区神头街道神头电建二公司社区居委会神朔路神头镇东神头村北,31B0,144100701,朔州,神头,AC01101,36250.0,山西,398655.0,2020-09-09
岚县金隅水泥有限责任公司,910865528,1194433984,山西省吕梁市岚县普明镇普明村工业园社区147号,31B0,144090501,吕梁,岚县,AC00101,19470.0,山西,186840.0,2020-09-10
朔州金圆水泥有限责任公司,1010274838,1187024735,山西省朔州市朔城区神头街道神头电建二公司社区居委会神朔路神头镇东神头村北,31B0,144100701,朔州,神头,AC01101,36250.0,山西,411855.0,2020-09-10
岚县金隅水泥有限责任公司,910865528,1194433984,山西省吕梁市岚县普明镇普明村工业园社区147号,31B0,144090501,吕梁,岚县,AC00101,19470.0,山西,223480.0,2020-09-11
朔州金圆水泥有限责任公司,1010274838,1187024735,山西省朔州市朔城区神头街道神头电建二公司社区居委会神朔路神头镇东神头村北,31B0,144100701,朔州,神头,AC01101,36250.0,山西,403260.0,2020-09-11
朔州金圆水泥有限责任公司,1010274838,1187024735,山西省朔州市朔城区神头街道神头电建二公司社区居委会神朔路神头镇东神头村北,31B0,144100701,朔州,神头,AC01101,36250.0,山西,394035.0,2020-09-12
岚县金隅水泥有限责任公司,910865528,1194433984,山西省吕梁市岚县普明镇普明村工业园社区147号,31B0,144090501,吕梁,岚县,AC00101,19470.0,山西,207040.0,2020-09-12
岚县金隅水泥有限责任公司,910865528,1194433984,山西省吕梁市岚县普明镇普明村工业园社区147号,31B0,144090501,吕梁,岚县,AC00101,19470.0,山西,226600.0,2020-09-13
朔州金圆水泥有限责任公司,1010274838,1187024735,山西省朔州市朔城区神头街道神头电建二公司社区居委会神朔路神头镇东神头村北,31B0,144100701,朔州,神头,AC01101,36250.0,山西,406575.0,2020-09-13
朔州金圆水泥有限责任公司,1010274838,1187024735,山西省朔州市朔城区神头街道神头电建二公司社区居委会神朔路神头镇东神头村北,31B0,144100701,朔州,神头,AC01101,36250.0,山西,410520.0,2020-09-14
岚县金隅水泥有限责任公司,910865528,1194433984,山西省吕梁市岚县普明镇普明村工业园社区147号,31B0,144090501,吕梁,岚县,AC00101,19470.0,山西,224120.0,2020-09-14
岚县金隅水泥有限责任公司,910865528,1194433984,山西省吕梁市岚县普明镇普明村工业园社区147号,31B0,144090501,吕梁,岚县,AC00101,19470.0,山西,193600.0,2020-09-15
朔州金圆水泥有限责任公司,1010274838,1187024735,山西省朔州市朔城区神头街道神头电建二公司社区居委会神朔路神头镇东神头村北,31B0,144100701,朔州,神头,AC01101,36250.0,山西,409215.0,2020-09-15
朔州金圆水泥有限责任公司,1010274838,1187024735,山西省朔州市朔城区神头街道神头电建二公司社区居委会神朔路神头镇东神头村北,31B0,144100701,朔州,神头,AC01101,36250.0,山西,395355.0,2020-09-16
岚县金隅水泥有限责任公司,910865528,1194433984,山西省吕梁市岚县普明镇普明村工业园社区147号,31B0,144090501,吕梁,岚县,AC00101,19470.0,山西,183920.0,2020-09-16
岚县金隅水泥有限责任公司,910865528,1194433984,山西省吕梁市岚县普明镇普明村工业园社区147号,31B0,144090501,吕梁,岚县,AC00101,19470.0,山西,220360.0,2020-09-17
朔州金圆水泥有限责任公司,1010274838,1187024735,山西省朔州市朔城区神头街道神头电建二公司社区居委会神朔路神头镇东神头村北,31B0,144100701,朔州,神头,AC01101,36250.0,山西,421080.0,2020-09-17
岚县金隅水泥有限责任公司,910865528,1194433984,山西省吕梁市岚县普明镇普明村工业园社区147号,31B0,144090501,吕梁,岚县,AC00101,19470.0,山西,225840.0,2020-09-18
朔州金圆水泥有限责任公司,1010274838,1187024735,山西省朔州市朔城区神头街道神头电建二公司社区居委会神朔路神头镇东神头村北,31B0,144100701,朔州,神头,AC01101,36250.0,山西,407895.0,2020-09-18
岚县金隅水泥有限责任公司,910865528,1194433984,山西省吕梁市岚县普明镇普明村工业园社区147号,31B0,144090501,吕梁,岚县,AC00101,19470.0,山西,227640.0,2020-09-19
朔州金圆水泥有限责任公司,1010274838,1187024735,山西省朔州市朔城区神头街道神头电建二公司社区居委会神朔路神头镇东神头村北,31B0,144100701,朔州,神头,AC01101,36250.0,山西,405915.0,2020-09-19
岚县金隅水泥有限责任公司,910865528,1194433984,山西省吕梁市岚县普明镇普明村工业园社区147号,31B0,144090501,吕梁,岚县,AC00101,19470.0,山西,226960.0,2020-09-20
朔州金圆水泥有限责任公司,1010274838,1187024735,山西省朔州市朔城区神头街道神头电建二公司社区居委会神朔路神头镇东神头村北,31B0,144100701,朔州,神头,AC01101,36250.0,山西,414480.0,2020-09-20
朔州金圆水泥有限责任公司,1010274838,1187024735,山西省朔州市朔城区神头街道神头电建二公司社区居委会神朔路神头镇东神头村北,31B0,144100701,朔州,神头,AC01101,36250.0,山西,423075.0,2020-09-21
岚县金隅水泥有限责任公司,910865528,1194433984,山西省吕梁市岚县普明镇普明村工业园社区147号,31B0,144090501,吕梁,岚县,AC00101,19470.0,山西,120840.0,2020-09-21
岚县金隅水泥有限责任公司,910865528,1194433984,山西省吕梁市岚县普明镇普明村工业园社区147号,31B0,144090501,吕梁,岚县,AC00101,19470.0,山西,109440.0,2020-09-22
朔州金圆水泥有限责任公司,1010274838,1187024735,山西省朔州市朔城区神头街道神头电建二公司社区居委会神朔路神头镇东神头村北,31B0,144100701,朔州,神头,AC01101,36250.0,山西,407895.0,2020-09-22
朔州金圆水泥有限责任公司,1010274838,1187024735,山西省朔州市朔城区神头街道神头电建二公司社区居委会神朔路神头镇东神头村北,31B0,144100701,朔州,神头,AC01101,36250.0,山西,430320.0,2020-09-23
岚县金隅水泥有限责任公司,910865528,1194433984,山西省吕梁市岚县普明镇普明村工业园社区147号,31B0,144090501,吕梁,岚县,AC00101,19470.0,山西,92360.0,2020-09-23
岚县金隅水泥有限责任公司,910865528,1194433984,山西省吕梁市岚县普明镇普明村工业园社区147号,31B0,144090501,吕梁,岚县,AC00101,19470.0,山西,93720.0,2020-09-24
朔州金圆水泥有限责任公司,1010274838,1187024735,山西省朔州市朔城区神头街道神头电建二公司社区居委会神朔路神头镇东神头村北,31B0,144100701,朔州,神头,AC01101,36250.0,山西,435615.0,2020-09-24
岚县金隅水泥有限责任公司,910865528,1194433984,山西省吕梁市岚县普明镇普明村工业园社区147号,31B0,144090501,吕梁,岚县,AC00101,19470.0,山西,83520.0,2020-09-25
朔州金圆水泥有限责任公司,1010274838,1187024735,山西省朔州市朔城区神头街道神头电建二公司社区居委会神朔路神头镇东神头村北,31B0,144100701,朔州,神头,AC01101,36250.0,山西,450795.0,2020-09-25
岚县金隅水泥有限责任公司,910865528,1194433984,山西省吕梁市岚县普明镇普明村工业园社区147号,31B0,144090501,吕梁,岚县,AC00101,19470.0,山西,96360.0,2020-09-26
朔州金圆水泥有限责任公司,1010274838,1187024735,山西省朔州市朔城区神头街道神头电建二公司社区居委会神朔路神头镇东神头村北,31B0,144100701,朔州,神头,AC01101,36250.0,山西,390060.0,2020-09-26
朔州金圆水泥有限责任公司,1010274838,1187024735,山西省朔州市朔城区神头街道神头电建二公司社区居委会神朔路神头镇东神头村北,31B0,144100701,朔州,神头,AC01101,36250.0,山西,366315.0,2020-09-27
岚县金隅水泥有限责任公司,910865528,1194433984,山西省吕梁市岚县普明镇普明村工业园社区147号,31B0,144090501,吕梁,岚县,AC00101,19470.0,山西,109120.0,2020-09-27
岚县金隅水泥有限责任公司,910865528,1194433984,山西省吕梁市岚县普明镇普明村工业园社区147号,31B0,144090501,吕梁,岚县,AC00101,19470.0,山西,108800.0,2020-09-28
朔州金圆水泥有限责任公司,1010274838,1187024735,山西省朔州市朔城区神头街道神头电建二公司社区居委会神朔路神头镇东神头村北,31B0,144100701,朔州,神头,AC01101,36250.0,山西,395340.0,2020-09-28
岚县金隅水泥有限责任公司,910865528,1194433984,山西省吕梁市岚县普明镇普明村工业园社区147号,31B0,144090501,吕梁,岚县,AC00101,19470.0,山西,108320.0,2020-09-29
朔州金圆水泥有限责任公司,1010274838,1187024735,山西省朔州市朔城区神头街道神头电建二公司社区居委会神朔路神头镇东神头村北,31B0,144100701,朔州,神头,AC01101,36250.0,山西,389415.0,2020-09-29
朔州金圆水泥有限责任公司,1010274838,1187024735,山西省朔州市朔城区神头街道神头电建二公司社区居委会神朔路神头镇东神头村北,31B0,144100701,朔州,神头,AC01101,36250.0,山西,303615.0,2020-09-30
岚县金隅水泥有限责任公司,910865528,1194433984,山西省吕梁市岚县普明镇普明村工业园社区147号,31B0,144090501,吕梁,岚县,AC00101,19470.0,山西,107840.0,2020-09-30
岚县金隅水泥有限责任公司,910865528,1194433984,山西省吕梁市岚县普明镇普明村工业园社区147号,31B0,144090501,吕梁,岚县,AC00101,19470.0,山西,215880.0,2020-10-01
朔州金圆水泥有限责任公司,1010274838,1187024735,山西省朔州市朔城区神头街道神头电建二公司社区居委会神朔路神头镇东神头村北,31B0,144100701,朔州,神头,AC01101,36250.0,山西,334620.0,2020-10-01
岚县金隅水泥有限责任公司,910865528,1194433984,山西省吕梁市岚县普明镇普明村工业园社区147号,31B0,144090501,吕梁,岚县,AC00101,19470.0,山西,188280.0,2020-10-02
朔州金圆水泥有限责任公司,1010274838,1187024735,山西省朔州市朔城区神头街道神头电建二公司社区居委会神朔路神头镇东神头村北,31B0,144100701,朔州,神头,AC01101,36250.0,山西,400635.0,2020-10-02
岚县金隅水泥有限责任公司,910865528,1194433984,山西省吕梁市岚县普明镇普明村工业园社区147号,31B0,144090501,吕梁,岚县,AC00101,19470.0,山西,188440.0,2020-10-03
朔州金圆水泥有限责任公司,1010274838,1187024735,山西省朔州市朔城区神头街道神头电建二公司社区居委会神朔路神头镇东神头村北,31B0,144100701,朔州,神头,AC01101,36250.0,山西,394695.0,2020-10-03
岚县金隅水泥有限责任公司,910865528,1194433984,山西省吕梁市岚县普明镇普明村工业园社区147号,31B0,144090501,吕梁,岚县,AC00101,19470.0,山西,217400.0,2020-10-04
朔州金圆水泥有限责任公司,1010274838,1187024735,山西省朔州市朔城区神头街道神头电建二公司社区居委会神朔路神头镇东神头村北,31B0,144100701,朔州,神头,AC01101,36250.0,山西,382800.0,2020-10-04
朔州金圆水泥有限责任公司,1010274838,1187024735,山西省朔州市朔城区神头街道神头电建二公司社区居委会神朔路神头镇东神头村北,31B0,144100701,朔州,神头,AC01101,36250.0,山西,403275.0,2020-10-05
岚县金隅水泥有限责任公司,910865528,1194433984,山西省吕梁市岚县普明镇普明村工业园社区147号,31B0,144090501,吕梁,岚县,AC00101,19470.0,山西,216880.0,2020-10-05
岚县金隅水泥有限责任公司,910865528,1194433984,山西省吕梁市岚县普明镇普明村工业园社区147号,31B0,144090501,吕梁,岚县,AC00101,19470.0,山西,192800.0,2020-10-06
朔州金圆水泥有限责任公司,1010274838,1187024735,山西省朔州市朔城区神头街道神头电建二公司社区居委会神朔路神头镇东神头村北,31B0,144100701,朔州,神头,AC01101,36250.0,山西,443535.0,2020-10-06
岚县金隅水泥有限责任公司,910865528,1194433984,山西省吕梁市岚县普明镇普明村工业园社区147号,31B0,144090501,吕梁,岚县,AC00101,19470.0,山西,210960.0,2020-10-07
朔州金圆水泥有限责任公司,1010274838,1187024735,山西省朔州市朔城区神头街道神头电建二公司社区居委会神朔路神头镇东神头村北,31B0,144100701,朔州,神头,AC01101,36250.0,山西,399300.0,2020-10-07
岚县金隅水泥有限责任公司,910865528,1194433984,山西省吕梁市岚县普明镇普明村工业园社区147号,31B0,144090501,吕梁,岚县,AC00101,19470.0,山西,204720.0,2020-10-08
朔州金圆水泥有限责任公司,1010274838,1187024735,山西省朔州市朔城区神头街道神头电建二公司社区居委会神朔路神头镇东神头村北,31B0,144100701,朔州,神头,AC01101,36250.0,山西,403935.0,2020-10-08
岚县金隅水泥有限责任公司,910865528,1194433984,山西省吕梁市岚县普明镇普明村工业园社区147号,31B0,144090501,吕梁,岚县,AC00101,19470.0,山西,203040.0,2020-10-09
朔州金圆水泥有限责任公司,1010274838,1187024735,山西省朔州市朔城区神头街道神头电建二公司社区居委会神朔路神头镇东神头村北,31B0,144100701,朔州,神头,AC01101,36250.0,山西,403275.0,2020-10-09
岚县金隅水泥有限责任公司,910865528,1194433984,山西省吕梁市岚县普明镇普明村工业园社区147号,31B0,144090501,吕梁,岚县,AC00101,19470.0,山西,204120.0,2020-10-10
朔州金圆水泥有限责任公司,1010274838,1187024735,山西省朔州市朔城区神头街道神头电建二公司社区居委会神朔路神头镇东神头村北,31B0,144100701,朔州,神头,AC01101,36250.0,山西,381480.0,2020-10-10
岚县金隅水泥有限责任公司,910865528,1194433984,山西省吕梁市岚县普明镇普明村工业园社区147号,31B0,144090501,吕梁,岚县,AC00101,19470.0,山西,203640.0,2020-10-11
朔州金圆水泥有限责任公司,1010274838,1187024735,山西省朔州市朔城区神头街道神头电建二公司社区居委会神朔路神头镇东神头村北,31B0,144100701,朔州,神头,AC01101,36250.0,山西,383475.0,2020-10-11
岚县金隅水泥有限责任公司,910865528,1194433984,山西省吕梁市岚县普明镇普明村工业园社区147号,31B0,144090501,吕梁,岚县,AC00101,19470.0,山西,220480.0,2020-10-12
朔州金圆水泥有限责任公司,1010274838,1187024735,山西省朔州市朔城区神头街道神头电建二公司社区居委会神朔路神头镇东神头村北,31B0,144100701,朔州,神头,AC01101,36250.0,山西,401295.0,2020-10-12
岚县金隅水泥有限责任公司,910865528,1194433984,山西省吕梁市岚县普明镇普明村工业园社区147号,31B0,144090501,吕梁,岚县,AC00101,19470.0,山西,205200.0,2020-10-13
朔州金圆水泥有限责任公司,1010274838,1187024735,山西省朔州市朔城区神头街道神头电建二公司社区居委会神朔路神头镇东神头村北,31B0,144100701,朔州,神头,AC01101,36250.0,山西,403260.0,2020-10-13
朔州金圆水泥有限责任公司,1010274838,1187024735,山西省朔州市朔城区神头街道神头电建二公司社区居委会神朔路神头镇东神头村北,31B0,144100701,朔州,神头,AC01101,36250.0,山西,403935.0,2020-10-14
岚县金隅水泥有限责任公司,910865528,1194433984,山西省吕梁市岚县普明镇普明村工业园社区147号,31B0,144090501,吕梁,岚县,AC00101,19470.0,山西,210120.0,2020-10-14
岚县金隅水泥有限责任公司,910865528,1194433984,山西省吕梁市岚县普明镇普明村工业园社区147号,31B0,144090501,吕梁,岚县,AC00101,19470.0,山西,214040.0,2020-10-15
朔州金圆水泥有限责任公司,1010274838,1187024735,山西省朔州市朔城区神头街道神头电建二公司社区居委会神朔路神头镇东神头村北,31B0,144100701,朔州,神头,AC01101,36250.0,山西,455415.0,2020-10-15
岚县金隅水泥有限责任公司,910865528,1194433984,山西省吕梁市岚县普明镇普明村工业园社区147号,31B0,144090501,吕梁,岚县,AC00101,19470.0,山西,215400.0,2020-10-16
朔州金圆水泥有限责任公司,1010274838,1187024735,山西省朔州市朔城区神头街道神头电建二公司社区居委会神朔路神头镇东神头村北,31B0,144100701,朔州,神头,AC01101,36250.0,山西,409860.0,2020-10-16
岚县金隅水泥有限责任公司,910865528,1194433984,山西省吕梁市岚县普明镇普明村工业园社区147号,31B0,144090501,吕梁,岚县,AC00101,19470.0,山西,212720.0,2020-10-17
朔州金圆水泥有限责任公司,1010274838,1187024735,山西省朔州市朔城区神头街道神头电建二公司社区居委会神朔路神头镇东神头村北,31B0,144100701,朔州,神头,AC01101,36250.0,山西,366315.0,2020-10-17
岚县金隅水泥有限责任公司,910865528,1194433984,山西省吕梁市岚县普明镇普明村工业园社区147号,31B0,144090501,吕梁,岚县,AC00101,19470.0,山西,216680.0,2020-10-18
朔州金圆水泥有限责任公司,1010274838,1187024735,山西省朔州市朔城区神头街道神头电建二公司社区居委会神朔路神头镇东神头村北,31B0,144100701,朔州,神头,AC01101,36250.0,山西,420435.0,2020-10-18
岚县金隅水泥有限责任公司,910865528,1194433984,山西省吕梁市岚县普明镇普明村工业园社区147号,31B0,144090501,吕梁,岚县,AC00101,19470.0,山西,217160.0,2020-10-19
朔州金圆水泥有限责任公司,1010274838,1187024735,山西省朔州市朔城区神头街道神头电建二公司社区居委会神朔路神头镇东神头村北,31B0,144100701,朔州,神头,AC01101,36250.0,山西,405240.0,2020-10-19
岚县金隅水泥有限责任公司,910865528,1194433984,山西省吕梁市岚县普明镇普明村工业园社区147号,31B0,144090501,吕梁,岚县,AC00101,19470.0,山西,191080.0,2020-10-20
朔州金圆水泥有限责任公司,1010274838,1187024735,山西省朔州市朔城区神头街道神头电建二公司社区居委会神朔路神头镇东神头村北,31B0,144100701,朔州,神头,AC01101,36250.0,山西,376875.0,2020-10-20
岚县金隅水泥有限责任公司,910865528,1194433984,山西省吕梁市岚县普明镇普明村工业园社区147号,31B0,144090501,吕梁,岚县,AC00101,19470.0,山西,208040.0,2020-10-21
朔州金圆水泥有限责任公司,1010274838,1187024735,山西省朔州市朔城区神头街道神头电建二公司社区居委会神朔路神头镇东神头村北,31B0,144100701,朔州,神头,AC01101,36250.0,山西,371595.0,2020-10-21
岚县金隅水泥有限责任公司,910865528,1194433984,山西省吕梁市岚县普明镇普明村工业园社区147号,31B0,144090501,吕梁,岚县,AC00101,19470.0,山西,202640.0,2020-10-22
朔州金圆水泥有限责任公司,1010274838,1187024735,山西省朔州市朔城区神头街道神头电建二公司社区居委会神朔路神头镇东神头村北,31B0,144100701,朔州,神头,AC01101,36250.0,山西,367620.0,2020-10-22
岚县金隅水泥有限责任公司,910865528,1194433984,山西省吕梁市岚县普明镇普明村工业园社区147号,31B0,144090501,吕梁,岚县,AC00101,19470.0,山西,199880.0,2020-10-23
朔州金圆水泥有限责任公司,1010274838,1187024735,山西省朔州市朔城区神头街道神头电建二公司社区居委会神朔路神头镇东神头村北,31B0,144100701,朔州,神头,AC01101,36250.0,山西,285795.0,2020-10-23
岚县金隅水泥有限责任公司,910865528,1194433984,山西省吕梁市岚县普明镇普明村工业园社区147号,31B0,144090501,吕梁,岚县,AC00101,19470.0,山西,218080.0,2020-10-24
朔州金圆水泥有限责任公司,1010274838,1187024735,山西省朔州市朔城区神头街道神头电建二公司社区居委会神朔路神头镇东神头村北,31B0,144100701,朔州,神头,AC01101,36250.0,山西,376875.0,2020-10-24
岚县金隅水泥有限责任公司,910865528,1194433984,山西省吕梁市岚县普明镇普明村工业园社区147号,31B0,144090501,吕梁,岚县,AC00101,19470.0,山西,215320.0,2020-10-25
朔州金圆水泥有限责任公司,1010274838,1187024735,山西省朔州市朔城区神头街道神头电建二公司社区居委会神朔路神头镇东神头村北,31B0,144100701,朔州,神头,AC01101,36250.0,山西,397980.0,2020-10-25
岚县金隅水泥有限责任公司,910865528,1194433984,山西省吕梁市岚县普明镇普明村工业园社区147号,31B0,144090501,吕梁,岚县,AC00101,19470.0,山西,218160.0,2020-10-26
朔州金圆水泥有限责任公司,1010274838,1187024735,山西省朔州市朔城区神头街道神头电建二公司社区居委会神朔路神头镇东神头村北,31B0,144100701,朔州,神头,AC01101,36250.0,山西,323415.0,2020-10-26
朔州金圆水泥有限责任公司,1010274838,1187024735,山西省朔州市朔城区神头街道神头电建二公司社区居委会神朔路神头镇东神头村北,31B0,144100701,朔州,神头,AC01101,36250.0,山西,331995.0,2020-10-27
岚县金隅水泥有限责任公司,910865528,1194433984,山西省吕梁市岚县普明镇普明村工业园社区147号,31B0,144090501,吕梁,岚县,AC00101,19470.0,山西,215240.0,2020-10-27
岚县金隅水泥有限责任公司,910865528,1194433984,山西省吕梁市岚县普明镇普明村工业园社区147号,31B0,144090501,吕梁,岚县,AC00101,19470.0,山西,216040.0,2020-10-28
朔州金圆水泥有限责任公司,1010274838,1187024735,山西省朔州市朔城区神头街道神头电建二公司社区居委会神朔路神头镇东神头村北,31B0,144100701,朔州,神头,AC01101,36250.0,山西,317460.0,2020-10-28
岚县金隅水泥有限责任公司,910865528,1194433984,山西省吕梁市岚县普明镇普明村工业园社区147号,31B0,144090501,吕梁,岚县,AC00101,19470.0,山西,217920.0,2020-10-29
朔州金圆水泥有限责任公司,1010274838,1187024735,山西省朔州市朔城区神头街道神头电建二公司社区居委会神朔路神头镇东神头村北,31B0,144100701,朔州,神头,AC01101,36250.0,山西,166335.0,2020-10-29
朔州金圆水泥有限责任公司,1010274838,1187024735,山西省朔州市朔城区神头街道神头电建二公司社区居委会神朔路神头镇东神头村北,31B0,144100701,朔州,神头,AC01101,36250.0,山西,162375.0,2020-10-30
岚县金隅水泥有限责任公司,910865528,1194433984,山西省吕梁市岚县普明镇普明村工业园社区147号,31B0,144090501,吕梁,岚县,AC00101,19470.0,山西,219240.0,2020-10-30
岚县金隅水泥有限责任公司,910865528,1194433984,山西省吕梁市岚县普明镇普明村工业园社区147号,31B0,144090501,吕梁,岚县,AC00101,19470.0,山西,215360.0,2020-10-31
朔州金圆水泥有限责任公司,1010274838,1187024735,山西省朔州市朔城区神头街道神头电建二公司社区居委会神朔路神头镇东神头村北,31B0,144100701,朔州,神头,AC01101,36250.0,山西,365640.0,2020-10-31
岚县金隅水泥有限责任公司,910865528,1194433984,山西省吕梁市岚县普明镇普明村工业园社区147号,31B0,144090501,吕梁,岚县,AC00101,19470.0,山西,215840.0,2020-11-01
朔州金圆水泥有限责任公司,1010274838,1187024735,山西省朔州市朔城区神头街道神头电建二公司社区居委会神朔路神头镇东神头村北,31B0,144100701,朔州,神头,AC01101,36250.0,山西,308235.0,2020-11-01
朔州金圆水泥有限责任公司,1010274838,1187024735,山西省朔州市朔城区神头街道神头电建二公司社区居委会神朔路神头镇东神头村北,31B0,144100701,朔州,神头,AC01101,36250.0,山西,273915.0,2020-11-02
岚县金隅水泥有限责任公司,910865528,1194433984,山西省吕梁市岚县普明镇普明村工业园社区147号,31B0,144090501,吕梁,岚县,AC00101,19470.0,山西,222240.0,2020-11-02
朔州金圆水泥有限责任公司,1010274838,1187024735,山西省朔州市朔城区神头街道神头电建二公司社区居委会神朔路神头镇东神头村北,31B0,144100701,朔州,神头,AC01101,36250.0,山西,279180.0,2020-11-03
岚县金隅水泥有限责任公司,910865528,1194433984,山西省吕梁市岚县普明镇普明村工业园社区147号,31B0,144090501,吕梁,岚县,AC00101,19470.0,山西,222960.0,2020-11-03
岚县金隅水泥有限责任公司,910865528,1194433984,山西省吕梁市岚县普明镇普明村工业园社区147号,31B0,144090501,吕梁,岚县,AC00101,19470.0,山西,208520.0,2020-11-04
朔州金圆水泥有限责任公司,1010274838,1187024735,山西省朔州市朔城区神头街道神头电建二公司社区居委会神朔路神头镇东神头村北,31B0,144100701,朔州,神头,AC01101,36250.0,山西,304275.0,2020-11-04
岚县金隅水泥有限责任公司,910865528,1194433984,山西省吕梁市岚县普明镇普明村工业园社区147号,31B0,144090501,吕梁,岚县,AC00101,19470.0,山西,220560.0,2020-11-05
朔州金圆水泥有限责任公司,1010274838,1187024735,山西省朔州市朔城区神头街道神头电建二公司社区居委会神朔路神头镇东神头村北,31B0,144100701,朔州,神头,AC01101,36250.0,山西,317475.0,2020-11-05
岚县金隅水泥有限责任公司,910865528,1194433984,山西省吕梁市岚县普明镇普明村工业园社区147号,31B0,144090501,吕梁,岚县,AC00101,19470.0,山西,222840.0,2020-11-06
朔州金圆水泥有限责任公司,1010274838,1187024735,山西省朔州市朔城区神头街道神头电建二公司社区居委会神朔路神头镇东神头村北,31B0,144100701,朔州,神头,AC01101,36250.0,山西,335280.0,2020-11-06
朔州金圆水泥有限责任公司,1010274838,1187024735,山西省朔州市朔城区神头街道神头电建二公司社区居委会神朔路神头镇东神头村北,31B0,144100701,朔州,神头,AC01101,36250.0,山西,360375.0,2020-11-07
岚县金隅水泥有限责任公司,910865528,1194433984,山西省吕梁市岚县普明镇普明村工业园社区147号,31B0,144090501,吕梁,岚县,AC00101,19470.0,山西,217680.0,2020-11-07
岚县金隅水泥有限责任公司,910865528,1194433984,山西省吕梁市岚县普明镇普明村工业园社区147号,31B0,144090501,吕梁,岚县,AC00101,19470.0,山西,223480.0,2020-11-08
朔州金圆水泥有限责任公司,1010274838,1187024735,山西省朔州市朔城区神头街道神头电建二公司社区居委会神朔路神头镇东神头村北,31B0,144100701,朔州,神头,AC01101,36250.0,山西,322755.0,2020-11-08
岚县金隅水泥有限责任公司,910865528,1194433984,山西省吕梁市岚县普明镇普明村工业园社区147号,31B0,144090501,吕梁,岚县,AC00101,19470.0,山西,216480.0,2020-11-09
朔州金圆水泥有限责任公司,1010274838,1187024735,山西省朔州市朔城区神头街道神头电建二公司社区居委会神朔路神头镇东神头村北,31B0,144100701,朔州,神头,AC01101,36250.0,山西,293040.0,2020-11-09
朔州金圆水泥有限责任公司,1010274838,1187024735,山西省朔州市朔城区神头街道神头电建二公司社区居委会神朔路神头镇东神头村北,31B0,144100701,朔州,神头,AC01101,36250.0,山西,349815.0,2020-11-11
岚县金隅水泥有限责任公司,910865528,1194433984,山西省吕梁市岚县普明镇普明村工业园社区147号,31B0,144090501,吕梁,岚县,AC00101,19470.0,山西,169760.0,2020-11-11
岚县金隅水泥有限责任公司,910865528,1194433984,山西省吕梁市岚县普明镇普明村工业园社区147号,31B0,144090501,吕梁,岚县,AC00101,19470.0,山西,184560.0,2020-11-12
朔州金圆水泥有限责任公司,1010274838,1187024735,山西省朔州市朔城区神头街道神头电建二公司社区居委会神朔路神头镇东神头村北,31B0,144100701,朔州,神头,AC01101,36250.0,山西,358380.0,2020-11-12
朔州金圆水泥有限责任公司,1010274838,1187024735,山西省朔州市朔城区神头街道神头电建二公司社区居委会神朔路神头镇东神头村北,31B0,144100701,朔州,神头,AC01101,36250.0,山西,220455.0,2020-11-13
朔州金圆水泥有限责任公司,1010274838,1187024735,山西省朔州市朔城区神头街道神头电建二公司社区居委会神朔路神头镇东神头村北,31B0,144100701,朔州,神头,AC01101,36250.0,山西,304935.0,2020-11-14
朔州金圆水泥有限责任公司,1010274838,1187024735,山西省朔州市朔城区神头街道神头电建二公司社区居委会神朔路神头镇东神头村北,31B0,144100701,朔州,神头,AC01101,36250.0,山西,269280.0,2020-11-15
岚县金隅水泥有限责任公司,910865528,1194433984,山西省吕梁市岚县普明镇普明村工业园社区147号,31B0,144090501,吕梁,岚县,AC00101,19470.0,山西,183640.0,2020-11-16
朔州金圆水泥有限责任公司,1010274838,1187024735,山西省朔州市朔城区神头街道神头电建二公司社区居委会神朔路神头镇东神头村北,31B0,144100701,朔州,神头,AC01101,36250.0,山西,170955.0,2020-11-16
岚县金隅水泥有限责任公司,910865528,1194433984,山西省吕梁市岚县普明镇普明村工业园社区147号,31B0,144090501,吕梁,岚县,AC00101,19470.0,山西,190120.0,2020-11-17
岚县金隅水泥有限责任公司,910865528,1194433984,山西省吕梁市岚县普明镇普明村工业园社区147号,31B0,144090501,吕梁,岚县,AC00101,19470.0,山西,183800.0,2020-11-18
朔州金圆水泥有限责任公司,1010274838,1187024735,山西省朔州市朔城区神头街道神头电建二公司社区居委会神朔路神头镇东神头村北,31B0,144100701,朔州,神头,AC01101,36250.0,山西,95040.0,2020-11-18
岚县金隅水泥有限责任公司,910865528,1194433984,山西省吕梁市岚县普明镇普明村工业园社区147号,31B0,144090501,吕梁,岚县,AC00101,19470.0,山西,181000.0,2020-11-19
朔州金圆水泥有限责任公司,1010274838,1187024735,山西省朔州市朔城区神头街道神头电建二公司社区居委会神朔路神头镇东神头村北,31B0,144100701,朔州,神头,AC01101,36250.0,山西,45555.0,2020-11-19
岚县金隅水泥有限责任公司,910865528,1194433984,山西省吕梁市岚县普明镇普明村工业园社区147号,31B0,144090501,吕梁,岚县,AC00101,19470.0,山西,184240.0,2020-11-20
朔州金圆水泥有限责任公司,1010274838,1187024735,山西省朔州市朔城区神头街道神头电建二公司社区居委会神朔路神头镇东神头村北,31B0,144100701,朔州,神头,AC01101,36250.0,山西,136635.0,2020-11-20
岚县金隅水泥有限责任公司,910865528,1194433984,山西省吕梁市岚县普明镇普明村工业园社区147号,31B0,144090501,吕梁,岚县,AC00101,19470.0,山西,180640.0,2020-11-21
朔州金圆水泥有限责任公司,1010274838,1187024735,山西省朔州市朔城区神头街道神头电建二公司社区居委会神朔路神头镇东神头村北,31B0,144100701,朔州,神头,AC01101,36250.0,山西,392040.0,2020-11-21
岚县金隅水泥有限责任公司,910865528,1194433984,山西省吕梁市岚县普明镇普明村工业园社区147号,31B0,144090501,吕梁,岚县,AC00101,19470.0,山西,177800.0,2020-11-22
朔州金圆水泥有限责任公司,1010274838,1187024735,山西省朔州市朔城区神头街道神头电建二公司社区居委会神朔路神头镇东神头村北,31B0,144100701,朔州,神头,AC01101,36250.0,山西,312855.0,2020-11-22
朔州金圆水泥有限责任公司,1010274838,1187024735,山西省朔州市朔城区神头街道神头电建二公司社区居委会神朔路神头镇东神头村北,31B0,144100701,朔州,神头,AC01101,36250.0,山西,326055.0,2020-11-23
岚县金隅水泥有限责任公司,910865528,1194433984,山西省吕梁市岚县普明镇普明村工业园社区147号,31B0,144090501,吕梁,岚县,AC00101,19470.0,山西,142320.0,2020-11-23
朔州金圆水泥有限责任公司,1010274838,1187024735,山西省朔州市朔城区神头街道神头电建二公司社区居委会神朔路神头镇东神头村北,31B0,144100701,朔州,神头,AC01101,36250.0,山西,359700.0,2020-11-24
岚县金隅水泥有限责任公司,910865528,1194433984,山西省吕梁市岚县普明镇普明村工业园社区147号,31B0,144090501,吕梁,岚县,AC00101,19470.0,山西,65760.0,2020-11-24
岚县金隅水泥有限责任公司,910865528,1194433984,山西省吕梁市岚县普明镇普明村工业园社区147号,31B0,144090501,吕梁,岚县,AC00101,19470.0,山西,106840.0,2020-11-25
朔州金圆水泥有限责任公司,1010274838,1187024735,山西省朔州市朔城区神头街道神头电建二公司社区居委会神朔路神头镇东神头村北,31B0,144100701,朔州,神头,AC01101,36250.0,山西,281175.0,2020-11-25
岚县金隅水泥有限责任公司,910865528,1194433984,山西省吕梁市岚县普明镇普明村工业园社区147号,31B0,144090501,吕梁,岚县,AC00101,19470.0,山西,140040.0,2020-11-26
朔州金圆水泥有限责任公司,1010274838,1187024735,山西省朔州市朔城区神头街道神头电建二公司社区居委会神朔路神头镇东神头村北,31B0,144100701,朔州,神头,AC01101,36250.0,山西,302295.0,2020-11-26
朔州金圆水泥有限责任公司,1010274838,1187024735,山西省朔州市朔城区神头街道神头电建二公司社区居委会神朔路神头镇东神头村北,31B0,144100701,朔州,神头,AC01101,36250.0,山西,262680.0,2020-11-27
岚县金隅水泥有限责任公司,910865528,1194433984,山西省吕梁市岚县普明镇普明村工业园社区147号,31B0,144090501,吕梁,岚县,AC00101,19470.0,山西,164350.0,2020-11-27
岚县金隅水泥有限责任公司,910865528,1194433984,山西省吕梁市岚县普明镇普明村工业园社区147号,31B0,144090501,吕梁,岚县,AC00101,19470.0,山西,167450.0,2020-11-28
朔州金圆水泥有限责任公司,1010274838,1187024735,山西省朔州市朔城区神头街道神头电建二公司社区居委会神朔路神头镇东神头村北,31B0,144100701,朔州,神头,AC01101,36250.0,山西,102315.0,2020-11-28
岚县金隅水泥有限责任公司,910865528,1194433984,山西省吕梁市岚县普明镇普明村工业园社区147号,31B0,144090501,吕梁,岚县,AC00101,19470.0,山西,175250.0,2020-11-29
朔州金圆水泥有限责任公司,1010274838,1187024735,山西省朔州市朔城区神头街道神头电建二公司社区居委会神朔路神头镇东神头村北,31B0,144100701,朔州,神头,AC01101,36250.0,山西,94395.0,2020-11-29
朔州金圆水泥有限责任公司,1010274838,1187024735,山西省朔州市朔城区神头街道神头电建二公司社区居委会神朔路神头镇东神头村北,31B0,144100701,朔州,神头,AC01101,36250.0,山西,122100.0,2020-11-30
岚县金隅水泥有限责任公司,910865528,1194433984,山西省吕梁市岚县普明镇普明村工业园社区147号,31B0,144090501,吕梁,岚县,AC00101,19470.0,山西,177854.0,2020-11-30
岚县金隅水泥有限责任公司,910865528,1194433984,山西省吕梁市岚县普明镇普明村工业园社区147号,31B0,144090501,吕梁,岚县,AC00101,19470.0,山西,123854.0,2020-12-01
朔州金圆水泥有限责任公司,1010274838,1187024735,山西省朔州市朔城区神头街道神头电建二公司社区居委会神朔路神头镇东神头村北,31B0,144100701,朔州,神头,AC01101,36250.0,山西,155115.0,2020-12-01
岚县金隅水泥有限责任公司,910865528,1194433984,山西省吕梁市岚县普明镇普明村工业园社区147号,31B0,144090501,吕梁,岚县,AC00101,19470.0,山西,115048.68,2020-12-02
朔州金圆水泥有限责任公司,1010274838,1187024735,山西省朔州市朔城区神头街道神头电建二公司社区居委会神朔路神头镇东神头村北,31B0,144100701,朔州,神头,AC01101,36250.0,山西,159075.0,2020-12-02
岚县金隅水泥有限责任公司,910865528,1194433984,山西省吕梁市岚县普明镇普明村工业园社区147号,31B0,144090501,吕梁,岚县,AC00101,19470.0,山西,178425.09,2020-12-03
朔州金圆水泥有限责任公司,1010274838,1187024735,山西省朔州市朔城区神头街道神头电建二公司社区居委会神朔路神头镇东神头村北,31B0,144100701,朔州,神头,AC01101,36250.0,山西,246180.0,2020-12-03
岚县金隅水泥有限责任公司,910865528,1194433984,山西省吕梁市岚县普明镇普明村工业园社区147号,31B0,144090501,吕梁,岚县,AC00101,19470.0,山西,179734.57,2020-12-04
朔州金圆水泥有限责任公司,1010274838,1187024735,山西省朔州市朔城区神头街道神头电建二公司社区居委会神朔路神头镇东神头村北,31B0,144100701,朔州,神头,AC01101,36250.0,山西,135300.03,2020-12-04
岚县金隅水泥有限责任公司,910865528,1194433984,山西省吕梁市岚县普明镇普明村工业园社区147号,31B0,144090501,吕梁,岚县,AC00101,19470.0,山西,178896.57,2020-12-05
朔州金圆水泥有限责任公司,1010274838,1187024735,山西省朔州市朔城区神头街道神头电建二公司社区居委会神朔路神头镇东神头村北,31B0,144100701,朔州,神头,AC01101,36250.0,山西,20175.03,2020-12-05
岚县金隅水泥有限责任公司,910865528,1194433984,山西省吕梁市岚县普明镇普明村工业园社区147号,31B0,144090501,吕梁,岚县,AC00101,19470.0,山西,178631.34,2020-12-06
朔州金圆水泥有限责任公司,1010274838,1187024735,山西省朔州市朔城区神头街道神头电建二公司社区居委会神朔路神头镇东神头村北,31B0,144100701,朔州,神头,AC01101,36250.0,山西,20205.03,2020-12-06
朔州金圆水泥有限责任公司,1010274838,1187024735,山西省朔州市朔城区神头街道神头电建二公司社区居委会神朔路神头镇东神头村北,31B0,144100701,朔州,神头,AC01101,36250.0,山西,21180.0,2020-12-07
岚县金隅水泥有限责任公司,910865528,1194433984,山西省吕梁市岚县普明镇普明村工业园社区147号,31B0,144090501,吕梁,岚县,AC00101,19470.0,山西,178083.3,2020-12-07
朔州金圆水泥有限责任公司,1010274838,1187024735,山西省朔州市朔城区神头街道神头电建二公司社区居委会神朔路神头镇东神头村北,31B0,144100701,朔州,神头,AC01101,36250.0,山西,20400.0,2020-12-08
岚县金隅水泥有限责任公司,910865528,1194433984,山西省吕梁市岚县普明镇普明村工业园社区147号,31B0,144090501,吕梁,岚县,AC00101,19470.0,山西,294217.32,2020-12-08
广灵金隅水泥有限责任公司,316520416,1366584869,山西省大同市广灵县蕉山乡杜庄村岔口三十七号,31B0,144030217,大同,客服,AC01101,20000.0,山西,261877.8,2020-07-01
广灵金隅水泥有限责任公司,316520416,1366584869,山西省大同市广灵县蕉山乡杜庄村岔口三十七号,31B0,144030217,大同,客服,AC01101,20000.0,山西,201173.7,2020-07-02
广灵金隅水泥有限责任公司,316520416,1366584869,山西省大同市广灵县蕉山乡杜庄村岔口三十七号,31B0,144030217,大同,客服,AC01101,20000.0,山西,224032.4,2020-07-03
广灵金隅水泥有限责任公司,316520416,1366584869,山西省大同市广灵县蕉山乡杜庄村岔口三十七号,31B0,144030217,大同,客服,AC01101,20000.0,山西,186220.45,2020-07-04
广灵金隅水泥有限责任公司,316520416,1366584869,山西省大同市广灵县蕉山乡杜庄村岔口三十七号,31B0,144030217,大同,客服,AC01101,20000.0,山西,289108.15,2020-07-05
广灵金隅水泥有限责任公司,316520416,1366584869,山西省大同市广灵县蕉山乡杜庄村岔口三十七号,31B0,144030217,大同,客服,AC01101,20000.0,山西,334919.15,2020-07-06
广灵金隅水泥有限责任公司,316520416,1366584869,山西省大同市广灵县蕉山乡杜庄村岔口三十七号,31B0,144030217,大同,客服,AC01101,20000.0,山西,255716.6,2020-07-07
广灵金隅水泥有限责任公司,316520416,1366584869,山西省大同市广灵县蕉山乡杜庄村岔口三十七号,31B0,144030217,大同,客服,AC01101,20000.0,山西,138680.65,2020-07-08
广灵金隅水泥有限责任公司,316520416,1366584869,山西省大同市广灵县蕉山乡杜庄村岔口三十七号,31B0,144030217,大同,客服,AC01101,20000.0,山西,198501.9,2020-07-09
广灵金隅水泥有限责任公司,316520416,1366584869,山西省大同市广灵县蕉山乡杜庄村岔口三十七号,31B0,144030217,大同,客服,AC01101,20000.0,山西,286515.55,2020-07-10
广灵金隅水泥有限责任公司,316520416,1366584869,山西省大同市广灵县蕉山乡杜庄村岔口三十七号,31B0,144030217,大同,客服,AC01101,20000.0,山西,192324.5,2020-07-11
广灵金隅水泥有限责任公司,316520416,1366584869,山西省大同市广灵县蕉山乡杜庄村岔口三十七号,31B0,144030217,大同,客服,AC01101,20000.0,山西,254795.2,2020-07-12
广灵金隅水泥有限责任公司,316520416,1366584869,山西省大同市广灵县蕉山乡杜庄村岔口三十七号,31B0,144030217,大同,客服,AC01101,20000.0,山西,196734.55,2020-07-13
广灵金隅水泥有限责任公司,316520416,1366584869,山西省大同市广灵县蕉山乡杜庄村岔口三十七号,31B0,144030217,大同,客服,AC01101,20000.0,山西,172977.1,2020-07-14
广灵金隅水泥有限责任公司,316520416,1366584869,山西省大同市广灵县蕉山乡杜庄村岔口三十七号,31B0,144030217,大同,客服,AC01101,20000.0,山西,328774.75,2020-07-15
广灵金隅水泥有限责任公司,316520416,1366584869,山西省大同市广灵县蕉山乡杜庄村岔口三十七号,31B0,144030217,大同,客服,AC01101,20000.0,山西,323486.95,2020-07-16
广灵金隅水泥有限责任公司,316520416,1366584869,山西省大同市广灵县蕉山乡杜庄村岔口三十七号,31B0,144030217,大同,客服,AC01101,20000.0,山西,303232.85,2020-07-17
广灵金隅水泥有限责任公司,316520416,1366584869,山西省大同市广灵县蕉山乡杜庄村岔口三十七号,31B0,144030217,大同,客服,AC01101,20000.0,山西,258315.05,2020-07-18
广灵金隅水泥有限责任公司,316520416,1366584869,山西省大同市广灵县蕉山乡杜庄村岔口三十七号,31B0,144030217,大同,客服,AC01101,20000.0,山西,260973.95,2020-07-19
广灵金隅水泥有限责任公司,316520416,1366584869,山西省大同市广灵县蕉山乡杜庄村岔口三十七号,31B0,144030217,大同,客服,AC01101,20000.0,山西,244270.75,2020-07-20
广灵金隅水泥有限责任公司,316520416,1366584869,山西省大同市广灵县蕉山乡杜庄村岔口三十七号,31B0,144030217,大同,客服,AC01101,20000.0,山西,275974.0,2020-07-21
广灵金隅水泥有限责任公司,316520416,1366584869,山西省大同市广灵县蕉山乡杜庄村岔口三十七号,31B0,144030217,大同,客服,AC01101,20000.0,山西,312056.4,2020-07-22
广灵金隅水泥有限责任公司,316520416,1366584869,山西省大同市广灵县蕉山乡杜庄村岔口三十七号,31B0,144030217,大同,客服,AC01101,20000.0,山西,324398.0,2020-07-23
广灵金隅水泥有限责任公司,316520416,1366584869,山西省大同市广灵县蕉山乡杜庄村岔口三十七号,31B0,144030217,大同,客服,AC01101,20000.0,山西,316451.75,2020-07-24
广灵金隅水泥有限责任公司,316520416,1366584869,山西省大同市广灵县蕉山乡杜庄村岔口三十七号,31B0,144030217,大同,客服,AC01101,20000.0,山西,313770.5,2020-07-25
广灵金隅水泥有限责任公司,316520416,1366584869,山西省大同市广灵县蕉山乡杜庄村岔口三十七号,31B0,144030217,大同,客服,AC01101,20000.0,山西,319023.35,2020-07-26
广灵金隅水泥有限责任公司,316520416,1366584869,山西省大同市广灵县蕉山乡杜庄村岔口三十七号,31B0,144030217,大同,客服,AC01101,20000.0,山西,207329.35,2020-07-27
广灵金隅水泥有限责任公司,316520416,1366584869,山西省大同市广灵县蕉山乡杜庄村岔口三十七号,31B0,144030217,大同,客服,AC01101,20000.0,山西,195874.65,2020-07-28
广灵金隅水泥有限责任公司,316520416,1366584869,山西省大同市广灵县蕉山乡杜庄村岔口三十七号,31B0,144030217,大同,客服,AC01101,20000.0,山西,254849.2,2020-07-29
广灵金隅水泥有限责任公司,316520416,1366584869,山西省大同市广灵县蕉山乡杜庄村岔口三十七号,31B0,144030217,大同,客服,AC01101,20000.0,山西,164219.7,2020-07-30
广灵金隅水泥有限责任公司,316520416,1366584869,山西省大同市广灵县蕉山乡杜庄村岔口三十七号,31B0,144030217,大同,客服,AC01101,20000.0,山西,259262.1,2020-07-31
广灵金隅水泥有限责任公司,316520416,1366584869,山西省大同市广灵县蕉山乡杜庄村岔口三十七号,31B0,144030217,大同,客服,AC01101,20000.0,山西,193271.4,2020-08-01
广灵金隅水泥有限责任公司,316520416,1366584869,山西省大同市广灵县蕉山乡杜庄村岔口三十七号,31B0,144030217,大同,客服,AC01101,20000.0,山西,158042.3,2020-08-02
广灵金隅水泥有限责任公司,316520416,1366584869,山西省大同市广灵县蕉山乡杜庄村岔口三十七号,31B0,144030217,大同,客服,AC01101,20000.0,山西,260120.8,2020-08-03
广灵金隅水泥有限责任公司,316520416,1366584869,山西省大同市广灵县蕉山乡杜庄村岔口三十七号,31B0,144030217,大同,客服,AC01101,20000.0,山西,160718.6,2020-08-04
广灵金隅水泥有限责任公司,316520416,1366584869,山西省大同市广灵县蕉山乡杜庄村岔口三十七号,31B0,144030217,大同,客服,AC01101,20000.0,山西,252208.3,2020-08-05
广灵金隅水泥有限责任公司,316520416,1366584869,山西省大同市广灵县蕉山乡杜庄村岔口三十七号,31B0,144030217,大同,客服,AC01101,20000.0,山西,295295.9,2020-08-06
广灵金隅水泥有限责任公司,316520416,1366584869,山西省大同市广灵县蕉山乡杜庄村岔口三十七号,31B0,144030217,大同,客服,AC01101,20000.0,山西,346353.0,2020-08-07
广灵金隅水泥有限责任公司,316520416,1366584869,山西省大同市广灵县蕉山乡杜庄村岔口三十七号,31B0,144030217,大同,客服,AC01101,20000.0,山西,279445.55,2020-08-08
广灵金隅水泥有限责任公司,316520416,1366584869,山西省大同市广灵县蕉山乡杜庄村岔口三十七号,31B0,144030217,大同,客服,AC01101,20000.0,山西,216966.0,2020-08-09
广灵金隅水泥有限责任公司,316520416,1366584869,山西省大同市广灵县蕉山乡杜庄村岔口三十七号,31B0,144030217,大同,客服,AC01101,20000.0,山西,361307.0,2020-08-10
广灵金隅水泥有限责任公司,316520416,1366584869,山西省大同市广灵县蕉山乡杜庄村岔口三十七号,31B0,144030217,大同,客服,AC01101,20000.0,山西,349879.9,2020-08-11
广灵金隅水泥有限责任公司,316520416,1366584869,山西省大同市广灵县蕉山乡杜庄村岔口三十七号,31B0,144030217,大同,客服,AC01101,20000.0,山西,308499.35,2020-08-12
广灵金隅水泥有限责任公司,316520416,1366584869,山西省大同市广灵县蕉山乡杜庄村岔口三十七号,31B0,144030217,大同,客服,AC01101,20000.0,山西,290057.0,2020-08-13
广灵金隅水泥有限责任公司,316520416,1366584869,山西省大同市广灵县蕉山乡杜庄村岔口三十七号,31B0,144030217,大同,客服,AC01101,20000.0,山西,180935.95,2020-08-14
广灵金隅水泥有限责任公司,316520416,1366584869,山西省大同市广灵县蕉山乡杜庄村岔口三十七号,31B0,144030217,大同,客服,AC01101,20000.0,山西,347188.0,2020-08-15
广灵金隅水泥有限责任公司,316520416,1366584869,山西省大同市广灵县蕉山乡杜庄村岔口三十七号,31B0,144030217,大同,客服,AC01101,20000.0,山西,347193.4,2020-08-16
广灵金隅水泥有限责任公司,316520416,1366584869,山西省大同市广灵县蕉山乡杜庄村岔口三十七号,31B0,144030217,大同,客服,AC01101,20000.0,山西,304990.75,2020-08-17
广灵金隅水泥有限责任公司,316520416,1366584869,山西省大同市广灵县蕉山乡杜庄村岔口三十七号,31B0,144030217,大同,客服,AC01101,20000.0,山西,273276.1,2020-08-18
广灵金隅水泥有限责任公司,316520416,1366584869,山西省大同市广灵县蕉山乡杜庄村岔口三十七号,31B0,144030217,大同,客服,AC01101,20000.0,山西,223999.7,2020-08-19
广灵金隅水泥有限责任公司,316520416,1366584869,山西省大同市广灵县蕉山乡杜庄村岔口三十七号,31B0,144030217,大同,客服,AC01101,20000.0,山西,267116.7,2020-08-20
广灵金隅水泥有限责任公司,316520416,1366584869,山西省大同市广灵县蕉山乡杜庄村岔口三十七号,31B0,144030217,大同,客服,AC01101,20000.0,山西,278540.05,2020-08-21
广灵金隅水泥有限责任公司,316520416,1366584869,山西省大同市广灵县蕉山乡杜庄村岔口三十七号,31B0,144030217,大同,客服,AC01101,20000.0,山西,340123.55,2020-08-22
广灵金隅水泥有限责任公司,316520416,1366584869,山西省大同市广灵县蕉山乡杜庄村岔口三十七号,31B0,144030217,大同,客服,AC01101,20000.0,山西,341027.4,2020-08-23
广灵金隅水泥有限责任公司,316520416,1366584869,山西省大同市广灵县蕉山乡杜庄村岔口三十七号,31B0,144030217,大同,客服,AC01101,20000.0,山西,180882.4,2020-08-24
广灵金隅水泥有限责任公司,316520416,1366584869,山西省大同市广灵县蕉山乡杜庄村岔口三十七号,31B0,144030217,大同,客服,AC01101,20000.0,山西,238103.25,2020-08-25
广灵金隅水泥有限责任公司,316520416,1366584869,山西省大同市广灵县蕉山乡杜庄村岔口三十七号,31B0,144030217,大同,客服,AC01101,20000.0,山西,363039.25,2020-08-26
广灵金隅水泥有限责任公司,316520416,1366584869,山西省大同市广灵县蕉山乡杜庄村岔口三十七号,31B0,144030217,大同,客服,AC01101,20000.0,山西,286502.5,2020-08-27
广灵金隅水泥有限责任公司,316520416,1366584869,山西省大同市广灵县蕉山乡杜庄村岔口三十七号,31B0,144030217,大同,客服,AC01101,20000.0,山西,267135.6,2020-08-28
广灵金隅水泥有限责任公司,316520416,1366584869,山西省大同市广灵县蕉山乡杜庄村岔口三十七号,31B0,144030217,大同,客服,AC01101,20000.0,山西,367424.4,2020-08-29
广灵金隅水泥有限责任公司,316520416,1366584869,山西省大同市广灵县蕉山乡杜庄村岔口三十七号,31B0,144030217,大同,客服,AC01101,20000.0,山西,377116.4,2020-08-30
广灵金隅水泥有限责任公司,316520416,1366584869,山西省大同市广灵县蕉山乡杜庄村岔口三十七号,31B0,144030217,大同,客服,AC01101,20000.0,山西,334004.95,2020-08-31
广灵金隅水泥有限责任公司,316520416,1366584869,山西省大同市广灵县蕉山乡杜庄村岔口三十七号,31B0,144030217,大同,客服,AC01101,20000.0,山西,285619.8,2020-09-01
广灵金隅水泥有限责任公司,316520416,1366584869,山西省大同市广灵县蕉山乡杜庄村岔口三十七号,31B0,144030217,大同,客服,AC01101,20000.0,山西,277677.9,2020-09-02
广灵金隅水泥有限责任公司,316520416,1366584869,山西省大同市广灵县蕉山乡杜庄村岔口三十七号,31B0,144030217,大同,客服,AC01101,20000.0,山西,272402.7,2020-09-03
广灵金隅水泥有限责任公司,316520416,1366584869,山西省大同市广灵县蕉山乡杜庄村岔口三十七号,31B0,144030217,大同,客服,AC01101,20000.0,山西,308487.5,2020-09-04
广灵金隅水泥有限责任公司,316520416,1366584869,山西省大同市广灵县蕉山乡杜庄村岔口三十七号,31B0,144030217,大同,客服,AC01101,20000.0,山西,354217.65,2020-09-05
广灵金隅水泥有限责任公司,316520416,1366584869,山西省大同市广灵县蕉山乡杜庄村岔口三十七号,31B0,144030217,大同,客服,AC01101,20000.0,山西,319899.0,2020-09-06
广灵金隅水泥有限责任公司,316520416,1366584869,山西省大同市广灵县蕉山乡杜庄村岔口三十七号,31B0,144030217,大同,客服,AC01101,20000.0,山西,294386.65,2020-09-07
广灵金隅水泥有限责任公司,316520416,1366584869,山西省大同市广灵县蕉山乡杜庄村岔口三十七号,31B0,144030217,大同,客服,AC01101,20000.0,山西,238079.85,2020-09-08
广灵金隅水泥有限责任公司,316520416,1366584869,山西省大同市广灵县蕉山乡杜庄村岔口三十七号,31B0,144030217,大同,客服,AC01101,20000.0,山西,294402.85,2020-09-09
广灵金隅水泥有限责任公司,316520416,1366584869,山西省大同市广灵县蕉山乡杜庄村岔口三十七号,31B0,144030217,大同,客服,AC01101,20000.0,山西,279450.2,2020-09-10
广灵金隅水泥有限责任公司,316520416,1366584869,山西省大同市广灵县蕉山乡杜庄村岔口三十七号,31B0,144030217,大同,客服,AC01101,20000.0,山西,292639.25,2020-09-11
广灵金隅水泥有限责任公司,316520416,1366584869,山西省大同市广灵县蕉山乡杜庄村岔口三十七号,31B0,144030217,大同,客服,AC01101,20000.0,山西,336600.7,2020-09-12
广灵金隅水泥有限责任公司,316520416,1366584869,山西省大同市广灵县蕉山乡杜庄村岔口三十七号,31B0,144030217,大同,客服,AC01101,20000.0,山西,348966.0,2020-09-13
广灵金隅水泥有限责任公司,316520416,1366584869,山西省大同市广灵县蕉山乡杜庄村岔口三十七号,31B0,144030217,大同,客服,AC01101,20000.0,山西,240741.9,2020-09-14
广灵金隅水泥有限责任公司,316520416,1366584869,山西省大同市广灵县蕉山乡杜庄村岔口三十七号,31B0,144030217,大同,客服,AC01101,20000.0,山西,255716.3,2020-09-15
广灵金隅水泥有限责任公司,316520416,1366584869,山西省大同市广灵县蕉山乡杜庄村岔口三十七号,31B0,144030217,大同,客服,AC01101,20000.0,山西,275071.5,2020-09-16
广灵金隅水泥有限责任公司,316520416,1366584869,山西省大同市广灵县蕉山乡杜庄村岔口三十七号,31B0,144030217,大同,客服,AC01101,20000.0,山西,283840.15,2020-09-17
广灵金隅水泥有限责任公司,316520416,1366584869,山西省大同市广灵县蕉山乡杜庄村岔口三十七号,31B0,144030217,大同,客服,AC01101,20000.0,山西,187045.1,2020-09-18
广灵金隅水泥有限责任公司,316520416,1366584869,山西省大同市广灵县蕉山乡杜庄村岔口三十七号,31B0,144030217,大同,客服,AC01101,20000.0,山西,187902.75,2020-09-19
广灵金隅水泥有限责任公司,316520416,1366584869,山西省大同市广灵县蕉山乡杜庄村岔口三十七号,31B0,144030217,大同,客服,AC01101,20000.0,山西,182638.2,2020-09-20
广灵金隅水泥有限责任公司,316520416,1366584869,山西省大同市广灵县蕉山乡杜庄村岔口三十七号,31B0,144030217,大同,客服,AC01101,20000.0,山西,228420.7,2020-09-21
广灵金隅水泥有限责任公司,316520416,1366584869,山西省大同市广灵县蕉山乡杜庄村岔口三十七号,31B0,144030217,大同,客服,AC01101,20000.0,山西,368353.9,2020-09-22
广灵金隅水泥有限责任公司,316520416,1366584869,山西省大同市广灵县蕉山乡杜庄村岔口三十七号,31B0,144030217,大同,客服,AC01101,20000.0,山西,233725.9,2020-09-23
广灵金隅水泥有限责任公司,316520416,1366584869,山西省大同市广灵县蕉山乡杜庄村岔口三十七号,31B0,144030217,大同,客服,AC01101,20000.0,山西,188838.55,2020-09-24
广灵金隅水泥有限责任公司,316520416,1366584869,山西省大同市广灵县蕉山乡杜庄村岔口三十七号,31B0,144030217,大同,客服,AC01101,20000.0,山西,230189.55,2020-09-25
广灵金隅水泥有限责任公司,316520416,1366584869,山西省大同市广灵县蕉山乡杜庄村岔口三十七号,31B0,144030217,大同,客服,AC01101,20000.0,山西,201138.75,2020-09-26
广灵金隅水泥有限责任公司,316520416,1366584869,山西省大同市广灵县蕉山乡杜庄村岔口三十七号,31B0,144030217,大同,客服,AC01101,20000.0,山西,224904.75,2020-09-27
广灵金隅水泥有限责任公司,316520416,1366584869,山西省大同市广灵县蕉山乡杜庄村岔口三十七号,31B0,144030217,大同,客服,AC01101,20000.0,山西,334021.75,2020-09-28
广灵金隅水泥有限责任公司,316520416,1366584869,山西省大同市广灵县蕉山乡杜庄村岔口三十七号,31B0,144030217,大同,客服,AC01101,20000.0,山西,296220.3,2020-09-29
广灵金隅水泥有限责任公司,316520416,1366584869,山西省大同市广灵县蕉山乡杜庄村岔口三十七号,31B0,144030217,大同,客服,AC01101,20000.0,山西,256619.7,2020-09-30
广灵金隅水泥有限责任公司,316520416,1366584869,山西省大同市广灵县蕉山乡杜庄村岔口三十七号,31B0,144030217,大同,客服,AC01101,20000.0,山西,213444.35,2020-10-01
广灵金隅水泥有限责任公司,316520416,1366584869,山西省大同市广灵县蕉山乡杜庄村岔口三十七号,31B0,144030217,大同,客服,AC01101,20000.0,山西,192318.65,2020-10-02
广灵金隅水泥有限责任公司,316520416,1366584869,山西省大同市广灵县蕉山乡杜庄村岔口三十七号,31B0,144030217,大同,客服,AC01101,20000.0,山西,254799.55,2020-10-03
广灵金隅水泥有限责任公司,316520416,1366584869,山西省大同市广灵县蕉山乡杜庄村岔口三十七号,31B0,144030217,大同,客服,AC01101,20000.0,山西,187084.25,2020-10-04
广灵金隅水泥有限责任公司,316520416,1366584869,山西省大同市广灵县蕉山乡杜庄村岔口三十七号,31B0,144030217,大同,客服,AC01101,20000.0,山西,143092.95,2020-10-05
广灵金隅水泥有限责任公司,316520416,1366584869,山西省大同市广灵县蕉山乡杜庄村岔口三十七号,31B0,144030217,大同,客服,AC01101,20000.0,山西,250428.05,2020-10-06
广灵金隅水泥有限责任公司,316520416,1366584869,山西省大同市广灵县蕉山乡杜庄村岔口三十七号,31B0,144030217,大同,客服,AC01101,20000.0,山西,215209.3,2020-10-07
广灵金隅水泥有限责任公司,316520416,1366584869,山西省大同市广灵县蕉山乡杜庄村岔口三十七号,31B0,144030217,大同,客服,AC01101,20000.0,山西,334913.15,2020-10-08
广灵金隅水泥有限责任公司,316520416,1366584869,山西省大同市广灵县蕉山乡杜庄村岔口三十七号,31B0,144030217,大同,客服,AC01101,20000.0,山西,272474.55,2020-10-09
广灵金隅水泥有限责任公司,316520416,1366584869,山西省大同市广灵县蕉山乡杜庄村岔口三十七号,31B0,144030217,大同,客服,AC01101,20000.0,山西,332398.1,2020-10-10
广灵金隅水泥有限责任公司,316520416,1366584869,山西省大同市广灵县蕉山乡杜庄村岔口三十七号,31B0,144030217,大同,客服,AC01101,20000.0,山西,178522.9,2020-10-11
广灵金隅水泥有限责任公司,316520416,1366584869,山西省大同市广灵县蕉山乡杜庄村岔口三十七号,31B0,144030217,大同,客服,AC01101,20000.0,山西,189063.25,2020-10-12
广灵金隅水泥有限责任公司,316520416,1366584869,山西省大同市广灵县蕉山乡杜庄村岔口三十七号,31B0,144030217,大同,客服,AC01101,20000.0,山西,267364.65,2020-10-13
广灵金隅水泥有限责任公司,316520416,1366584869,山西省大同市广灵县蕉山乡杜庄村岔口三十七号,31B0,144030217,大同,客服,AC01101,20000.0,山西,185526.9,2020-10-14
广灵金隅水泥有限责任公司,316520416,1366584869,山西省大同市广灵县蕉山乡杜庄村岔口三十七号,31B0,144030217,大同,客服,AC01101,20000.0,山西,747.15,2020-10-15
广灵金隅水泥有限责任公司,316520416,1366584869,山西省大同市广灵县蕉山乡杜庄村岔口三十七号,31B0,144030217,大同,客服,AC01101,20000.0,山西,741.6,2020-10-16
广灵金隅水泥有限责任公司,316520416,1366584869,山西省大同市广灵县蕉山乡杜庄村岔口三十七号,31B0,144030217,大同,客服,AC01101,20000.0,山西,725.4,2020-10-17
广灵金隅水泥有限责任公司,316520416,1366584869,山西省大同市广灵县蕉山乡杜庄村岔口三十七号,31B0,144030217,大同,客服,AC01101,20000.0,山西,710.25,2020-10-18
广灵金隅水泥有限责任公司,316520416,1366584869,山西省大同市广灵县蕉山乡杜庄村岔口三十七号,31B0,144030217,大同,客服,AC01101,20000.0,山西,258566.9,2020-10-19
广灵金隅水泥有限责任公司,316520416,1366584869,山西省大同市广灵县蕉山乡杜庄村岔口三十七号,31B0,144030217,大同,客服,AC01101,20000.0,山西,188167.35,2020-10-20
广灵金隅水泥有限责任公司,316520416,1366584869,山西省大同市广灵县蕉山乡杜庄村岔口三十七号,31B0,144030217,大同,客服,AC01101,20000.0,山西,190834.35,2020-10-21
广灵金隅水泥有限责任公司,316520416,1366584869,山西省大同市广灵县蕉山乡杜庄村岔口三十七号,31B0,144030217,大同,客服,AC01101,20000.0,山西,217250.85,2020-10-22
广灵金隅水泥有限责任公司,316520416,1366584869,山西省大同市广灵县蕉山乡杜庄村岔口三十七号,31B0,144030217,大同,客服,AC01101,20000.0,山西,184676.0,2020-10-23
广灵金隅水泥有限责任公司,316520416,1366584869,山西省大同市广灵县蕉山乡杜庄村岔口三十七号,31B0,144030217,大同,客服,AC01101,20000.0,山西,340401.2,2020-10-24
广灵金隅水泥有限责任公司,316520416,1366584869,山西省大同市广灵县蕉山乡杜庄村岔口三十七号,31B0,144030217,大同,客服,AC01101,20000.0,山西,344804.8,2020-10-25
广灵金隅水泥有限责任公司,316520416,1366584869,山西省大同市广灵县蕉山乡杜庄村岔口三十七号,31B0,144030217,大同,客服,AC01101,20000.0,山西,192502.1,2020-10-26
广灵金隅水泥有限责任公司,316520416,1366584869,山西省大同市广灵县蕉山乡杜庄村岔口三十七号,31B0,144030217,大同,客服,AC01101,20000.0,山西,192335.3,2020-10-27
广灵金隅水泥有限责任公司,316520416,1366584869,山西省大同市广灵县蕉山乡杜庄村岔口三十七号,31B0,144030217,大同,客服,AC01101,20000.0,山西,357867.4,2020-10-28
广灵金隅水泥有限责任公司,316520416,1366584869,山西省大同市广灵县蕉山乡杜庄村岔口三十七号,31B0,144030217,大同,客服,AC01101,20000.0,山西,193443.75,2020-10-29
广灵金隅水泥有限责任公司,316520416,1366584869,山西省大同市广灵县蕉山乡杜庄村岔口三十七号,31B0,144030217,大同,客服,AC01101,20000.0,山西,287602.85,2020-10-30
广灵金隅水泥有限责任公司,316520416,1366584869,山西省大同市广灵县蕉山乡杜庄村岔口三十七号,31B0,144030217,大同,客服,AC01101,20000.0,山西,188154.45,2020-10-31
广灵金隅水泥有限责任公司,316520416,1366584869,山西省大同市广灵县蕉山乡杜庄村岔口三十七号,31B0,144030217,大同,客服,AC01101,20000.0,山西,343045.7,2020-11-01
广灵金隅水泥有限责任公司,316520416,1366584869,山西省大同市广灵县蕉山乡杜庄村岔口三十七号,31B0,144030217,大同,客服,AC01101,20000.0,山西,344707.45,2020-11-02
广灵金隅水泥有限责任公司,316520416,1366584869,山西省大同市广灵县蕉山乡杜庄村岔口三十七号,31B0,144030217,大同,客服,AC01101,20000.0,山西,346438.65,2020-11-03
广灵金隅水泥有限责任公司,316520416,1366584869,山西省大同市广灵县蕉山乡杜庄村岔口三十七号,31B0,144030217,大同,客服,AC01101,20000.0,山西,108814.65,2020-11-04
广灵金隅水泥有限责任公司,316520416,1366584869,山西省大同市广灵县蕉山乡杜庄村岔口三十七号,31B0,144030217,大同,客服,AC01101,20000.0,山西,341957.65,2020-11-05
广灵金隅水泥有限责任公司,316520416,1366584869,山西省大同市广灵县蕉山乡杜庄村岔口三十七号,31B0,144030217,大同,客服,AC01101,20000.0,山西,158046.05,2020-11-06
广灵金隅水泥有限责任公司,316520416,1366584869,山西省大同市广灵县蕉山乡杜庄村岔口三十七号,31B0,144030217,大同,客服,AC01101,20000.0,山西,97327.85,2020-11-07
广灵金隅水泥有限责任公司,316520416,1366584869,山西省大同市广灵县蕉山乡杜庄村岔口三十七号,31B0,144030217,大同,客服,AC01101,20000.0,山西,240919.5,2020-11-08
广灵金隅水泥有限责任公司,316520416,1366584869,山西省大同市广灵县蕉山乡杜庄村岔口三十七号,31B0,144030217,大同,客服,AC01101,20000.0,山西,343747.2,2020-11-09
广灵金隅水泥有限责任公司,316520416,1366584869,山西省大同市广灵县蕉山乡杜庄村岔口三十七号,31B0,144030217,大同,客服,AC01101,20000.0,山西,304151.55,2020-11-10
广灵金隅水泥有限责任公司,316520416,1366584869,山西省大同市广灵县蕉山乡杜庄村岔口三十七号,31B0,144030217,大同,客服,AC01101,20000.0,山西,245243.45,2020-11-11
广灵金隅水泥有限责任公司,316520416,1366584869,山西省大同市广灵县蕉山乡杜庄村岔口三十七号,31B0,144030217,大同,客服,AC01101,20000.0,山西,134331.05,2020-11-12
广灵金隅水泥有限责任公司,316520416,1366584869,山西省大同市广灵县蕉山乡杜庄村岔口三十七号,31B0,144030217,大同,客服,AC01101,20000.0,山西,116666.4,2020-11-13
广灵金隅水泥有限责任公司,316520416,1366584869,山西省大同市广灵县蕉山乡杜庄村岔口三十七号,31B0,144030217,大同,客服,AC01101,20000.0,山西,231934.4,2020-11-14
广灵金隅水泥有限责任公司,316520416,1366584869,山西省大同市广灵县蕉山乡杜庄村岔口三十七号,31B0,144030217,大同,客服,AC01101,20000.0,山西,342815.6,2020-11-15
广灵金隅水泥有限责任公司,316520416,1366584869,山西省大同市广灵县蕉山乡杜庄村岔口三十七号,31B0,144030217,大同,客服,AC01101,20000.0,山西,254854.15,2020-11-16
广灵金隅水泥有限责任公司,316520416,1366584869,山西省大同市广灵县蕉山乡杜庄村岔口三十七号,31B0,144030217,大同,客服,AC01101,20000.0,山西,221440.1,2020-11-17
广灵金隅水泥有限责任公司,316520416,1366584869,山西省大同市广灵县蕉山乡杜庄村岔口三十七号,31B0,144030217,大同,客服,AC01101,20000.0,山西,215331.1,2020-11-18
广灵金隅水泥有限责任公司,316520416,1366584869,山西省大同市广灵县蕉山乡杜庄村岔口三十七号,31B0,144030217,大同,客服,AC01101,20000.0,山西,225886.3,2020-11-19
广灵金隅水泥有限责任公司,316520416,1366584869,山西省大同市广灵县蕉山乡杜庄村岔口三十七号,31B0,144030217,大同,客服,AC01101,20000.0,山西,128368.0,2020-11-20
广灵金隅水泥有限责任公司,316520416,1366584869,山西省大同市广灵县蕉山乡杜庄村岔口三十七号,31B0,144030217,大同,客服,AC01101,20000.0,山西,128545.6,2020-11-21
广灵金隅水泥有限责任公司,316520416,1366584869,山西省大同市广灵县蕉山乡杜庄村岔口三十七号,31B0,144030217,大同,客服,AC01101,20000.0,山西,129505.1,2020-11-22
广灵金隅水泥有限责任公司,316520416,1366584869,山西省大同市广灵县蕉山乡杜庄村岔口三十七号,31B0,144030217,大同,客服,AC01101,20000.0,山西,136629.7,2020-11-23
广灵金隅水泥有限责任公司,316520416,1366584869,山西省大同市广灵县蕉山乡杜庄村岔口三十七号,31B0,144030217,大同,客服,AC01101,20000.0,山西,136661.2,2020-11-24
广灵金隅水泥有限责任公司,316520416,1366584869,山西省大同市广灵县蕉山乡杜庄村岔口三十七号,31B0,144030217,大同,客服,AC01101,20000.0,山西,116308.1,2020-11-25
广灵金隅水泥有限责任公司,316520416,1366584869,山西省大同市广灵县蕉山乡杜庄村岔口三十七号,31B0,144030217,大同,客服,AC01101,20000.0,山西,115430.35,2020-11-26
广灵金隅水泥有限责任公司,316520416,1366584869,山西省大同市广灵县蕉山乡杜庄村岔口三十七号,31B0,144030217,大同,客服,AC01101,20000.0,山西,1015.05,2020-11-27
广灵金隅水泥有限责任公司,316520416,1366584869,山西省大同市广灵县蕉山乡杜庄村岔口三十七号,31B0,144030217,大同,客服,AC01101,20000.0,山西,915.45,2020-11-28
广灵金隅水泥有限责任公司,316520416,1366584869,山西省大同市广灵县蕉山乡杜庄村岔口三十七号,31B0,144030217,大同,客服,AC01101,20000.0,山西,972.45,2020-11-29
广灵金隅水泥有限责任公司,316520416,1366584869,山西省大同市广灵县蕉山乡杜庄村岔口三十七号,31B0,144030217,大同,客服,AC01101,20000.0,山西,1044.15,2020-11-30
广灵金隅水泥有限责任公司,316520416,1366584869,山西省大同市广灵县蕉山乡杜庄村岔口三十七号,31B0,144030217,大同,客服,AC01101,20000.0,山西,1172.7,2020-12-01
广灵金隅水泥有限责任公司,316520416,1366584869,山西省大同市广灵县蕉山乡杜庄村岔口三十七号,31B0,144030217,大同,客服,AC01101,20000.0,山西,1064.55,2020-12-02
广灵金隅水泥有限责任公司,316520416,1366584869,山西省大同市广灵县蕉山乡杜庄村岔口三十七号,31B0,144030217,大同,客服,AC01101,20000.0,山西,1005.45,2020-12-03
广灵金隅水泥有限责任公司,316520416,1366584869,山西省大同市广灵县蕉山乡杜庄村岔口三十七号,31B0,144030217,大同,客服,AC01101,20000.0,山西,1005.78,2020-12-04
广灵金隅水泥有限责任公司,316520416,1366584869,山西省大同市广灵县蕉山乡杜庄村岔口三十七号,31B0,144030217,大同,客服,AC01101,20000.0,山西,972.63,2020-12-05
广灵金隅水泥有限责任公司,316520416,1366584869,山西省大同市广灵县蕉山乡杜庄村岔口三十七号,31B0,144030217,大同,客服,AC01101,20000.0,山西,1016.7,2020-12-06
广灵金隅水泥有限责任公司,316520416,1366584869,山西省大同市广灵县蕉山乡杜庄村岔口三十七号,31B0,144030217,大同,客服,AC01101,20000.0,山西,1118.25,2020-12-07
广灵金隅水泥有限责任公司,316520416,1366584869,山西省大同市广灵县蕉山乡杜庄村岔口三十七号,31B0,144030217,大同,客服,AC01101,20000.0,山西,1077.15,2020-12-08
太原狮头中联水泥有限责任公司,114573230,1518116529,山西省太原市万柏林区西铭街道办事处开城街1号,31B0,144011214,太原,客服,AC01101,35000.0,山西,379080.0,2020-08-18
太原狮头中联水泥有限责任公司,114573230,1518116529,山西省太原市万柏林区西铭街道办事处开城街1号,31B0,144011214,太原,客服,AC01101,35000.0,山西,477560.0,2020-08-19
太原狮头中联水泥有限责任公司,114573230,1518116529,山西省太原市万柏林区西铭街道办事处开城街1号,31B0,144011214,太原,客服,AC01101,35000.0,山西,464760.0,2020-08-20
太原狮头中联水泥有限责任公司,114573230,1518116529,山西省太原市万柏林区西铭街道办事处开城街1号,31B0,144011214,太原,客服,AC01101,35000.0,山西,589820.0,2020-08-25
太原狮头中联水泥有限责任公司,114573230,1518116529,山西省太原市万柏林区西铭街道办事处开城街1号,31B0,144011214,太原,客服,AC01101,35000.0,山西,426160.0,2020-08-27
太原狮头中联水泥有限责任公司,114573230,1518116529,山西省太原市万柏林区西铭街道办事处开城街1号,31B0,144011214,太原,客服,AC01101,35000.0,山西,473960.0,2020-07-01
太原狮头中联水泥有限责任公司,114573230,1518116529,山西省太原市万柏林区西铭街道办事处开城街1号,31B0,144011214,太原,客服,AC01101,35000.0,山西,460960.0,2020-07-09
太原狮头中联水泥有限责任公司,114573230,1518116529,山西省太原市万柏林区西铭街道办事处开城街1号,31B0,144011214,太原,客服,AC01101,35000.0,山西,512160.0,2020-10-17
太原狮头中联水泥有限责任公司,114573230,1518116529,山西省太原市万柏林区西铭街道办事处开城街1号,31B0,144011214,太原,客服,AC01101,35000.0,山西,184140.0,2020-09-11
太原狮头中联水泥有限责任公司,114573230,1518116529,山西省太原市万柏林区西铭街道办事处开城街1号,31B0,144011214,太原,客服,AC01101,35000.0,山西,460860.0,2020-08-31
太原狮头中联水泥有限责任公司,114573230,1518116529,山西省太原市万柏林区西铭街道办事处开城街1号,31B0,144011214,太原,客服,AC01101,35000.0,山西,155100.0,2020-09-02
太原狮头中联水泥有限责任公司,114573230,1518116529,山西省太原市万柏林区西铭街道办事处开城街1号,31B0,144011214,太原,客服,AC01101,35000.0,山西,192720.0,2020-07-22
太原狮头中联水泥有限责任公司,114573230,1518116529,山西省太原市万柏林区西铭街道办事处开城街1号,31B0,144011214,太原,客服,AC01101,35000.0,山西,183480.0,2020-07-27
太原狮头中联水泥有限责任公司,114573230,1518116529,山西省太原市万柏林区西铭街道办事处开城街1号,31B0,144011214,太原,客服,AC01101,35000.0,山西,193380.0,2020-09-03
太原狮头中联水泥有限责任公司,114573230,1518116529,山西省太原市万柏林区西铭街道办事处开城街1号,31B0,144011214,太原,客服,AC01101,35000.0,山西,184140.0,2020-09-04
太原狮头中联水泥有限责任公司,114573230,1518116529,山西省太原市万柏林区西铭街道办事处开城街1号,31B0,144011214,太原,客服,AC01101,35000.0,山西,177540.0,2020-09-05
太原狮头中联水泥有限责任公司,114573230,1518116529,山西省太原市万柏林区西铭街道办事处开城街1号,31B0,144011214,太原,客服,AC01101,35000.0,山西,186120.0,2020-07-28
太原狮头中联水泥有限责任公司,114573230,1518116529,山西省太原市万柏林区西铭街道办事处开城街1号,31B0,144011214,太原,客服,AC01101,35000.0,山西,183480.0,2020-07-29
太原狮头中联水泥有限责任公司,114573230,1518116529,山西省太原市万柏林区西铭街道办事处开城街1号,31B0,144011214,太原,客服,AC01101,35000.0,山西,176220.0,2020-08-02
太原狮头中联水泥有限责任公司,114573230,1518116529,山西省太原市万柏林区西铭街道办事处开城街1号,31B0,144011214,太原,客服,AC01101,35000.0,山西,420760.0,2020-08-07
太原狮头中联水泥有限责任公司,114573230,1518116529,山西省太原市万柏林区西铭街道办事处开城街1号,31B0,144011214,太原,客服,AC01101,35000.0,山西,469120.0,2020-08-08
太原狮头中联水泥有限责任公司,114573230,1518116529,山西省太原市万柏林区西铭街道办事处开城街1号,31B0,144011214,太原,客服,AC01101,35000.0,山西,194040.0,2020-09-07
太原狮头中联水泥有限责任公司,114573230,1518116529,山西省太原市万柏林区西铭街道办事处开城街1号,31B0,144011214,太原,客服,AC01101,35000.0,山西,478300.0,2020-07-04
太原狮头中联水泥有限责任公司,114573230,1518116529,山西省太原市万柏林区西铭街道办事处开城街1号,31B0,144011214,太原,客服,AC01101,35000.0,山西,458640.0,2020-07-02
太原狮头中联水泥有限责任公司,114573230,1518116529,山西省太原市万柏林区西铭街道办事处开城街1号,31B0,144011214,太原,客服,AC01101,35000.0,山西,472460.0,2020-07-03
太原狮头中联水泥有限责任公司,114573230,1518116529,山西省太原市万柏林区西铭街道办事处开城街1号,31B0,144011214,太原,客服,AC01101,35000.0,山西,421960.0,2020-07-05
太原狮头中联水泥有限责任公司,114573230,1518116529,山西省太原市万柏林区西铭街道办事处开城街1号,31B0,144011214,太原,客服,AC01101,35000.0,山西,474940.0,2020-07-06
太原狮头中联水泥有限责任公司,114573230,1518116529,山西省太原市万柏林区西铭街道办事处开城街1号,31B0,144011214,太原,客服,AC01101,35000.0,山西,449660.0,2020-07-07
太原狮头中联水泥有限责任公司,114573230,1518116529,山西省太原市万柏林区西铭街道办事处开城街1号,31B0,144011214,太原,客服,AC01101,35000.0,山西,490300.0,2020-07-08
太原狮头中联水泥有限责任公司,114573230,1518116529,山西省太原市万柏林区西铭街道办事处开城街1号,31B0,144011214,太原,客服,AC01101,35000.0,山西,468300.0,2020-07-10
太原狮头中联水泥有限责任公司,114573230,1518116529,山西省太原市万柏林区西铭街道办事处开城街1号,31B0,144011214,太原,客服,AC01101,35000.0,山西,455480.0,2020-07-11
太原狮头中联水泥有限责任公司,114573230,1518116529,山西省太原市万柏林区西铭街道办事处开城街1号,31B0,144011214,太原,客服,AC01101,35000.0,山西,474760.0,2020-07-12
太原狮头中联水泥有限责任公司,114573230,1518116529,山西省太原市万柏林区西铭街道办事处开城街1号,31B0,144011214,太原,客服,AC01101,35000.0,山西,471380.0,2020-07-13
太原狮头中联水泥有限责任公司,114573230,1518116529,山西省太原市万柏林区西铭街道办事处开城街1号,31B0,144011214,太原,客服,AC01101,35000.0,山西,466700.0,2020-07-14
太原狮头中联水泥有限责任公司,114573230,1518116529,山西省太原市万柏林区西铭街道办事处开城街1号,31B0,144011214,太原,客服,AC01101,35000.0,山西,428780.0,2020-07-15
太原狮头中联水泥有限责任公司,114573230,1518116529,山西省太原市万柏林区西铭街道办事处开城街1号,31B0,144011214,太原,客服,AC01101,35000.0,山西,229680.0,2020-07-16
太原狮头中联水泥有限责任公司,114573230,1518116529,山西省太原市万柏林区西铭街道办事处开城街1号,31B0,144011214,太原,客服,AC01101,35000.0,山西,196020.0,2020-07-17
太原狮头中联水泥有限责任公司,114573230,1518116529,山西省太原市万柏林区西铭街道办事处开城街1号,31B0,144011214,太原,客服,AC01101,35000.0,山西,154440.0,2020-07-18
太原狮头中联水泥有限责任公司,114573230,1518116529,山西省太原市万柏林区西铭街道办事处开城街1号,31B0,144011214,太原,客服,AC01101,35000.0,山西,184800.0,2020-07-19
太原狮头中联水泥有限责任公司,114573230,1518116529,山西省太原市万柏林区西铭街道办事处开城街1号,31B0,144011214,太原,客服,AC01101,35000.0,山西,168960.0,2020-07-20
太原狮头中联水泥有限责任公司,114573230,1518116529,山西省太原市万柏林区西铭街道办事处开城街1号,31B0,144011214,太原,客服,AC01101,35000.0,山西,130020.0,2020-07-21
太原狮头中联水泥有限责任公司,114573230,1518116529,山西省太原市万柏林区西铭街道办事处开城街1号,31B0,144011214,太原,客服,AC01101,35000.0,山西,193380.0,2020-07-23
太原狮头中联水泥有限责任公司,114573230,1518116529,山西省太原市万柏林区西铭街道办事处开城街1号,31B0,144011214,太原,客服,AC01101,35000.0,山西,106820.0,2020-07-24
太原狮头中联水泥有限责任公司,114573230,1518116529,山西省太原市万柏林区西铭街道办事处开城街1号,31B0,144011214,太原,客服,AC01101,35000.0,山西,265420.0,2020-07-25
太原狮头中联水泥有限责任公司,114573230,1518116529,山西省太原市万柏林区西铭街道办事处开城街1号,31B0,144011214,太原,客服,AC01101,35000.0,山西,184800.0,2020-07-26
太原狮头中联水泥有限责任公司,114573230,1518116529,山西省太原市万柏林区西铭街道办事处开城街1号,31B0,144011214,太原,客服,AC01101,35000.0,山西,172920.0,2020-07-30
太原狮头中联水泥有限责任公司,114573230,1518116529,山西省太原市万柏林区西铭街道办事处开城街1号,31B0,144011214,太原,客服,AC01101,35000.0,山西,105500.0,2020-07-31
太原狮头中联水泥有限责任公司,114573230,1518116529,山西省太原市万柏林区西铭街道办事处开城街1号,31B0,144011214,太原,客服,AC01101,35000.0,山西,254200.0,2020-08-01
太原狮头中联水泥有限责任公司,114573230,1518116529,山西省太原市万柏林区西铭街道办事处开城街1号,31B0,144011214,太原,客服,AC01101,35000.0,山西,175560.0,2020-08-03
太原狮头中联水泥有限责任公司,114573230,1518116529,山西省太原市万柏林区西铭街道办事处开城街1号,31B0,144011214,太原,客服,AC01101,35000.0,山西,205920.0,2020-08-04
太原狮头中联水泥有限责任公司,114573230,1518116529,山西省太原市万柏林区西铭街道办事处开城街1号,31B0,144011214,太原,客服,AC01101,35000.0,山西,269940.0,2020-08-05
太原狮头中联水泥有限责任公司,114573230,1518116529,山西省太原市万柏林区西铭街道办事处开城街1号,31B0,144011214,太原,客服,AC01101,35000.0,山西,386760.0,2020-08-06
太原狮头中联水泥有限责任公司,114573230,1518116529,山西省太原市万柏林区西铭街道办事处开城街1号,31B0,144011214,太原,客服,AC01101,35000.0,山西,460280.0,2020-08-09
太原狮头中联水泥有限责任公司,114573230,1518116529,山西省太原市万柏林区西铭街道办事处开城街1号,31B0,144011214,太原,客服,AC01101,35000.0,山西,397580.0,2020-08-10
太原狮头中联水泥有限责任公司,114573230,1518116529,山西省太原市万柏林区西铭街道办事处开城街1号,31B0,144011214,太原,客服,AC01101,35000.0,山西,533500.0,2020-08-11
太原狮头中联水泥有限责任公司,114573230,1518116529,山西省太原市万柏林区西铭街道办事处开城街1号,31B0,144011214,太原,客服,AC01101,35000.0,山西,573320.0,2020-08-12
太原狮头中联水泥有限责任公司,114573230,1518116529,山西省太原市万柏林区西铭街道办事处开城街1号,31B0,144011214,太原,客服,AC01101,35000.0,山西,466440.0,2020-08-13
太原狮头中联水泥有限责任公司,114573230,1518116529,山西省太原市万柏林区西铭街道办事处开城街1号,31B0,144011214,太原,客服,AC01101,35000.0,山西,587920.0,2020-08-14
太原狮头中联水泥有限责任公司,114573230,1518116529,山西省太原市万柏林区西铭街道办事处开城街1号,31B0,144011214,太原,客服,AC01101,35000.0,山西,443160.0,2020-08-15
太原狮头中联水泥有限责任公司,114573230,1518116529,山西省太原市万柏林区西铭街道办事处开城街1号,31B0,144011214,太原,客服,AC01101,35000.0,山西,483600.0,2020-08-16
太原狮头中联水泥有限责任公司,114573230,1518116529,山西省太原市万柏林区西铭街道办事处开城街1号,31B0,144011214,太原,客服,AC01101,35000.0,山西,394420.0,2020-08-17
太原狮头中联水泥有限责任公司,114573230,1518116529,山西省太原市万柏林区西铭街道办事处开城街1号,31B0,144011214,太原,客服,AC01101,35000.0,山西,477080.0,2020-08-21
太原狮头中联水泥有限责任公司,114573230,1518116529,山西省太原市万柏林区西铭街道办事处开城街1号,31B0,144011214,太原,客服,AC01101,35000.0,山西,506900.0,2020-08-22
太原狮头中联水泥有限责任公司,114573230,1518116529,山西省太原市万柏林区西铭街道办事处开城街1号,31B0,144011214,太原,客服,AC01101,35000.0,山西,527900.0,2020-08-23
太原狮头中联水泥有限责任公司,114573230,1518116529,山西省太原市万柏林区西铭街道办事处开城街1号,31B0,144011214,太原,客服,AC01101,35000.0,山西,434580.0,2020-08-24
太原狮头中联水泥有限责任公司,114573230,1518116529,山西省太原市万柏林区西铭街道办事处开城街1号,31B0,144011214,太原,客服,AC01101,35000.0,山西,413280.0,2020-08-26
太原狮头中联水泥有限责任公司,114573230,1518116529,山西省太原市万柏林区西铭街道办事处开城街1号,31B0,144011214,太原,客服,AC01101,35000.0,山西,409660.0,2020-08-28
太原狮头中联水泥有限责任公司,114573230,1518116529,山西省太原市万柏林区西铭街道办事处开城街1号,31B0,144011214,太原,客服,AC01101,35000.0,山西,417420.0,2020-08-29
太原狮头中联水泥有限责任公司,114573230,1518116529,山西省太原市万柏林区西铭街道办事处开城街1号,31B0,144011214,太原,客服,AC01101,35000.0,山西,451920.0,2020-08-30
太原狮头中联水泥有限责任公司,114573230,1518116529,山西省太原市万柏林区西铭街道办事处开城街1号,31B0,144011214,太原,客服,AC01101,35000.0,山西,455400.0,2020-09-01
太原狮头中联水泥有限责任公司,114573230,1518116529,山西省太原市万柏林区西铭街道办事处开城街1号,31B0,144011214,太原,客服,AC01101,35000.0,山西,225060.0,2020-09-06
太原狮头中联水泥有限责任公司,114573230,1518116529,山西省太原市万柏林区西铭街道办事处开城街1号,31B0,144011214,太原,客服,AC01101,35000.0,山西,183480.0,2020-09-08
太原狮头中联水泥有限责任公司,114573230,1518116529,山西省太原市万柏林区西铭街道办事处开城街1号,31B0,144011214,太原,客服,AC01101,35000.0,山西,168300.0,2020-09-09
太原狮头中联水泥有限责任公司,114573230,1518116529,山西省太原市万柏林区西铭街道办事处开城街1号,31B0,144011214,太原,客服,AC01101,35000.0,山西,180180.0,2020-09-10
太原狮头中联水泥有限责任公司,114573230,1518116529,山西省太原市万柏林区西铭街道办事处开城街1号,31B0,144011214,太原,客服,AC01101,35000.0,山西,182160.0,2020-09-12
太原狮头中联水泥有限责任公司,114573230,1518116529,山西省太原市万柏林区西铭街道办事处开城街1号,31B0,144011214,太原,客服,AC01101,35000.0,山西,180840.0,2020-09-13
太原狮头中联水泥有限责任公司,114573230,1518116529,山西省太原市万柏林区西铭街道办事处开城街1号,31B0,144011214,太原,客服,AC01101,35000.0,山西,151140.0,2020-09-14
太原狮头中联水泥有限责任公司,114573230,1518116529,山西省太原市万柏林区西铭街道办事处开城街1号,31B0,144011214,太原,客服,AC01101,35000.0,山西,117480.0,2020-09-15
太原狮头中联水泥有限责任公司,114573230,1518116529,山西省太原市万柏林区西铭街道办事处开城街1号,31B0,144011214,太原,客服,AC01101,35000.0,山西,176880.0,2020-09-16
太原狮头中联水泥有限责任公司,114573230,1518116529,山西省太原市万柏林区西铭街道办事处开城街1号,31B0,144011214,太原,客服,AC01101,35000.0,山西,128040.0,2020-09-17
太原狮头中联水泥有限责任公司,114573230,1518116529,山西省太原市万柏林区西铭街道办事处开城街1号,31B0,144011214,太原,客服,AC01101,35000.0,山西,189420.0,2020-09-18
太原狮头中联水泥有限责任公司,114573230,1518116529,山西省太原市万柏林区西铭街道办事处开城街1号,31B0,144011214,太原,客服,AC01101,35000.0,山西,184140.0,2020-09-19
太原狮头中联水泥有限责任公司,114573230,1518116529,山西省太原市万柏林区西铭街道办事处开城街1号,31B0,144011214,太原,客服,AC01101,35000.0,山西,180180.0,2020-09-20
太原狮头中联水泥有限责任公司,114573230,1518116529,山西省太原市万柏林区西铭街道办事处开城街1号,31B0,144011214,太原,客服,AC01101,35000.0,山西,187440.0,2020-09-21
太原狮头中联水泥有限责任公司,114573230,1518116529,山西省太原市万柏林区西铭街道办事处开城街1号,31B0,144011214,太原,客服,AC01101,35000.0,山西,180180.0,2020-09-22
太原狮头中联水泥有限责任公司,114573230,1518116529,山西省太原市万柏林区西铭街道办事处开城街1号,31B0,144011214,太原,客服,AC01101,35000.0,山西,230340.0,2020-09-23
太原狮头中联水泥有限责任公司,114573230,1518116529,山西省太原市万柏林区西铭街道办事处开城街1号,31B0,144011214,太原,客服,AC01101,35000.0,山西,99660.0,2020-09-24
太原狮头中联水泥有限责任公司,114573230,1518116529,山西省太原市万柏林区西铭街道办事处开城街1号,31B0,144011214,太原,客服,AC01101,35000.0,山西,309540.0,2020-09-25
太原狮头中联水泥有限责任公司,114573230,1518116529,山西省太原市万柏林区西铭街道办事处开城街1号,31B0,144011214,太原,客服,AC01101,35000.0,山西,151800.0,2020-09-26
太原狮头中联水泥有限责任公司,114573230,1518116529,山西省太原市万柏林区西铭街道办事处开城街1号,31B0,144011214,太原,客服,AC01101,35000.0,山西,149160.0,2020-09-27
太原狮头中联水泥有限责任公司,114573230,1518116529,山西省太原市万柏林区西铭街道办事处开城街1号,31B0,144011214,太原,客服,AC01101,35000.0,山西,143880.0,2020-09-28
太原狮头中联水泥有限责任公司,114573230,1518116529,山西省太原市万柏林区西铭街道办事处开城街1号,31B0,144011214,太原,客服,AC01101,35000.0,山西,157080.0,2020-09-29
太原狮头中联水泥有限责任公司,114573230,1518116529,山西省太原市万柏林区西铭街道办事处开城街1号,31B0,144011214,太原,客服,AC01101,35000.0,山西,1980.0,2020-09-30
太原狮头中联水泥有限责任公司,114573230,1518116529,山西省太原市万柏林区西铭街道办事处开城街1号,31B0,144011214,太原,客服,AC01101,35000.0,山西,297660.0,2020-10-01
太原狮头中联水泥有限责任公司,114573230,1518116529,山西省太原市万柏林区西铭街道办事处开城街1号,31B0,144011214,太原,客服,AC01101,35000.0,山西,145860.0,2020-10-02
太原狮头中联水泥有限责任公司,114573230,1518116529,山西省太原市万柏林区西铭街道办事处开城街1号,31B0,144011214,太原,客服,AC01101,35000.0,山西,193380.0,2020-10-03
太原狮头中联水泥有限责任公司,114573230,1518116529,山西省太原市万柏林区西铭街道办事处开城街1号,31B0,144011214,太原,客服,AC01101,35000.0,山西,160380.0,2020-10-04
太原狮头中联水泥有限责任公司,114573230,1518116529,山西省太原市万柏林区西铭街道办事处开城街1号,31B0,144011214,太原,客服,AC01101,35000.0,山西,241560.0,2020-10-05
太原狮头中联水泥有限责任公司,114573230,1518116529,山西省太原市万柏林区西铭街道办事处开城街1号,31B0,144011214,太原,客服,AC01101,35000.0,山西,307560.0,2020-10-06
太原狮头中联水泥有限责任公司,114573230,1518116529,山西省太原市万柏林区西铭街道办事处开城街1号,31B0,144011214,太原,客服,AC01101,35000.0,山西,200640.0,2020-10-07
太原狮头中联水泥有限责任公司,114573230,1518116529,山西省太原市万柏林区西铭街道办事处开城街1号,31B0,144011214,太原,客服,AC01101,35000.0,山西,438240.0,2020-10-08
太原狮头中联水泥有限责任公司,114573230,1518116529,山西省太原市万柏林区西铭街道办事处开城街1号,31B0,144011214,太原,客服,AC01101,35000.0,山西,381100.0,2020-10-09
太原狮头中联水泥有限责任公司,114573230,1518116529,山西省太原市万柏林区西铭街道办事处开城街1号,31B0,144011214,太原,客服,AC01101,35000.0,山西,401260.0,2020-10-10
太原狮头中联水泥有限责任公司,114573230,1518116529,山西省太原市万柏林区西铭街道办事处开城街1号,31B0,144011214,太原,客服,AC01101,35000.0,山西,507560.0,2020-10-11
太原狮头中联水泥有限责任公司,114573230,1518116529,山西省太原市万柏林区西铭街道办事处开城街1号,31B0,144011214,太原,客服,AC01101,35000.0,山西,220620.0,2020-10-12
太原狮头中联水泥有限责任公司,114573230,1518116529,山西省太原市万柏林区西铭街道办事处开城街1号,31B0,144011214,太原,客服,AC01101,35000.0,山西,197540.0,2020-10-13
太原狮头中联水泥有限责任公司,114573230,1518116529,山西省太原市万柏林区西铭街道办事处开城街1号,31B0,144011214,太原,客服,AC01101,35000.0,山西,87120.0,2020-10-14
太原狮头中联水泥有限责任公司,114573230,1518116529,山西省太原市万柏林区西铭街道办事处开城街1号,31B0,144011214,太原,客服,AC01101,35000.0,山西,157080.0,2020-10-15
太原狮头中联水泥有限责任公司,114573230,1518116529,山西省太原市万柏林区西铭街道办事处开城街1号,31B0,144011214,太原,客服,AC01101,35000.0,山西,211200.0,2020-10-16
太原狮头中联水泥有限责任公司,114573230,1518116529,山西省太原市万柏林区西铭街道办事处开城街1号,31B0,144011214,太原,客服,AC01101,35000.0,山西,330660.0,2020-10-18
太原狮头中联水泥有限责任公司,114573230,1518116529,山西省太原市万柏林区西铭街道办事处开城街1号,31B0,144011214,太原,客服,AC01101,35000.0,山西,317460.0,2020-10-19
太原狮头中联水泥有限责任公司,114573230,1518116529,山西省太原市万柏林区西铭街道办事处开城街1号,31B0,144011214,太原,客服,AC01101,35000.0,山西,320760.0,2020-10-20
太原狮头中联水泥有限责任公司,114573230,1518116529,山西省太原市万柏林区西铭街道办事处开城街1号,31B0,144011214,太原,客服,AC01101,35000.0,山西,422740.0,2020-10-22
太原狮头中联水泥有限责任公司,114573230,1518116529,山西省太原市万柏林区西铭街道办事处开城街1号,31B0,144011214,太原,客服,AC01101,35000.0,山西,487740.0,2020-10-23
太原狮头中联水泥有限责任公司,114573230,1518116529,山西省太原市万柏林区西铭街道办事处开城街1号,31B0,144011214,太原,客服,AC01101,35000.0,山西,264540.0,2020-10-24
太原狮头中联水泥有限责任公司,114573230,1518116529,山西省太原市万柏林区西铭街道办事处开城街1号,31B0,144011214,太原,客服,AC01101,35000.0,山西,239260.0,2020-10-25
太原狮头中联水泥有限责任公司,114573230,1518116529,山西省太原市万柏林区西铭街道办事处开城街1号,31B0,144011214,太原,客服,AC01101,35000.0,山西,155760.0,2020-10-26
太原狮头中联水泥有限责任公司,114573230,1518116529,山西省太原市万柏林区西铭街道办事处开城街1号,31B0,144011214,太原,客服,AC01101,35000.0,山西,151800.0,2020-10-27
太原狮头中联水泥有限责任公司,114573230,1518116529,山西省太原市万柏林区西铭街道办事处开城街1号,31B0,144011214,太原,客服,AC01101,35000.0,山西,172260.0,2020-10-28
太原狮头中联水泥有限责任公司,114573230,1518116529,山西省太原市万柏林区西铭街道办事处开城街1号,31B0,144011214,太原,客服,AC01101,35000.0,山西,178860.0,2020-10-29
太原狮头中联水泥有限责任公司,114573230,1518116529,山西省太原市万柏林区西铭街道办事处开城街1号,31B0,144011214,太原,客服,AC01101,35000.0,山西,168960.0,2020-10-30
太原狮头中联水泥有限责任公司,114573230,1518116529,山西省太原市万柏林区西铭街道办事处开城街1号,31B0,144011214,太原,客服,AC01101,35000.0,山西,364980.0,2020-10-31
太原狮头中联水泥有限责任公司,114573230,1518116529,山西省太原市万柏林区西铭街道办事处开城街1号,31B0,144011214,太原,客服,AC01101,35000.0,山西,611160.0,2020-11-01
太原狮头中联水泥有限责任公司,114573230,1518116529,山西省太原市万柏林区西铭街道办事处开城街1号,31B0,144011214,太原,客服,AC01101,35000.0,山西,518100.0,2020-11-02
太原狮头中联水泥有限责任公司,114573230,1518116529,山西省太原市万柏林区西铭街道办事处开城街1号,31B0,144011214,太原,客服,AC01101,35000.0,山西,558220.0,2020-11-03
太原狮头中联水泥有限责任公司,114573230,1518116529,山西省太原市万柏林区西铭街道办事处开城街1号,31B0,144011214,太原,客服,AC01101,35000.0,山西,617200.0,2020-11-04
太原狮头中联水泥有限责任公司,114573230,1518116529,山西省太原市万柏林区西铭街道办事处开城街1号,31B0,144011214,太原,客服,AC01101,35000.0,山西,471280.0,2020-11-05
太原狮头中联水泥有限责任公司,114573230,1518116529,山西省太原市万柏林区西铭街道办事处开城街1号,31B0,144011214,太原,客服,AC01101,35000.0,山西,469660.0,2020-11-06
太原狮头中联水泥有限责任公司,114573230,1518116529,山西省太原市万柏林区西铭街道办事处开城街1号,31B0,144011214,太原,客服,AC01101,35000.0,山西,509720.0,2020-11-07
太原狮头中联水泥有限责任公司,114573230,1518116529,山西省太原市万柏林区西铭街道办事处开城街1号,31B0,144011214,太原,客服,AC01101,35000.0,山西,544800.0,2020-11-08
太原狮头中联水泥有限责任公司,114573230,1518116529,山西省太原市万柏林区西铭街道办事处开城街1号,31B0,144011214,太原,客服,AC01101,35000.0,山西,476540.0,2020-11-09
太原狮头中联水泥有限责任公司,114573230,1518116529,山西省太原市万柏林区西铭街道办事处开城街1号,31B0,144011214,太原,客服,AC01101,35000.0,山西,468460.0,2020-11-10
太原狮头中联水泥有限责任公司,114573230,1518116529,山西省太原市万柏林区西铭街道办事处开城街1号,31B0,144011214,太原,客服,AC01101,35000.0,山西,447380.0,2020-11-11
太原狮头中联水泥有限责任公司,114573230,1518116529,山西省太原市万柏林区西铭街道办事处开城街1号,31B0,144011214,太原,客服,AC01101,35000.0,山西,406020.0,2020-11-12
太原狮头中联水泥有限责任公司,114573230,1518116529,山西省太原市万柏林区西铭街道办事处开城街1号,31B0,144011214,太原,客服,AC01101,35000.0,山西,455620.0,2020-11-13
太原狮头中联水泥有限责任公司,114573230,1518116529,山西省太原市万柏林区西铭街道办事处开城街1号,31B0,144011214,太原,客服,AC01101,35000.0,山西,450280.0,2020-11-14
太原狮头中联水泥有限责任公司,114573230,1518116529,山西省太原市万柏林区西铭街道办事处开城街1号,31B0,144011214,太原,客服,AC01101,35000.0,山西,455680.0,2020-11-15
太原狮头中联水泥有限责任公司,114573230,1518116529,山西省太原市万柏林区西铭街道办事处开城街1号,31B0,144011214,太原,客服,AC01101,35000.0,山西,506460.0,2020-11-16
太原狮头中联水泥有限责任公司,114573230,1518116529,山西省太原市万柏林区西铭街道办事处开城街1号,31B0,144011214,太原,客服,AC01101,35000.0,山西,391320.0,2020-11-17
太原狮头中联水泥有限责任公司,114573230,1518116529,山西省太原市万柏林区西铭街道办事处开城街1号,31B0,144011214,太原,客服,AC01101,35000.0,山西,423760.0,2020-11-18
太原狮头中联水泥有限责任公司,114573230,1518116529,山西省太原市万柏林区西铭街道办事处开城街1号,31B0,144011214,太原,客服,AC01101,35000.0,山西,536900.0,2020-11-19
太原狮头中联水泥有限责任公司,114573230,1518116529,山西省太原市万柏林区西铭街道办事处开城街1号,31B0,144011214,太原,客服,AC01101,35000.0,山西,520500.0,2020-11-20
太原狮头中联水泥有限责任公司,114573230,1518116529,山西省太原市万柏林区西铭街道办事处开城街1号,31B0,144011214,太原,客服,AC01101,35000.0,山西,503740.0,2020-11-21
太原狮头中联水泥有限责任公司,114573230,1518116529,山西省太原市万柏林区西铭街道办事处开城街1号,31B0,144011214,太原,客服,AC01101,35000.0,山西,489060.0,2020-11-22
太原狮头中联水泥有限责任公司,114573230,1518116529,山西省太原市万柏林区西铭街道办事处开城街1号,31B0,144011214,太原,客服,AC01101,35000.0,山西,397320.0,2020-11-23
太原狮头中联水泥有限责任公司,114573230,1518116529,山西省太原市万柏林区西铭街道办事处开城街1号,31B0,144011214,太原,客服,AC01101,35000.0,山西,481140.0,2020-11-24
太原狮头中联水泥有限责任公司,114573230,1518116529,山西省太原市万柏林区西铭街道办事处开城街1号,31B0,144011214,太原,客服,AC01101,35000.0,山西,415720.0,2020-11-25
太原狮头中联水泥有限责任公司,114573230,1518116529,山西省太原市万柏林区西铭街道办事处开城街1号,31B0,144011214,太原,客服,AC01101,35000.0,山西,403160.0,2020-11-26
太原狮头中联水泥有限责任公司,114573230,1518116529,山西省太原市万柏林区西铭街道办事处开城街1号,31B0,144011214,太原,客服,AC01101,35000.0,山西,282480.0,2020-11-27
太原狮头中联水泥有限责任公司,114573230,1518116529,山西省太原市万柏林区西铭街道办事处开城街1号,31B0,144011214,太原,客服,AC01101,35000.0,山西,474540.0,2020-11-28
太原狮头中联水泥有限责任公司,114573230,1518116529,山西省太原市万柏林区西铭街道办事处开城街1号,31B0,144011214,太原,客服,AC01101,35000.0,山西,452100.0,2020-11-29
太原狮头中联水泥有限责任公司,114573230,1518116529,山西省太原市万柏林区西铭街道办事处开城街1号,31B0,144011214,太原,客服,AC01101,35000.0,山西,434940.0,2020-11-30
太原狮头中联水泥有限责任公司,114573230,1518116529,山西省太原市万柏林区西铭街道办事处开城街1号,31B0,144011214,太原,客服,AC01101,35000.0,山西,441540.0,2020-12-01
太原狮头中联水泥有限责任公司,114573230,1518116529,山西省太原市万柏林区西铭街道办事处开城街1号,31B0,144011214,太原,客服,AC01101,35000.0,山西,244860.0,2020-12-02
太原狮头中联水泥有限责任公司,114573230,1518116529,山西省太原市万柏林区西铭街道办事处开城街1号,31B0,144011214,太原,客服,AC01101,35000.0,山西,149820.0,2020-12-03
太原狮头中联水泥有限责任公司,114573230,1518116529,山西省太原市万柏林区西铭街道办事处开城街1号,31B0,144011214,太原,客服,AC01101,35000.0,山西,314160.0,2020-12-04
太原狮头中联水泥有限责任公司,114573230,1518116529,山西省太原市万柏林区西铭街道办事处开城街1号,31B0,144011214,太原,客服,AC01101,35000.0,山西,133980.03,2020-12-05
太原狮头中联水泥有限责任公司,114573230,1518116529,山西省太原市万柏林区西铭街道办事处开城街1号,31B0,144011214,太原,客服,AC01101,35000.0,山西,160380.03,2020-12-06
太原狮头中联水泥有限责任公司,114573230,1518116529,山西省太原市万柏林区西铭街道办事处开城街1号,31B0,144011214,太原,客服,AC01101,35000.0,山西,120120.0,2020-12-07
太原狮头中联水泥有限责任公司,114573230,1518116529,山西省太原市万柏林区西铭街道办事处开城街1号,31B0,144011214,太原,客服,AC01101,35000.0,山西,49500.0,2020-12-08
长治县三元王庄华泰水泥有限责任公司,400101019,9836772,山西省长治市长治县西池乡北仙泉村韩壶路1号,31B0,144041301,长治,客服,AC00351,12550.0,山西,124320.0,2020-07-06
长治县三元王庄华泰水泥有限责任公司,400101019,9836772,山西省长治市长治县西池乡北仙泉村韩壶路1号,31B0,144041301,长治,客服,AC00351,12550.0,山西,185010.0,2020-07-12
长治县三元王庄华泰水泥有限责任公司,400101019,9836772,山西省长治市长治县西池乡北仙泉村韩壶路1号,31B0,144041301,长治,客服,AC00351,12550.0,山西,225750.0,2020-07-15
长治县三元王庄华泰水泥有限责任公司,400101019,9836772,山西省长治市长治县西池乡北仙泉村韩壶路1号,31B0,144041301,长治,客服,AC00351,12550.0,山西,191520.0,2020-11-03
长治县三元王庄华泰水泥有限责任公司,400101019,9836772,山西省长治市长治县西池乡北仙泉村韩壶路1号,31B0,144041301,长治,客服,AC00351,12550.0,山西,133140.0,2020-11-04
长治县三元王庄华泰水泥有限责任公司,400101019,9836772,山西省长治市长治县西池乡北仙泉村韩壶路1号,31B0,144041301,长治,客服,AC00351,12550.0,山西,187110.0,2020-07-21
长治县三元王庄华泰水泥有限责任公司,400101019,9836772,山西省长治市长治县西池乡北仙泉村韩壶路1号,31B0,144041301,长治,客服,AC00351,12550.0,山西,187740.0,2020-07-22
长治县三元王庄华泰水泥有限责任公司,400101019,9836772,山西省长治市长治县西池乡北仙泉村韩壶路1号,31B0,144041301,长治,客服,AC00351,12550.0,山西,193410.0,2020-07-23
长治县三元王庄华泰水泥有限责任公司,400101019,9836772,山西省长治市长治县西池乡北仙泉村韩壶路1号,31B0,144041301,长治,客服,AC00351,12550.0,山西,196350.0,2020-07-24
长治县三元王庄华泰水泥有限责任公司,400101019,9836772,山西省长治市长治县西池乡北仙泉村韩壶路1号,31B0,144041301,长治,客服,AC00351,12550.0,山西,194250.0,2020-07-29
长治县三元王庄华泰水泥有限责任公司,400101019,9836772,山西省长治市长治县西池乡北仙泉村韩壶路1号,31B0,144041301,长治,客服,AC00351,12550.0,山西,203490.0,2020-08-02
长治县三元王庄华泰水泥有限责任公司,400101019,9836772,山西省长治市长治县西池乡北仙泉村韩壶路1号,31B0,144041301,长治,客服,AC00351,12550.0,山西,168420.0,2020-08-05
长治县三元王庄华泰水泥有限责任公司,400101019,9836772,山西省长治市长治县西池乡北仙泉村韩壶路1号,31B0,144041301,长治,客服,AC00351,12550.0,山西,175980.0,2020-08-06
长治县三元王庄华泰水泥有限责任公司,400101019,9836772,山西省长治市长治县西池乡北仙泉村韩壶路1号,31B0,144041301,长治,客服,AC00351,12550.0,山西,256830.0,2020-08-11
长治县三元王庄华泰水泥有限责任公司,400101019,9836772,山西省长治市长治县西池乡北仙泉村韩壶路1号,31B0,144041301,长治,客服,AC00351,12550.0,山西,245700.0,2020-08-13
长治县三元王庄华泰水泥有限责任公司,400101019,9836772,山西省长治市长治县西池乡北仙泉村韩壶路1号,31B0,144041301,长治,客服,AC00351,12550.0,山西,257040.0,2020-08-14
长治县三元王庄华泰水泥有限责任公司,400101019,9836772,山西省长治市长治县西池乡北仙泉村韩壶路1号,31B0,144041301,长治,客服,AC00351,12550.0,山西,174720.0,2020-08-15
长治县三元王庄华泰水泥有限责任公司,400101019,9836772,山西省长治市长治县西池乡北仙泉村韩壶路1号,31B0,144041301,长治,客服,AC00351,12550.0,山西,98490.0,2020-08-16
长治县三元王庄华泰水泥有限责任公司,400101019,9836772,山西省长治市长治县西池乡北仙泉村韩壶路1号,31B0,144041301,长治,客服,AC00351,12550.0,山西,0.0,2020-08-18
长治县三元王庄华泰水泥有限责任公司,400101019,9836772,山西省长治市长治县西池乡北仙泉村韩壶路1号,31B0,144041301,长治,客服,AC00351,12550.0,山西,68670.0,2020-08-23
长治县三元王庄华泰水泥有限责任公司,400101019,9836772,山西省长治市长治县西池乡北仙泉村韩壶路1号,31B0,144041301,长治,客服,AC00351,12550.0,山西,258090.0,2020-08-24
长治县三元王庄华泰水泥有限责任公司,400101019,9836772,山西省长治市长治县西池乡北仙泉村韩壶路1号,31B0,144041301,长治,客服,AC00351,12550.0,山西,169260.0,2020-08-27
长治县三元王庄华泰水泥有限责任公司,400101019,9836772,山西省长治市长治县西池乡北仙泉村韩壶路1号,31B0,144041301,长治,客服,AC00351,12550.0,山西,163590.0,2020-08-30
长治县三元王庄华泰水泥有限责任公司,400101019,9836772,山西省长治市长治县西池乡北仙泉村韩壶路1号,31B0,144041301,长治,客服,AC00351,12550.0,山西,130620.0,2020-09-02
长治县三元王庄华泰水泥有限责任公司,400101019,9836772,山西省长治市长治县西池乡北仙泉村韩壶路1号,31B0,144041301,长治,客服,AC00351,12550.0,山西,166530.0,2020-09-01
长治县三元王庄华泰水泥有限责任公司,400101019,9836772,山西省长治市长治县西池乡北仙泉村韩壶路1号,31B0,144041301,长治,客服,AC00351,12550.0,山西,118860.0,2020-09-07
长治县三元王庄华泰水泥有限责任公司,400101019,9836772,山西省长治市长治县西池乡北仙泉村韩壶路1号,31B0,144041301,长治,客服,AC00351,12550.0,山西,146790.0,2020-09-08
长治县三元王庄华泰水泥有限责任公司,400101019,9836772,山西省长治市长治县西池乡北仙泉村韩壶路1号,31B0,144041301,长治,客服,AC00351,12550.0,山西,256200.0,2020-09-29
长治县三元王庄华泰水泥有限责任公司,400101019,9836772,山西省长治市长治县西池乡北仙泉村韩壶路1号,31B0,144041301,长治,客服,AC00351,12550.0,山西,230790.0,2020-09-12
长治县三元王庄华泰水泥有限责任公司,400101019,9836772,山西省长治市长治县西池乡北仙泉村韩壶路1号,31B0,144041301,长治,客服,AC00351,12550.0,山西,138600.0,2020-11-12
长治县三元王庄华泰水泥有限责任公司,400101019,9836772,山西省长治市长治县西池乡北仙泉村韩壶路1号,31B0,144041301,长治,客服,AC00351,12550.0,山西,83790.0,2020-11-14
长治县三元王庄华泰水泥有限责任公司,400101019,9836772,山西省长治市长治县西池乡北仙泉村韩壶路1号,31B0,144041301,长治,客服,AC00351,12550.0,山西,263760.0,2020-09-26
长治县三元王庄华泰水泥有限责任公司,400101019,9836772,山西省长治市长治县西池乡北仙泉村韩壶路1号,31B0,144041301,长治,客服,AC00351,12550.0,山西,206640.0,2020-09-30
长治县三元王庄华泰水泥有限责任公司,400101019,9836772,山西省长治市长治县西池乡北仙泉村韩壶路1号,31B0,144041301,长治,客服,AC00351,12550.0,山西,191940.0,2020-10-07
长治县三元王庄华泰水泥有限责任公司,400101019,9836772,山西省长治市长治县西池乡北仙泉村韩壶路1号,31B0,144041301,长治,客服,AC00351,12550.0,山西,241290.0,2020-10-19
长治县三元王庄华泰水泥有限责任公司,400101019,9836772,山西省长治市长治县西池乡北仙泉村韩壶路1号,31B0,144041301,长治,客服,AC00351,12550.0,山西,97440.0,2020-11-17
长治县三元王庄华泰水泥有限责任公司,400101019,9836772,山西省长治市长治县西池乡北仙泉村韩壶路1号,31B0,144041301,长治,客服,AC00351,12550.0,山西,71610.0,2020-11-18
长治县三元王庄华泰水泥有限责任公司,400101019,9836772,山西省长治市长治县西池乡北仙泉村韩壶路1号,31B0,144041301,长治,客服,AC00351,12550.0,山西,180600.0,2020-10-29
长治县三元王庄华泰水泥有限责任公司,400101019,9836772,山西省长治市长治县西池乡北仙泉村韩壶路1号,31B0,144041301,长治,客服,AC00351,12550.0,山西,166950.0,2020-07-18
长治县三元王庄华泰水泥有限责任公司,400101019,9836772,山西省长治市长治县西池乡北仙泉村韩壶路1号,31B0,144041301,长治,客服,AC00351,12550.0,山西,82320.0,2020-11-01
长治县三元王庄华泰水泥有限责任公司,400101019,9836772,山西省长治市长治县西池乡北仙泉村韩壶路1号,31B0,144041301,长治,客服,AC00351,12550.0,山西,105000.0,2020-11-02
长治县三元王庄华泰水泥有限责任公司,400101019,9836772,山西省长治市长治县西池乡北仙泉村韩壶路1号,31B0,144041301,长治,客服,AC00351,12550.0,山西,193410.0,2020-07-01
长治县三元王庄华泰水泥有限责任公司,400101019,9836772,山西省长治市长治县西池乡北仙泉村韩壶路1号,31B0,144041301,长治,客服,AC00351,12550.0,山西,137340.0,2020-07-02
长治县三元王庄华泰水泥有限责任公司,400101019,9836772,山西省长治市长治县西池乡北仙泉村韩壶路1号,31B0,144041301,长治,客服,AC00351,12550.0,山西,179760.0,2020-07-03
长治县三元王庄华泰水泥有限责任公司,400101019,9836772,山西省长治市长治县西池乡北仙泉村韩壶路1号,31B0,144041301,长治,客服,AC00351,12550.0,山西,152460.0,2020-07-04
长治县三元王庄华泰水泥有限责任公司,400101019,9836772,山西省长治市长治县西池乡北仙泉村韩壶路1号,31B0,144041301,长治,客服,AC00351,12550.0,山西,139650.0,2020-07-05
长治县三元王庄华泰水泥有限责任公司,400101019,9836772,山西省长治市长治县西池乡北仙泉村韩壶路1号,31B0,144041301,长治,客服,AC00351,12550.0,山西,68460.0,2020-07-07
长治县三元王庄华泰水泥有限责任公司,400101019,9836772,山西省长治市长治县西池乡北仙泉村韩壶路1号,31B0,144041301,长治,客服,AC00351,12550.0,山西,76230.0,2020-07-08
长治县三元王庄华泰水泥有限责任公司,400101019,9836772,山西省长治市长治县西池乡北仙泉村韩壶路1号,31B0,144041301,长治,客服,AC00351,12550.0,山西,112770.0,2020-07-09
长治县三元王庄华泰水泥有限责任公司,400101019,9836772,山西省长治市长治县西池乡北仙泉村韩壶路1号,31B0,144041301,长治,客服,AC00351,12550.0,山西,99750.0,2020-07-10
长治县三元王庄华泰水泥有限责任公司,400101019,9836772,山西省长治市长治县西池乡北仙泉村韩壶路1号,31B0,144041301,长治,客服,AC00351,12550.0,山西,178290.0,2020-07-11
长治县三元王庄华泰水泥有限责任公司,400101019,9836772,山西省长治市长治县西池乡北仙泉村韩壶路1号,31B0,144041301,长治,客服,AC00351,12550.0,山西,213990.0,2020-07-13
长治县三元王庄华泰水泥有限责任公司,400101019,9836772,山西省长治市长治县西池乡北仙泉村韩壶路1号,31B0,144041301,长治,客服,AC00351,12550.0,山西,259560.0,2020-07-14
长治县三元王庄华泰水泥有限责任公司,400101019,9836772,山西省长治市长治县西池乡北仙泉村韩壶路1号,31B0,144041301,长治,客服,AC00351,12550.0,山西,233520.0,2020-07-16
长治县三元王庄华泰水泥有限责任公司,400101019,9836772,山西省长治市长治县西池乡北仙泉村韩壶路1号,31B0,144041301,长治,客服,AC00351,12550.0,山西,203280.0,2020-07-17
长治县三元王庄华泰水泥有限责任公司,400101019,9836772,山西省长治市长治县西池乡北仙泉村韩壶路1号,31B0,144041301,长治,客服,AC00351,12550.0,山西,187110.0,2020-07-19
长治县三元王庄华泰水泥有限责任公司,400101019,9836772,山西省长治市长治县西池乡北仙泉村韩壶路1号,31B0,144041301,长治,客服,AC00351,12550.0,山西,139650.0,2020-07-20
长治县三元王庄华泰水泥有限责任公司,400101019,9836772,山西省长治市长治县西池乡北仙泉村韩壶路1号,31B0,144041301,长治,客服,AC00351,12550.0,山西,202230.0,2020-07-25
长治县三元王庄华泰水泥有限责任公司,400101019,9836772,山西省长治市长治县西池乡北仙泉村韩壶路1号,31B0,144041301,长治,客服,AC00351,12550.0,山西,197820.0,2020-07-26
长治县三元王庄华泰水泥有限责任公司,400101019,9836772,山西省长治市长治县西池乡北仙泉村韩壶路1号,31B0,144041301,长治,客服,AC00351,12550.0,山西,232890.0,2020-07-27
长治县三元王庄华泰水泥有限责任公司,400101019,9836772,山西省长治市长治县西池乡北仙泉村韩壶路1号,31B0,144041301,长治,客服,AC00351,12550.0,山西,221550.0,2020-07-28
长治县三元王庄华泰水泥有限责任公司,400101019,9836772,山西省长治市长治县西池乡北仙泉村韩壶路1号,31B0,144041301,长治,客服,AC00351,12550.0,山西,258510.0,2020-07-30
长治县三元王庄华泰水泥有限责任公司,400101019,9836772,山西省长治市长治县西池乡北仙泉村韩壶路1号,31B0,144041301,长治,客服,AC00351,12550.0,山西,259350.0,2020-07-31
长治县三元王庄华泰水泥有限责任公司,400101019,9836772,山西省长治市长治县西池乡北仙泉村韩壶路1号,31B0,144041301,长治,客服,AC00351,12550.0,山西,260190.0,2020-08-01
长治县三元王庄华泰水泥有限责任公司,400101019,9836772,山西省长治市长治县西池乡北仙泉村韩壶路1号,31B0,144041301,长治,客服,AC00351,12550.0,山西,145320.0,2020-08-03
长治县三元王庄华泰水泥有限责任公司,400101019,9836772,山西省长治市长治县西池乡北仙泉村韩壶路1号,31B0,144041301,长治,客服,AC00351,12550.0,山西,172200.0,2020-08-04
长治县三元王庄华泰水泥有限责任公司,400101019,9836772,山西省长治市长治县西池乡北仙泉村韩壶路1号,31B0,144041301,长治,客服,AC00351,12550.0,山西,231630.0,2020-08-07
长治县三元王庄华泰水泥有限责任公司,400101019,9836772,山西省长治市长治县西池乡北仙泉村韩壶路1号,31B0,144041301,长治,客服,AC00351,12550.0,山西,254940.0,2020-08-08
长治县三元王庄华泰水泥有限责任公司,400101019,9836772,山西省长治市长治县西池乡北仙泉村韩壶路1号,31B0,144041301,长治,客服,AC00351,12550.0,山西,248850.0,2020-08-09
长治县三元王庄华泰水泥有限责任公司,400101019,9836772,山西省长治市长治县西池乡北仙泉村韩壶路1号,31B0,144041301,长治,客服,AC00351,12550.0,山西,192570.0,2020-08-10
长治县三元王庄华泰水泥有限责任公司,400101019,9836772,山西省长治市长治县西池乡北仙泉村韩壶路1号,31B0,144041301,长治,客服,AC00351,12550.0,山西,228480.0,2020-08-12
长治县三元王庄华泰水泥有限责任公司,400101019,9836772,山西省长治市长治县西池乡北仙泉村韩壶路1号,31B0,144041301,长治,客服,AC00351,12550.0,山西,0.0,2020-08-17
长治县三元王庄华泰水泥有限责任公司,400101019,9836772,山西省长治市长治县西池乡北仙泉村韩壶路1号,31B0,144041301,长治,客服,AC00351,12550.0,山西,192570.0,2020-08-19
长治县三元王庄华泰水泥有限责任公司,400101019,9836772,山西省长治市长治县西池乡北仙泉村韩壶路1号,31B0,144041301,长治,客服,AC00351,12550.0,山西,151620.0,2020-08-20
长治县三元王庄华泰水泥有限责任公司,400101019,9836772,山西省长治市长治县西池乡北仙泉村韩壶路1号,31B0,144041301,长治,客服,AC00351,12550.0,山西,176400.0,2020-08-21
长治县三元王庄华泰水泥有限责任公司,400101019,9836772,山西省长治市长治县西池乡北仙泉村韩壶路1号,31B0,144041301,长治,客服,AC00351,12550.0,山西,145530.0,2020-08-22
长治县三元王庄华泰水泥有限责任公司,400101019,9836772,山西省长治市长治县西池乡北仙泉村韩壶路1号,31B0,144041301,长治,客服,AC00351,12550.0,山西,72660.0,2020-08-25
长治县三元王庄华泰水泥有限责任公司,400101019,9836772,山西省长治市长治县西池乡北仙泉村韩壶路1号,31B0,144041301,长治,客服,AC00351,12550.0,山西,224490.0,2020-08-26
长治县三元王庄华泰水泥有限责任公司,400101019,9836772,山西省长治市长治县西池乡北仙泉村韩壶路1号,31B0,144041301,长治,客服,AC00351,12550.0,山西,193410.0,2020-08-28
长治县三元王庄华泰水泥有限责任公司,400101019,9836772,山西省长治市长治县西池乡北仙泉村韩壶路1号,31B0,144041301,长治,客服,AC00351,12550.0,山西,194460.0,2020-08-29
长治县三元王庄华泰水泥有限责任公司,400101019,9836772,山西省长治市长治县西池乡北仙泉村韩壶路1号,31B0,144041301,长治,客服,AC00351,12550.0,山西,180600.0,2020-08-31
长治县三元王庄华泰水泥有限责任公司,400101019,9836772,山西省长治市长治县西池乡北仙泉村韩壶路1号,31B0,144041301,长治,客服,AC00351,12550.0,山西,151620.0,2020-09-03
长治县三元王庄华泰水泥有限责任公司,400101019,9836772,山西省长治市长治县西池乡北仙泉村韩壶路1号,31B0,144041301,长治,客服,AC00351,12550.0,山西,189210.0,2020-09-04
长治县三元王庄华泰水泥有限责任公司,400101019,9836772,山西省长治市长治县西池乡北仙泉村韩壶路1号,31B0,144041301,长治,客服,AC00351,12550.0,山西,122640.0,2020-09-05
长治县三元王庄华泰水泥有限责任公司,400101019,9836772,山西省长治市长治县西池乡北仙泉村韩壶路1号,31B0,144041301,长治,客服,AC00351,12550.0,山西,130830.0,2020-09-06
长治县三元王庄华泰水泥有限责任公司,400101019,9836772,山西省长治市长治县西池乡北仙泉村韩壶路1号,31B0,144041301,长治,客服,AC00351,12550.0,山西,117600.0,2020-09-09
长治县三元王庄华泰水泥有限责任公司,400101019,9836772,山西省长治市长治县西池乡北仙泉村韩壶路1号,31B0,144041301,长治,客服,AC00351,12550.0,山西,106470.0,2020-09-10
长治县三元王庄华泰水泥有限责任公司,400101019,9836772,山西省长治市长治县西池乡北仙泉村韩壶路1号,31B0,144041301,长治,客服,AC00351,12550.0,山西,155400.0,2020-09-11
长治县三元王庄华泰水泥有限责任公司,400101019,9836772,山西省长治市长治县西池乡北仙泉村韩壶路1号,31B0,144041301,长治,客服,AC00351,12550.0,山西,255570.0,2020-09-13
长治县三元王庄华泰水泥有限责任公司,400101019,9836772,山西省长治市长治县西池乡北仙泉村韩壶路1号,31B0,144041301,长治,客服,AC00351,12550.0,山西,231840.0,2020-09-14
长治县三元王庄华泰水泥有限责任公司,400101019,9836772,山西省长治市长治县西池乡北仙泉村韩壶路1号,31B0,144041301,长治,客服,AC00351,12550.0,山西,230580.0,2020-09-15
长治县三元王庄华泰水泥有限责任公司,400101019,9836772,山西省长治市长治县西池乡北仙泉村韩壶路1号,31B0,144041301,长治,客服,AC00351,12550.0,山西,199710.0,2020-09-16
长治县三元王庄华泰水泥有限责任公司,400101019,9836772,山西省长治市长治县西池乡北仙泉村韩壶路1号,31B0,144041301,长治,客服,AC00351,12550.0,山西,226380.0,2020-09-17
长治县三元王庄华泰水泥有限责任公司,400101019,9836772,山西省长治市长治县西池乡北仙泉村韩壶路1号,31B0,144041301,长治,客服,AC00351,12550.0,山西,239400.0,2020-09-18
长治县三元王庄华泰水泥有限责任公司,400101019,9836772,山西省长治市长治县西池乡北仙泉村韩壶路1号,31B0,144041301,长治,客服,AC00351,12550.0,山西,203490.0,2020-09-19
长治县三元王庄华泰水泥有限责任公司,400101019,9836772,山西省长治市长治县西池乡北仙泉村韩壶路1号,31B0,144041301,长治,客服,AC00351,12550.0,山西,241920.0,2020-09-20
长治县三元王庄华泰水泥有限责任公司,400101019,9836772,山西省长治市长治县西池乡北仙泉村韩壶路1号,31B0,144041301,长治,客服,AC00351,12550.0,山西,259980.0,2020-09-21
长治县三元王庄华泰水泥有限责任公司,400101019,9836772,山西省长治市长治县西池乡北仙泉村韩壶路1号,31B0,144041301,长治,客服,AC00351,12550.0,山西,236250.0,2020-09-22
长治县三元王庄华泰水泥有限责任公司,400101019,9836772,山西省长治市长治县西池乡北仙泉村韩壶路1号,31B0,144041301,长治,客服,AC00351,12550.0,山西,239190.0,2020-09-23
长治县三元王庄华泰水泥有限责任公司,400101019,9836772,山西省长治市长治县西池乡北仙泉村韩壶路1号,31B0,144041301,长治,客服,AC00351,12550.0,山西,191940.0,2020-09-24
长治县三元王庄华泰水泥有限责任公司,400101019,9836772,山西省长治市长治县西池乡北仙泉村韩壶路1号,31B0,144041301,长治,客服,AC00351,12550.0,山西,234990.0,2020-09-25
长治县三元王庄华泰水泥有限责任公司,400101019,9836772,山西省长治市长治县西池乡北仙泉村韩壶路1号,31B0,144041301,长治,客服,AC00351,12550.0,山西,203490.0,2020-09-27
长治县三元王庄华泰水泥有限责任公司,400101019,9836772,山西省长治市长治县西池乡北仙泉村韩壶路1号,31B0,144041301,长治,客服,AC00351,12550.0,山西,243600.0,2020-09-28
长治县三元王庄华泰水泥有限责任公司,400101019,9836772,山西省长治市长治县西池乡北仙泉村韩壶路1号,31B0,144041301,长治,客服,AC00351,12550.0,山西,215670.0,2020-10-01
长治县三元王庄华泰水泥有限责任公司,400101019,9836772,山西省长治市长治县西池乡北仙泉村韩壶路1号,31B0,144041301,长治,客服,AC00351,12550.0,山西,249480.0,2020-10-02
长治县三元王庄华泰水泥有限责任公司,400101019,9836772,山西省长治市长治县西池乡北仙泉村韩壶路1号,31B0,144041301,长治,客服,AC00351,12550.0,山西,202650.0,2020-10-03
长治县三元王庄华泰水泥有限责任公司,400101019,9836772,山西省长治市长治县西池乡北仙泉村韩壶路1号,31B0,144041301,长治,客服,AC00351,12550.0,山西,204750.0,2020-10-04
长治县三元王庄华泰水泥有限责任公司,400101019,9836772,山西省长治市长治县西池乡北仙泉村韩壶路1号,31B0,144041301,长治,客服,AC00351,12550.0,山西,258090.0,2020-10-05
长治县三元王庄华泰水泥有限责任公司,400101019,9836772,山西省长治市长治县西池乡北仙泉村韩壶路1号,31B0,144041301,长治,客服,AC00351,12550.0,山西,193830.0,2020-10-06
长治县三元王庄华泰水泥有限责任公司,400101019,9836772,山西省长治市长治县西池乡北仙泉村韩壶路1号,31B0,144041301,长治,客服,AC00351,12550.0,山西,233520.0,2020-10-08
长治县三元王庄华泰水泥有限责任公司,400101019,9836772,山西省长治市长治县西池乡北仙泉村韩壶路1号,31B0,144041301,长治,客服,AC00351,12550.0,山西,223860.0,2020-10-09
长治县三元王庄华泰水泥有限责任公司,400101019,9836772,山西省长治市长治县西池乡北仙泉村韩壶路1号,31B0,144041301,长治,客服,AC00351,12550.0,山西,224490.0,2020-10-10
长治县三元王庄华泰水泥有限责任公司,400101019,9836772,山西省长治市长治县西池乡北仙泉村韩壶路1号,31B0,144041301,长治,客服,AC00351,12550.0,山西,185010.0,2020-10-11
长治县三元王庄华泰水泥有限责任公司,400101019,9836772,山西省长治市长治县西池乡北仙泉村韩壶路1号,31B0,144041301,长治,客服,AC00351,12550.0,山西,238770.0,2020-10-12
长治县三元王庄华泰水泥有限责任公司,400101019,9836772,山西省长治市长治县西池乡北仙泉村韩壶路1号,31B0,144041301,长治,客服,AC00351,12550.0,山西,253680.0,2020-10-13
长治县三元王庄华泰水泥有限责任公司,400101019,9836772,山西省长治市长治县西池乡北仙泉村韩壶路1号,31B0,144041301,长治,客服,AC00351,12550.0,山西,170520.0,2020-10-14
长治县三元王庄华泰水泥有限责任公司,400101019,9836772,山西省长治市长治县西池乡北仙泉村韩壶路1号,31B0,144041301,长治,客服,AC00351,12550.0,山西,196140.0,2020-10-15
长治县三元王庄华泰水泥有限责任公司,400101019,9836772,山西省长治市长治县西池乡北仙泉村韩壶路1号,31B0,144041301,长治,客服,AC00351,12550.0,山西,228480.0,2020-10-16
长治县三元王庄华泰水泥有限责任公司,400101019,9836772,山西省长治市长治县西池乡北仙泉村韩壶路1号,31B0,144041301,长治,客服,AC00351,12550.0,山西,259350.0,2020-10-17
长治县三元王庄华泰水泥有限责任公司,400101019,9836772,山西省长治市长治县西池乡北仙泉村韩壶路1号,31B0,144041301,长治,客服,AC00351,12550.0,山西,214620.0,2020-10-18
长治县三元王庄华泰水泥有限责任公司,400101019,9836772,山西省长治市长治县西池乡北仙泉村韩壶路1号,31B0,144041301,长治,客服,AC00351,12550.0,山西,219450.0,2020-10-20
长治县三元王庄华泰水泥有限责任公司,400101019,9836772,山西省长治市长治县西池乡北仙泉村韩壶路1号,31B0,144041301,长治,客服,AC00351,12550.0,山西,253680.0,2020-10-21
长治县三元王庄华泰水泥有限责任公司,400101019,9836772,山西省长治市长治县西池乡北仙泉村韩壶路1号,31B0,144041301,长治,客服,AC00351,12550.0,山西,197190.0,2020-10-22
长治县三元王庄华泰水泥有限责任公司,400101019,9836772,山西省长治市长治县西池乡北仙泉村韩壶路1号,31B0,144041301,长治,客服,AC00351,12550.0,山西,199080.0,2020-10-23
长治县三元王庄华泰水泥有限责任公司,400101019,9836772,山西省长治市长治县西池乡北仙泉村韩壶路1号,31B0,144041301,长治,客服,AC00351,12550.0,山西,174720.0,2020-10-24
长治县三元王庄华泰水泥有限责任公司,400101019,9836772,山西省长治市长治县西池乡北仙泉村韩壶路1号,31B0,144041301,长治,客服,AC00351,12550.0,山西,19530.0,2020-10-25
长治县三元王庄华泰水泥有限责任公司,400101019,9836772,山西省长治市长治县西池乡北仙泉村韩壶路1号,31B0,144041301,长治,客服,AC00351,12550.0,山西,14910.0,2020-10-26
长治县三元王庄华泰水泥有限责任公司,400101019,9836772,山西省长治市长治县西池乡北仙泉村韩壶路1号,31B0,144041301,长治,客服,AC00351,12550.0,山西,13020.0,2020-10-27
长治县三元王庄华泰水泥有限责任公司,400101019,9836772,山西省长治市长治县西池乡北仙泉村韩壶路1号,31B0,144041301,长治,客服,AC00351,12550.0,山西,53760.0,2020-10-28
长治县三元王庄华泰水泥有限责任公司,400101019,9836772,山西省长治市长治县西池乡北仙泉村韩壶路1号,31B0,144041301,长治,客服,AC00351,12550.0,山西,188790.0,2020-10-30
长治县三元王庄华泰水泥有限责任公司,400101019,9836772,山西省长治市长治县西池乡北仙泉村韩壶路1号,31B0,144041301,长治,客服,AC00351,12550.0,山西,191730.0,2020-10-31
长治县三元王庄华泰水泥有限责任公司,400101019,9836772,山西省长治市长治县西池乡北仙泉村韩壶路1号,31B0,144041301,长治,客服,AC00351,12550.0,山西,58380.0,2020-11-05
长治县三元王庄华泰水泥有限责任公司,400101019,9836772,山西省长治市长治县西池乡北仙泉村韩壶路1号,31B0,144041301,长治,客服,AC00351,12550.0,山西,76440.0,2020-11-06
长治县三元王庄华泰水泥有限责任公司,400101019,9836772,山西省长治市长治县西池乡北仙泉村韩壶路1号,31B0,144041301,长治,客服,AC00351,12550.0,山西,95130.0,2020-11-07
长治县三元王庄华泰水泥有限责任公司,400101019,9836772,山西省长治市长治县西池乡北仙泉村韩壶路1号,31B0,144041301,长治,客服,AC00351,12550.0,山西,145320.0,2020-11-08
长治县三元王庄华泰水泥有限责任公司,400101019,9836772,山西省长治市长治县西池乡北仙泉村韩壶路1号,31B0,144041301,长治,客服,AC00351,12550.0,山西,118650.0,2020-11-09
长治县三元王庄华泰水泥有限责任公司,400101019,9836772,山西省长治市长治县西池乡北仙泉村韩壶路1号,31B0,144041301,长治,客服,AC00351,12550.0,山西,127050.0,2020-11-10
长治县三元王庄华泰水泥有限责任公司,400101019,9836772,山西省长治市长治县西池乡北仙泉村韩壶路1号,31B0,144041301,长治,客服,AC00351,12550.0,山西,137970.0,2020-11-11
长治县三元王庄华泰水泥有限责任公司,400101019,9836772,山西省长治市长治县西池乡北仙泉村韩壶路1号,31B0,144041301,长治,客服,AC00351,12550.0,山西,126000.0,2020-11-13
长治县三元王庄华泰水泥有限责任公司,400101019,9836772,山西省长治市长治县西池乡北仙泉村韩壶路1号,31B0,144041301,长治,客服,AC00351,12550.0,山西,122430.0,2020-11-15
长治县三元王庄华泰水泥有限责任公司,400101019,9836772,山西省长治市长治县西池乡北仙泉村韩壶路1号,31B0,144041301,长治,客服,AC00351,12550.0,山西,75810.0,2020-11-16
长治县三元王庄华泰水泥有限责任公司,400101019,9836772,山西省长治市长治县西池乡北仙泉村韩壶路1号,31B0,144041301,长治,客服,AC00351,12550.0,山西,99540.0,2020-11-19
长治县三元王庄华泰水泥有限责任公司,400101019,9836772,山西省长治市长治县西池乡北仙泉村韩壶路1号,31B0,144041301,长治,客服,AC00351,12550.0,山西,72240.0,2020-11-20
长治县三元王庄华泰水泥有限责任公司,400101019,9836772,山西省长治市长治县西池乡北仙泉村韩壶路1号,31B0,144041301,长治,客服,AC00351,12550.0,山西,163170.0,2020-11-21
长治县三元王庄华泰水泥有限责任公司,400101019,9836772,山西省长治市长治县西池乡北仙泉村韩壶路1号,31B0,144041301,长治,客服,AC00351,12550.0,山西,158970.0,2020-11-22
长治县三元王庄华泰水泥有限责任公司,400101019,9836772,山西省长治市长治县西池乡北仙泉村韩壶路1号,31B0,144041301,长治,客服,AC00351,12550.0,山西,171150.0,2020-11-23
长治县三元王庄华泰水泥有限责任公司,400101019,9836772,山西省长治市长治县西池乡北仙泉村韩壶路1号,31B0,144041301,长治,客服,AC00351,12550.0,山西,175350.0,2020-11-24
长治县三元王庄华泰水泥有限责任公司,400101019,9836772,山西省长治市长治县西池乡北仙泉村韩壶路1号,31B0,144041301,长治,客服,AC00351,12550.0,山西,195090.0,2020-11-25
长治县三元王庄华泰水泥有限责任公司,400101019,9836772,山西省长治市长治县西池乡北仙泉村韩壶路1号,31B0,144041301,长治,客服,AC00351,12550.0,山西,170940.0,2020-11-26
长治县三元王庄华泰水泥有限责任公司,400101019,9836772,山西省长治市长治县西池乡北仙泉村韩壶路1号,31B0,144041301,长治,客服,AC00351,12550.0,山西,170320.0,2020-11-27
长治县三元王庄华泰水泥有限责任公司,400101019,9836772,山西省长治市长治县西池乡北仙泉村韩壶路1号,31B0,144041301,长治,客服,AC00351,12550.0,山西,165840.0,2020-11-28
长治县三元王庄华泰水泥有限责任公司,400101019,9836772,山西省长治市长治县西池乡北仙泉村韩壶路1号,31B0,144041301,长治,客服,AC00351,12550.0,山西,122840.0,2020-11-29
长治县三元王庄华泰水泥有限责任公司,400101019,9836772,山西省长治市长治县西池乡北仙泉村韩壶路1号,31B0,144041301,长治,客服,AC00351,12550.0,山西,1440.0,2020-11-30
长治县三元王庄华泰水泥有限责任公司,400101019,9836772,山西省长治市长治县西池乡北仙泉村韩壶路1号,31B0,144041301,长治,客服,AC00351,12550.0,山西,1420.0,2020-12-01
长治县三元王庄华泰水泥有限责任公司,400101019,9836772,山西省长治市长治县西池乡北仙泉村韩壶路1号,31B0,144041301,长治,客服,AC00351,12550.0,山西,1257.03,2020-12-02
长治县三元王庄华泰水泥有限责任公司,400101019,9836772,山西省长治市长治县西池乡北仙泉村韩壶路1号,31B0,144041301,长治,客服,AC00351,12550.0,山西,1571.25,2020-12-03
长治县三元王庄华泰水泥有限责任公司,400101019,9836772,山西省长治市长治县西池乡北仙泉村韩壶路1号,31B0,144041301,长治,客服,AC00351,12550.0,山西,1533.34,2020-12-04
长治县三元王庄华泰水泥有限责任公司,400101019,9836772,山西省长治市长治县西池乡北仙泉村韩壶路1号,31B0,144041301,长治,客服,AC00351,12550.0,山西,1499.65,2020-12-05
长治县三元王庄华泰水泥有限责任公司,400101019,9836772,山西省长治市长治县西池乡北仙泉村韩壶路1号,31B0,144041301,长治,客服,AC00351,12550.0,山西,1494.57,2020-12-06
长治县三元王庄华泰水泥有限责任公司,400101019,9836772,山西省长治市长治县西池乡北仙泉村韩壶路1号,31B0,144041301,长治,客服,AC00351,12550.0,山西,1451.79,2020-12-07
长治县三元王庄华泰水泥有限责任公司,400101019,9836772,山西省长治市长治县西池乡北仙泉村韩壶路1号,31B0,144041301,长治,客服,AC00351,12550.0,山西,192465.37,2020-12-08
左权金隅水泥有限责任公司,516456982,1459518155,山西省晋中市左权县辽阳镇太子莲池路太子莲村2号,31B0,144051201,晋中,客服,AC01101,31500.0,山西,286000.0,2020-07-24
左权金隅水泥有限责任公司,516456982,1459518155,山西省晋中市左权县辽阳镇太子莲池路太子莲村2号,31B0,144051201,晋中,客服,AC01101,31500.0,山西,220000.0,2020-07-01
左权金隅水泥有限责任公司,516456982,1459518155,山西省晋中市左权县辽阳镇太子莲池路太子莲村2号,31B0,144051201,晋中,客服,AC01101,31500.0,山西,270600.0,2020-07-02
左权金隅水泥有限责任公司,516456982,1459518155,山西省晋中市左权县辽阳镇太子莲池路太子莲村2号,31B0,144051201,晋中,客服,AC01101,31500.0,山西,277200.0,2020-07-04
左权金隅水泥有限责任公司,516456982,1459518155,山西省晋中市左权县辽阳镇太子莲池路太子莲村2号,31B0,144051201,晋中,客服,AC01101,31500.0,山西,165000.0,2020-07-05
左权金隅水泥有限责任公司,516456982,1459518155,山西省晋中市左权县辽阳镇太子莲池路太子莲村2号,31B0,144051201,晋中,客服,AC01101,31500.0,山西,292600.0,2020-07-06
左权金隅水泥有限责任公司,516456982,1459518155,山西省晋中市左权县辽阳镇太子莲池路太子莲村2号,31B0,144051201,晋中,客服,AC01101,31500.0,山西,125400.0,2020-07-07
左权金隅水泥有限责任公司,516456982,1459518155,山西省晋中市左权县辽阳镇太子莲池路太子莲村2号,31B0,144051201,晋中,客服,AC01101,31500.0,山西,233200.0,2020-07-08
左权金隅水泥有限责任公司,516456982,1459518155,山西省晋中市左权县辽阳镇太子莲池路太子莲村2号,31B0,144051201,晋中,客服,AC01101,31500.0,山西,264000.0,2020-07-09
左权金隅水泥有限责任公司,516456982,1459518155,山西省晋中市左权县辽阳镇太子莲池路太子莲村2号,31B0,144051201,晋中,客服,AC01101,31500.0,山西,129800.0,2020-07-10
左权金隅水泥有限责任公司,516456982,1459518155,山西省晋中市左权县辽阳镇太子莲池路太子莲村2号,31B0,144051201,晋中,客服,AC01101,31500.0,山西,204600.0,2020-07-11
左权金隅水泥有限责任公司,516456982,1459518155,山西省晋中市左权县辽阳镇太子莲池路太子莲村2号,31B0,144051201,晋中,客服,AC01101,31500.0,山西,290400.0,2020-07-12
左权金隅水泥有限责任公司,516456982,1459518155,山西省晋中市左权县辽阳镇太子莲池路太子莲村2号,31B0,144051201,晋中,客服,AC01101,31500.0,山西,132000.0,2020-07-14
左权金隅水泥有限责任公司,516456982,1459518155,山西省晋中市左权县辽阳镇太子莲池路太子莲村2号,31B0,144051201,晋中,客服,AC01101,31500.0,山西,297000.0,2020-07-15
左权金隅水泥有限责任公司,516456982,1459518155,山西省晋中市左权县辽阳镇太子莲池路太子莲村2号,31B0,144051201,晋中,客服,AC01101,31500.0,山西,266200.0,2020-07-16
左权金隅水泥有限责任公司,516456982,1459518155,山西省晋中市左权县辽阳镇太子莲池路太子莲村2号,31B0,144051201,晋中,客服,AC01101,31500.0,山西,288200.0,2020-07-17
左权金隅水泥有限责任公司,516456982,1459518155,山西省晋中市左权县辽阳镇太子莲池路太子莲村2号,31B0,144051201,晋中,客服,AC01101,31500.0,山西,292600.0,2020-07-18
左权金隅水泥有限责任公司,516456982,1459518155,山西省晋中市左权县辽阳镇太子莲池路太子莲村2号,31B0,144051201,晋中,客服,AC01101,31500.0,山西,279400.0,2020-07-21
左权金隅水泥有限责任公司,516456982,1459518155,山西省晋中市左权县辽阳镇太子莲池路太子莲村2号,31B0,144051201,晋中,客服,AC01101,31500.0,山西,277200.0,2020-07-22
左权金隅水泥有限责任公司,516456982,1459518155,山西省晋中市左权县辽阳镇太子莲池路太子莲村2号,31B0,144051201,晋中,客服,AC01101,31500.0,山西,294800.0,2020-07-23
左权金隅水泥有限责任公司,516456982,1459518155,山西省晋中市左权县辽阳镇太子莲池路太子莲村2号,31B0,144051201,晋中,客服,AC01101,31500.0,山西,292600.0,2020-07-25
左权金隅水泥有限责任公司,516456982,1459518155,山西省晋中市左权县辽阳镇太子莲池路太子莲村2号,31B0,144051201,晋中,客服,AC01101,31500.0,山西,189200.0,2020-07-27
左权金隅水泥有限责任公司,516456982,1459518155,山西省晋中市左权县辽阳镇太子莲池路太子莲村2号,31B0,144051201,晋中,客服,AC01101,31500.0,山西,305800.0,2020-07-28
左权金隅水泥有限责任公司,516456982,1459518155,山西省晋中市左权县辽阳镇太子莲池路太子莲村2号,31B0,144051201,晋中,客服,AC01101,31500.0,山西,283800.0,2020-07-29
左权金隅水泥有限责任公司,516456982,1459518155,山西省晋中市左权县辽阳镇太子莲池路太子莲村2号,31B0,144051201,晋中,客服,AC01101,31500.0,山西,266200.0,2020-07-31
左权金隅水泥有限责任公司,516456982,1459518155,山西省晋中市左权县辽阳镇太子莲池路太子莲村2号,31B0,144051201,晋中,客服,AC01101,31500.0,山西,275000.0,2020-08-01
左权金隅水泥有限责任公司,516456982,1459518155,山西省晋中市左权县辽阳镇太子莲池路太子莲村2号,31B0,144051201,晋中,客服,AC01101,31500.0,山西,118800.0,2020-08-04
左权金隅水泥有限责任公司,516456982,1459518155,山西省晋中市左权县辽阳镇太子莲池路太子莲村2号,31B0,144051201,晋中,客服,AC01101,31500.0,山西,193600.0,2020-08-05
左权金隅水泥有限责任公司,516456982,1459518155,山西省晋中市左权县辽阳镇太子莲池路太子莲村2号,31B0,144051201,晋中,客服,AC01101,31500.0,山西,94600.0,2020-08-06
左权金隅水泥有限责任公司,516456982,1459518155,山西省晋中市左权县辽阳镇太子莲池路太子莲村2号,31B0,144051201,晋中,客服,AC01101,31500.0,山西,26400.0,2020-08-07
左权金隅水泥有限责任公司,516456982,1459518155,山西省晋中市左权县辽阳镇太子莲池路太子莲村2号,31B0,144051201,晋中,客服,AC01101,31500.0,山西,134200.0,2020-08-08
左权金隅水泥有限责任公司,516456982,1459518155,山西省晋中市左权县辽阳镇太子莲池路太子莲村2号,31B0,144051201,晋中,客服,AC01101,31500.0,山西,193600.0,2020-08-09
左权金隅水泥有限责任公司,516456982,1459518155,山西省晋中市左权县辽阳镇太子莲池路太子莲村2号,31B0,144051201,晋中,客服,AC01101,31500.0,山西,85800.0,2020-08-10
左权金隅水泥有限责任公司,516456982,1459518155,山西省晋中市左权县辽阳镇太子莲池路太子莲村2号,31B0,144051201,晋中,客服,AC01101,31500.0,山西,195800.0,2020-08-11
左权金隅水泥有限责任公司,516456982,1459518155,山西省晋中市左权县辽阳镇太子莲池路太子莲村2号,31B0,144051201,晋中,客服,AC01101,31500.0,山西,261800.0,2020-08-12
左权金隅水泥有限责任公司,516456982,1459518155,山西省晋中市左权县辽阳镇太子莲池路太子莲村2号,31B0,144051201,晋中,客服,AC01101,31500.0,山西,261800.0,2020-08-13
左权金隅水泥有限责任公司,516456982,1459518155,山西省晋中市左权县辽阳镇太子莲池路太子莲村2号,31B0,144051201,晋中,客服,AC01101,31500.0,山西,189200.0,2020-08-14
左权金隅水泥有限责任公司,516456982,1459518155,山西省晋中市左权县辽阳镇太子莲池路太子莲村2号,31B0,144051201,晋中,客服,AC01101,31500.0,山西,275000.0,2020-08-15
左权金隅水泥有限责任公司,516456982,1459518155,山西省晋中市左权县辽阳镇太子莲池路太子莲村2号,31B0,144051201,晋中,客服,AC01101,31500.0,山西,211200.0,2020-08-17
左权金隅水泥有限责任公司,516456982,1459518155,山西省晋中市左权县辽阳镇太子莲池路太子莲村2号,31B0,144051201,晋中,客服,AC01101,31500.0,山西,277200.0,2020-08-18
左权金隅水泥有限责任公司,516456982,1459518155,山西省晋中市左权县辽阳镇太子莲池路太子莲村2号,31B0,144051201,晋中,客服,AC01101,31500.0,山西,116600.0,2020-08-19
左权金隅水泥有限责任公司,516456982,1459518155,山西省晋中市左权县辽阳镇太子莲池路太子莲村2号,31B0,144051201,晋中,客服,AC01101,31500.0,山西,151800.0,2020-08-20
左权金隅水泥有限责任公司,516456982,1459518155,山西省晋中市左权县辽阳镇太子莲池路太子莲村2号,31B0,144051201,晋中,客服,AC01101,31500.0,山西,257400.0,2020-08-21
左权金隅水泥有限责任公司,516456982,1459518155,山西省晋中市左权县辽阳镇太子莲池路太子莲村2号,31B0,144051201,晋中,客服,AC01101,31500.0,山西,266200.0,2020-08-23
左权金隅水泥有限责任公司,516456982,1459518155,山西省晋中市左权县辽阳镇太子莲池路太子莲村2号,31B0,144051201,晋中,客服,AC01101,31500.0,山西,253000.0,2020-08-24
左权金隅水泥有限责任公司,516456982,1459518155,山西省晋中市左权县辽阳镇太子莲池路太子莲村2号,31B0,144051201,晋中,客服,AC01101,31500.0,山西,220000.0,2020-08-25
左权金隅水泥有限责任公司,516456982,1459518155,山西省晋中市左权县辽阳镇太子莲池路太子莲村2号,31B0,144051201,晋中,客服,AC01101,31500.0,山西,279400.0,2020-08-26
左权金隅水泥有限责任公司,516456982,1459518155,山西省晋中市左权县辽阳镇太子莲池路太子莲村2号,31B0,144051201,晋中,客服,AC01101,31500.0,山西,292600.0,2020-08-27
左权金隅水泥有限责任公司,516456982,1459518155,山西省晋中市左权县辽阳镇太子莲池路太子莲村2号,31B0,144051201,晋中,客服,AC01101,31500.0,山西,290400.0,2020-08-28
左权金隅水泥有限责任公司,516456982,1459518155,山西省晋中市左权县辽阳镇太子莲池路太子莲村2号,31B0,144051201,晋中,客服,AC01101,31500.0,山西,290400.0,2020-08-29
左权金隅水泥有限责任公司,516456982,1459518155,山西省晋中市左权县辽阳镇太子莲池路太子莲村2号,31B0,144051201,晋中,客服,AC01101,31500.0,山西,272800.0,2020-08-31
左权金隅水泥有限责任公司,516456982,1459518155,山西省晋中市左权县辽阳镇太子莲池路太子莲村2号,31B0,144051201,晋中,客服,AC01101,31500.0,山西,275000.0,2020-09-02
左权金隅水泥有限责任公司,516456982,1459518155,山西省晋中市左权县辽阳镇太子莲池路太子莲村2号,31B0,144051201,晋中,客服,AC01101,31500.0,山西,264000.0,2020-09-04
左权金隅水泥有限责任公司,516456982,1459518155,山西省晋中市左权县辽阳镇太子莲池路太子莲村2号,31B0,144051201,晋中,客服,AC01101,31500.0,山西,294800.0,2020-09-05
左权金隅水泥有限责任公司,516456982,1459518155,山西省晋中市左权县辽阳镇太子莲池路太子莲村2号,31B0,144051201,晋中,客服,AC01101,31500.0,山西,292600.0,2020-09-06
左权金隅水泥有限责任公司,516456982,1459518155,山西省晋中市左权县辽阳镇太子莲池路太子莲村2号,31B0,144051201,晋中,客服,AC01101,31500.0,山西,292600.0,2020-09-07
左权金隅水泥有限责任公司,516456982,1459518155,山西省晋中市左权县辽阳镇太子莲池路太子莲村2号,31B0,144051201,晋中,客服,AC01101,31500.0,山西,288200.0,2020-09-08
左权金隅水泥有限责任公司,516456982,1459518155,山西省晋中市左权县辽阳镇太子莲池路太子莲村2号,31B0,144051201,晋中,客服,AC01101,31500.0,山西,283800.0,2020-09-09
左权金隅水泥有限责任公司,516456982,1459518155,山西省晋中市左权县辽阳镇太子莲池路太子莲村2号,31B0,144051201,晋中,客服,AC01101,31500.0,山西,281600.0,2020-09-10
左权金隅水泥有限责任公司,516456982,1459518155,山西省晋中市左权县辽阳镇太子莲池路太子莲村2号,31B0,144051201,晋中,客服,AC01101,31500.0,山西,294800.0,2020-09-12
左权金隅水泥有限责任公司,516456982,1459518155,山西省晋中市左权县辽阳镇太子莲池路太子莲村2号,31B0,144051201,晋中,客服,AC01101,31500.0,山西,299200.0,2020-09-13
左权金隅水泥有限责任公司,516456982,1459518155,山西省晋中市左权县辽阳镇太子莲池路太子莲村2号,31B0,144051201,晋中,客服,AC01101,31500.0,山西,292600.0,2020-09-14
左权金隅水泥有限责任公司,516456982,1459518155,山西省晋中市左权县辽阳镇太子莲池路太子莲村2号,31B0,144051201,晋中,客服,AC01101,31500.0,山西,272800.0,2020-09-15
左权金隅水泥有限责任公司,516456982,1459518155,山西省晋中市左权县辽阳镇太子莲池路太子莲村2号,31B0,144051201,晋中,客服,AC01101,31500.0,山西,292600.0,2020-09-16
左权金隅水泥有限责任公司,516456982,1459518155,山西省晋中市左权县辽阳镇太子莲池路太子莲村2号,31B0,144051201,晋中,客服,AC01101,31500.0,山西,224400.0,2020-09-17
左权金隅水泥有限责任公司,516456982,1459518155,山西省晋中市左权县辽阳镇太子莲池路太子莲村2号,31B0,144051201,晋中,客服,AC01101,31500.0,山西,231000.0,2020-09-18
左权金隅水泥有限责任公司,516456982,1459518155,山西省晋中市左权县辽阳镇太子莲池路太子莲村2号,31B0,144051201,晋中,客服,AC01101,31500.0,山西,294800.0,2020-09-19
左权金隅水泥有限责任公司,516456982,1459518155,山西省晋中市左权县辽阳镇太子莲池路太子莲村2号,31B0,144051201,晋中,客服,AC01101,31500.0,山西,277200.0,2020-09-20
左权金隅水泥有限责任公司,516456982,1459518155,山西省晋中市左权县辽阳镇太子莲池路太子莲村2号,31B0,144051201,晋中,客服,AC01101,31500.0,山西,290400.0,2020-09-21
左权金隅水泥有限责任公司,516456982,1459518155,山西省晋中市左权县辽阳镇太子莲池路太子莲村2号,31B0,144051201,晋中,客服,AC01101,31500.0,山西,292600.0,2020-09-22
左权金隅水泥有限责任公司,516456982,1459518155,山西省晋中市左权县辽阳镇太子莲池路太子莲村2号,31B0,144051201,晋中,客服,AC01101,31500.0,山西,275000.0,2020-09-23
左权金隅水泥有限责任公司,516456982,1459518155,山西省晋中市左权县辽阳镇太子莲池路太子莲村2号,31B0,144051201,晋中,客服,AC01101,31500.0,山西,292600.0,2020-09-24
左权金隅水泥有限责任公司,516456982,1459518155,山西省晋中市左权县辽阳镇太子莲池路太子莲村2号,31B0,144051201,晋中,客服,AC01101,31500.0,山西,290400.0,2020-09-25
左权金隅水泥有限责任公司,516456982,1459518155,山西省晋中市左权县辽阳镇太子莲池路太子莲村2号,31B0,144051201,晋中,客服,AC01101,31500.0,山西,211200.0,2020-09-26
左权金隅水泥有限责任公司,516456982,1459518155,山西省晋中市左权县辽阳镇太子莲池路太子莲村2号,31B0,144051201,晋中,客服,AC01101,31500.0,山西,215600.0,2020-09-28
左权金隅水泥有限责任公司,516456982,1459518155,山西省晋中市左权县辽阳镇太子莲池路太子莲村2号,31B0,144051201,晋中,客服,AC01101,31500.0,山西,215600.0,2020-09-29
左权金隅水泥有限责任公司,516456982,1459518155,山西省晋中市左权县辽阳镇太子莲池路太子莲村2号,31B0,144051201,晋中,客服,AC01101,31500.0,山西,257400.0,2020-09-30
左权金隅水泥有限责任公司,516456982,1459518155,山西省晋中市左权县辽阳镇太子莲池路太子莲村2号,31B0,144051201,晋中,客服,AC01101,31500.0,山西,259600.0,2020-10-01
左权金隅水泥有限责任公司,516456982,1459518155,山西省晋中市左权县辽阳镇太子莲池路太子莲村2号,31B0,144051201,晋中,客服,AC01101,31500.0,山西,301400.0,2020-10-02
左权金隅水泥有限责任公司,516456982,1459518155,山西省晋中市左权县辽阳镇太子莲池路太子莲村2号,31B0,144051201,晋中,客服,AC01101,31500.0,山西,288200.0,2020-10-03
左权金隅水泥有限责任公司,516456982,1459518155,山西省晋中市左权县辽阳镇太子莲池路太子莲村2号,31B0,144051201,晋中,客服,AC01101,31500.0,山西,301400.0,2020-10-05
左权金隅水泥有限责任公司,516456982,1459518155,山西省晋中市左权县辽阳镇太子莲池路太子莲村2号,31B0,144051201,晋中,客服,AC01101,31500.0,山西,288200.0,2020-10-06
左权金隅水泥有限责任公司,516456982,1459518155,山西省晋中市左权县辽阳镇太子莲池路太子莲村2号,31B0,144051201,晋中,客服,AC01101,31500.0,山西,279400.0,2020-10-07
左权金隅水泥有限责任公司,516456982,1459518155,山西省晋中市左权县辽阳镇太子莲池路太子莲村2号,31B0,144051201,晋中,客服,AC01101,31500.0,山西,290400.0,2020-10-08
左权金隅水泥有限责任公司,516456982,1459518155,山西省晋中市左权县辽阳镇太子莲池路太子莲村2号,31B0,144051201,晋中,客服,AC01101,31500.0,山西,292600.0,2020-10-09
左权金隅水泥有限责任公司,516456982,1459518155,山西省晋中市左权县辽阳镇太子莲池路太子莲村2号,31B0,144051201,晋中,客服,AC01101,31500.0,山西,310200.0,2020-10-10
左权金隅水泥有限责任公司,516456982,1459518155,山西省晋中市左权县辽阳镇太子莲池路太子莲村2号,31B0,144051201,晋中,客服,AC01101,31500.0,山西,281600.0,2020-10-11
左权金隅水泥有限责任公司,516456982,1459518155,山西省晋中市左权县辽阳镇太子莲池路太子莲村2号,31B0,144051201,晋中,客服,AC01101,31500.0,山西,290400.0,2020-10-12
左权金隅水泥有限责任公司,516456982,1459518155,山西省晋中市左权县辽阳镇太子莲池路太子莲村2号,31B0,144051201,晋中,客服,AC01101,31500.0,山西,154000.0,2020-10-13
左权金隅水泥有限责任公司,516456982,1459518155,山西省晋中市左权县辽阳镇太子莲池路太子莲村2号,31B0,144051201,晋中,客服,AC01101,31500.0,山西,244200.0,2020-10-14
左权金隅水泥有限责任公司,516456982,1459518155,山西省晋中市左权县辽阳镇太子莲池路太子莲村2号,31B0,144051201,晋中,客服,AC01101,31500.0,山西,308000.0,2020-10-15
左权金隅水泥有限责任公司,516456982,1459518155,山西省晋中市左权县辽阳镇太子莲池路太子莲村2号,31B0,144051201,晋中,客服,AC01101,31500.0,山西,286000.0,2020-10-16
左权金隅水泥有限责任公司,516456982,1459518155,山西省晋中市左权县辽阳镇太子莲池路太子莲村2号,31B0,144051201,晋中,客服,AC01101,31500.0,山西,301400.0,2020-10-17
左权金隅水泥有限责任公司,516456982,1459518155,山西省晋中市左权县辽阳镇太子莲池路太子莲村2号,31B0,144051201,晋中,客服,AC01101,31500.0,山西,314600.0,2020-10-18
左权金隅水泥有限责任公司,516456982,1459518155,山西省晋中市左权县辽阳镇太子莲池路太子莲村2号,31B0,144051201,晋中,客服,AC01101,31500.0,山西,305800.0,2020-10-19
左权金隅水泥有限责任公司,516456982,1459518155,山西省晋中市左权县辽阳镇太子莲池路太子莲村2号,31B0,144051201,晋中,客服,AC01101,31500.0,山西,319000.0,2020-10-20
左权金隅水泥有限责任公司,516456982,1459518155,山西省晋中市左权县辽阳镇太子莲池路太子莲村2号,31B0,144051201,晋中,客服,AC01101,31500.0,山西,312400.0,2020-10-21
左权金隅水泥有限责任公司,516456982,1459518155,山西省晋中市左权县辽阳镇太子莲池路太子莲村2号,31B0,144051201,晋中,客服,AC01101,31500.0,山西,294800.0,2020-10-22
左权金隅水泥有限责任公司,516456982,1459518155,山西省晋中市左权县辽阳镇太子莲池路太子莲村2号,31B0,144051201,晋中,客服,AC01101,31500.0,山西,290400.0,2020-10-23
左权金隅水泥有限责任公司,516456982,1459518155,山西省晋中市左权县辽阳镇太子莲池路太子莲村2号,31B0,144051201,晋中,客服,AC01101,31500.0,山西,303600.0,2020-10-24
左权金隅水泥有限责任公司,516456982,1459518155,山西省晋中市左权县辽阳镇太子莲池路太子莲村2号,31B0,144051201,晋中,客服,AC01101,31500.0,山西,255200.0,2020-10-25
左权金隅水泥有限责任公司,516456982,1459518155,山西省晋中市左权县辽阳镇太子莲池路太子莲村2号,31B0,144051201,晋中,客服,AC01101,31500.0,山西,143000.0,2020-10-26
左权金隅水泥有限责任公司,516456982,1459518155,山西省晋中市左权县辽阳镇太子莲池路太子莲村2号,31B0,144051201,晋中,客服,AC01101,31500.0,山西,268400.0,2020-10-27
左权金隅水泥有限责任公司,516456982,1459518155,山西省晋中市左权县辽阳镇太子莲池路太子莲村2号,31B0,144051201,晋中,客服,AC01101,31500.0,山西,277200.0,2020-10-28
左权金隅水泥有限责任公司,516456982,1459518155,山西省晋中市左权县辽阳镇太子莲池路太子莲村2号,31B0,144051201,晋中,客服,AC01101,31500.0,山西,220000.0,2020-10-29
左权金隅水泥有限责任公司,516456982,1459518155,山西省晋中市左权县辽阳镇太子莲池路太子莲村2号,31B0,144051201,晋中,客服,AC01101,31500.0,山西,114400.0,2020-10-30
左权金隅水泥有限责任公司,516456982,1459518155,山西省晋中市左权县辽阳镇太子莲池路太子莲村2号,31B0,144051201,晋中,客服,AC01101,31500.0,山西,204600.0,2020-10-31
左权金隅水泥有限责任公司,516456982,1459518155,山西省晋中市左权县辽阳镇太子莲池路太子莲村2号,31B0,144051201,晋中,客服,AC01101,31500.0,山西,283800.0,2020-11-01
左权金隅水泥有限责任公司,516456982,1459518155,山西省晋中市左权县辽阳镇太子莲池路太子莲村2号,31B0,144051201,晋中,客服,AC01101,31500.0,山西,286000.0,2020-11-02
左权金隅水泥有限责任公司,516456982,1459518155,山西省晋中市左权县辽阳镇太子莲池路太子莲村2号,31B0,144051201,晋中,客服,AC01101,31500.0,山西,233200.0,2020-11-03
左权金隅水泥有限责任公司,516456982,1459518155,山西省晋中市左权县辽阳镇太子莲池路太子莲村2号,31B0,144051201,晋中,客服,AC01101,31500.0,山西,288200.0,2020-11-04
左权金隅水泥有限责任公司,516456982,1459518155,山西省晋中市左权县辽阳镇太子莲池路太子莲村2号,31B0,144051201,晋中,客服,AC01101,31500.0,山西,290400.0,2020-11-05
左权金隅水泥有限责任公司,516456982,1459518155,山西省晋中市左权县辽阳镇太子莲池路太子莲村2号,31B0,144051201,晋中,客服,AC01101,31500.0,山西,169400.0,2020-11-06
左权金隅水泥有限责任公司,516456982,1459518155,山西省晋中市左权县辽阳镇太子莲池路太子莲村2号,31B0,144051201,晋中,客服,AC01101,31500.0,山西,121000.0,2020-11-07
左权金隅水泥有限责任公司,516456982,1459518155,山西省晋中市左权县辽阳镇太子莲池路太子莲村2号,31B0,144051201,晋中,客服,AC01101,31500.0,山西,110000.0,2020-11-08
左权金隅水泥有限责任公司,516456982,1459518155,山西省晋中市左权县辽阳镇太子莲池路太子莲村2号,31B0,144051201,晋中,客服,AC01101,31500.0,山西,110000.0,2020-11-09
左权金隅水泥有限责任公司,516456982,1459518155,山西省晋中市左权县辽阳镇太子莲池路太子莲村2号,31B0,144051201,晋中,客服,AC01101,31500.0,山西,187000.0,2020-11-10
左权金隅水泥有限责任公司,516456982,1459518155,山西省晋中市左权县辽阳镇太子莲池路太子莲村2号,31B0,144051201,晋中,客服,AC01101,31500.0,山西,294800.0,2020-11-11
左权金隅水泥有限责任公司,516456982,1459518155,山西省晋中市左权县辽阳镇太子莲池路太子莲村2号,31B0,144051201,晋中,客服,AC01101,31500.0,山西,301400.0,2020-11-12
左权金隅水泥有限责任公司,516456982,1459518155,山西省晋中市左权县辽阳镇太子莲池路太子莲村2号,31B0,144051201,晋中,客服,AC01101,31500.0,山西,292600.0,2020-11-13
左权金隅水泥有限责任公司,516456982,1459518155,山西省晋中市左权县辽阳镇太子莲池路太子莲村2号,31B0,144051201,晋中,客服,AC01101,31500.0,山西,305800.0,2020-11-14
左权金隅水泥有限责任公司,516456982,1459518155,山西省晋中市左权县辽阳镇太子莲池路太子莲村2号,31B0,144051201,晋中,客服,AC01101,31500.0,山西,303600.0,2020-11-15
左权金隅水泥有限责任公司,516456982,1459518155,山西省晋中市左权县辽阳镇太子莲池路太子莲村2号,31B0,144051201,晋中,客服,AC01101,31500.0,山西,308000.0,2020-11-16
左权金隅水泥有限责任公司,516456982,1459518155,山西省晋中市左权县辽阳镇太子莲池路太子莲村2号,31B0,144051201,晋中,客服,AC01101,31500.0,山西,261800.0,2020-11-17
左权金隅水泥有限责任公司,516456982,1459518155,山西省晋中市左权县辽阳镇太子莲池路太子莲村2号,31B0,144051201,晋中,客服,AC01101,31500.0,山西,310200.0,2020-11-18
左权金隅水泥有限责任公司,516456982,1459518155,山西省晋中市左权县辽阳镇太子莲池路太子莲村2号,31B0,144051201,晋中,客服,AC01101,31500.0,山西,319000.0,2020-11-19
左权金隅水泥有限责任公司,516456982,1459518155,山西省晋中市左权县辽阳镇太子莲池路太子莲村2号,31B0,144051201,晋中,客服,AC01101,31500.0,山西,312400.0,2020-11-20
左权金隅水泥有限责任公司,516456982,1459518155,山西省晋中市左权县辽阳镇太子莲池路太子莲村2号,31B0,144051201,晋中,客服,AC01101,31500.0,山西,305800.0,2020-11-21
左权金隅水泥有限责任公司,516456982,1459518155,山西省晋中市左权县辽阳镇太子莲池路太子莲村2号,31B0,144051201,晋中,客服,AC01101,31500.0,山西,286000.0,2020-07-26
左权金隅水泥有限责任公司,516456982,1459518155,山西省晋中市左权县辽阳镇太子莲池路太子莲村2号,31B0,144051201,晋中,客服,AC01101,31500.0,山西,277200.0,2020-08-16
左权金隅水泥有限责任公司,516456982,1459518155,山西省晋中市左权县辽阳镇太子莲池路太子莲村2号,31B0,144051201,晋中,客服,AC01101,31500.0,山西,275000.0,2020-08-22
左权金隅水泥有限责任公司,516456982,1459518155,山西省晋中市左权县辽阳镇太子莲池路太子莲村2号,31B0,144051201,晋中,客服,AC01101,31500.0,山西,198000.0,2020-07-19
左权金隅水泥有限责任公司,516456982,1459518155,山西省晋中市左权县辽阳镇太子莲池路太子莲村2号,31B0,144051201,晋中,客服,AC01101,31500.0,山西,286000.0,2020-07-20
左权金隅水泥有限责任公司,516456982,1459518155,山西省晋中市左权县辽阳镇太子莲池路太子莲村2号,31B0,144051201,晋中,客服,AC01101,31500.0,山西,272800.0,2020-07-30
左权金隅水泥有限责任公司,516456982,1459518155,山西省晋中市左权县辽阳镇太子莲池路太子莲村2号,31B0,144051201,晋中,客服,AC01101,31500.0,山西,268400.0,2020-08-02
左权金隅水泥有限责任公司,516456982,1459518155,山西省晋中市左权县辽阳镇太子莲池路太子莲村2号,31B0,144051201,晋中,客服,AC01101,31500.0,山西,217800.0,2020-08-03
左权金隅水泥有限责任公司,516456982,1459518155,山西省晋中市左权县辽阳镇太子莲池路太子莲村2号,31B0,144051201,晋中,客服,AC01101,31500.0,山西,217800.0,2020-09-27
左权金隅水泥有限责任公司,516456982,1459518155,山西省晋中市左权县辽阳镇太子莲池路太子莲村2号,31B0,144051201,晋中,客服,AC01101,31500.0,山西,279400.0,2020-08-30
左权金隅水泥有限责任公司,516456982,1459518155,山西省晋中市左权县辽阳镇太子莲池路太子莲村2号,31B0,144051201,晋中,客服,AC01101,31500.0,山西,279400.0,2020-10-04
左权金隅水泥有限责任公司,516456982,1459518155,山西省晋中市左权县辽阳镇太子莲池路太子莲村2号,31B0,144051201,晋中,客服,AC01101,31500.0,山西,110000.0,2020-09-01
左权金隅水泥有限责任公司,516456982,1459518155,山西省晋中市左权县辽阳镇太子莲池路太子莲村2号,31B0,144051201,晋中,客服,AC01101,31500.0,山西,261800.0,2020-09-03
左权金隅水泥有限责任公司,516456982,1459518155,山西省晋中市左权县辽阳镇太子莲池路太子莲村2号,31B0,144051201,晋中,客服,AC01101,31500.0,山西,286000.0,2020-09-11
左权金隅水泥有限责任公司,516456982,1459518155,山西省晋中市左权县辽阳镇太子莲池路太子莲村2号,31B0,144051201,晋中,客服,AC01101,31500.0,山西,264000.0,2020-07-03
左权金隅水泥有限责任公司,516456982,1459518155,山西省晋中市左权县辽阳镇太子莲池路太子莲村2号,31B0,144051201,晋中,客服,AC01101,31500.0,山西,158400.0,2020-07-13
左权金隅水泥有限责任公司,516456982,1459518155,山西省晋中市左权县辽阳镇太子莲池路太子莲村2号,31B0,144051201,晋中,客服,AC01101,31500.0,山西,244200.0,2020-11-22
左权金隅水泥有限责任公司,516456982,1459518155,山西省晋中市左权县辽阳镇太子莲池路太子莲村2号,31B0,144051201,晋中,客服,AC01101,31500.0,山西,323400.0,2020-11-23
左权金隅水泥有限责任公司,516456982,1459518155,山西省晋中市左权县辽阳镇太子莲池路太子莲村2号,31B0,144051201,晋中,客服,AC01101,31500.0,山西,308000.0,2020-11-24
左权金隅水泥有限责任公司,516456982,1459518155,山西省晋中市左权县辽阳镇太子莲池路太子莲村2号,31B0,144051201,晋中,客服,AC01101,31500.0,山西,323400.0,2020-11-25
左权金隅水泥有限责任公司,516456982,1459518155,山西省晋中市左权县辽阳镇太子莲池路太子莲村2号,31B0,144051201,晋中,客服,AC01101,31500.0,山西,321200.0,2020-11-26
左权金隅水泥有限责任公司,516456982,1459518155,山西省晋中市左权县辽阳镇太子莲池路太子莲村2号,31B0,144051201,晋中,客服,AC01101,31500.0,山西,321230.0,2020-11-27
左权金隅水泥有限责任公司,516456982,1459518155,山西省晋中市左权县辽阳镇太子莲池路太子莲村2号,31B0,144051201,晋中,客服,AC01101,31500.0,山西,329850.0,2020-11-28
左权金隅水泥有限责任公司,516456982,1459518155,山西省晋中市左权县辽阳镇太子莲池路太子莲村2号,31B0,144051201,晋中,客服,AC01101,31500.0,山西,346350.0,2020-11-29
左权金隅水泥有限责任公司,516456982,1459518155,山西省晋中市左权县辽阳镇太子莲池路太子莲村2号,31B0,144051201,晋中,客服,AC01101,31500.0,山西,345410.0,2020-11-30
左权金隅水泥有限责任公司,516456982,1459518155,山西省晋中市左权县辽阳镇太子莲池路太子莲村2号,31B0,144051201,晋中,客服,AC01101,31500.0,山西,346420.0,2020-12-01
左权金隅水泥有限责任公司,516456982,1459518155,山西省晋中市左权县辽阳镇太子莲池路太子莲村2号,31B0,144051201,晋中,客服,AC01101,31500.0,山西,334766.41,2020-12-02
左权金隅水泥有限责任公司,516456982,1459518155,山西省晋中市左权县辽阳镇太子莲池路太子莲村2号,31B0,144051201,晋中,客服,AC01101,31500.0,山西,346418.38,2020-12-03
左权金隅水泥有限责任公司,516456982,1459518155,山西省晋中市左权县辽阳镇太子莲池路太子莲村2号,31B0,144051201,晋中,客服,AC01101,31500.0,山西,346765.37,2020-12-04
左权金隅水泥有限责任公司,516456982,1459518155,山西省晋中市左权县辽阳镇太子莲池路太子莲村2号,31B0,144051201,晋中,客服,AC01101,31500.0,山西,343070.62,2020-12-05
左权金隅水泥有限责任公司,516456982,1459518155,山西省晋中市左权县辽阳镇太子莲池路太子莲村2号,31B0,144051201,晋中,客服,AC01101,31500.0,山西,342529.7,2020-12-06
左权金隅水泥有限责任公司,516456982,1459518155,山西省晋中市左权县辽阳镇太子莲池路太子莲村2号,31B0,144051201,晋中,客服,AC01101,31500.0,山西,342318.92,2020-12-07
左权金隅水泥有限责任公司,516456982,1459518155,山西省晋中市左权县辽阳镇太子莲池路太子莲村2号,31B0,144051201,晋中,客服,AC01101,31500.0,山西,482679.67,2020-12-08
太原山水水泥有限责任公司,113995688,1187525440,山西省太原市阳曲县高村乡辛庄村委村大运路1号,31B0,144010801,太原,阳曲,AC00101,13440.0,山西,6360.0,2020-07-01
山西吉港冠宇水泥有限责任公司,819796864,1194751865,山西省忻州市保德县窑洼乡窑洼村居委会窑洼村道路窑洼村,31B0,144081501,忻州,客服,AC00351,34550.0,山西,378420.0,2020-07-01
山西吉港冠宇水泥有限责任公司,819796864,1194751865,山西省忻州市保德县窑洼乡窑洼村居委会窑洼村道路窑洼村,31B0,144081501,忻州,客服,AC00351,34550.0,山西,283920.0,2020-07-02
太原山水水泥有限责任公司,113995688,1187525440,山西省太原市阳曲县高村乡辛庄村委村大运路1号,31B0,144010801,太原,阳曲,AC00101,13440.0,山西,5880.0,2020-07-02
太原山水水泥有限责任公司,113995688,1187525440,山西省太原市阳曲县高村乡辛庄村委村大运路1号,31B0,144010801,太原,阳曲,AC00101,13440.0,山西,6120.0,2020-07-03
山西吉港冠宇水泥有限责任公司,819796864,1194751865,山西省忻州市保德县窑洼乡窑洼村居委会窑洼村道路窑洼村,31B0,144081501,忻州,客服,AC00351,34550.0,山西,379260.0,2020-07-03
山西吉港冠宇水泥有限责任公司,819796864,1194751865,山西省忻州市保德县窑洼乡窑洼村居委会窑洼村道路窑洼村,31B0,144081501,忻州,客服,AC00351,34550.0,山西,358680.0,2020-07-04
太原山水水泥有限责任公司,113995688,1187525440,山西省太原市阳曲县高村乡辛庄村委村大运路1号,31B0,144010801,太原,阳曲,AC00101,13440.0,山西,6120.0,2020-07-04
山西吉港冠宇水泥有限责任公司,819796864,1194751865,山西省忻州市保德县窑洼乡窑洼村居委会窑洼村道路窑洼村,31B0,144081501,忻州,客服,AC00351,34550.0,山西,320460.0,2020-07-05
太原山水水泥有限责任公司,113995688,1187525440,山西省太原市阳曲县高村乡辛庄村委村大运路1号,31B0,144010801,太原,阳曲,AC00101,13440.0,山西,8160.0,2020-07-05
太原山水水泥有限责任公司,113995688,1187525440,山西省太原市阳曲县高村乡辛庄村委村大运路1号,31B0,144010801,太原,阳曲,AC00101,13440.0,山西,7800.0,2020-07-06
山西吉港冠宇水泥有限责任公司,819796864,1194751865,山西省忻州市保德县窑洼乡窑洼村居委会窑洼村道路窑洼村,31B0,144081501,忻州,客服,AC00351,34550.0,山西,321720.0,2020-07-06
山西吉港冠宇水泥有限责任公司,819796864,1194751865,山西省忻州市保德县窑洼乡窑洼村居委会窑洼村道路窑洼村,31B0,144081501,忻州,客服,AC00351,34550.0,山西,287280.0,2020-07-07
太原山水水泥有限责任公司,113995688,1187525440,山西省太原市阳曲县高村乡辛庄村委村大运路1号,31B0,144010801,太原,阳曲,AC00101,13440.0,山西,7440.0,2020-07-07
太原山水水泥有限责任公司,113995688,1187525440,山西省太原市阳曲县高村乡辛庄村委村大运路1号,31B0,144010801,太原,阳曲,AC00101,13440.0,山西,9960.0,2020-07-08
山西吉港冠宇水泥有限责任公司,819796864,1194751865,山西省忻州市保德县窑洼乡窑洼村居委会窑洼村道路窑洼村,31B0,144081501,忻州,客服,AC00351,34550.0,山西,276360.0,2020-07-08
山西吉港冠宇水泥有限责任公司,819796864,1194751865,山西省忻州市保德县窑洼乡窑洼村居委会窑洼村道路窑洼村,31B0,144081501,忻州,客服,AC00351,34550.0,山西,403200.0,2020-07-09
太原山水水泥有限责任公司,113995688,1187525440,山西省太原市阳曲县高村乡辛庄村委村大运路1号,31B0,144010801,太原,阳曲,AC00101,13440.0,山西,8040.0,2020-07-09
山西吉港冠宇水泥有限责任公司,819796864,1194751865,山西省忻州市保德县窑洼乡窑洼村居委会窑洼村道路窑洼村,31B0,144081501,忻州,客服,AC00351,34550.0,山西,457800.0,2020-07-10
太原山水水泥有限责任公司,113995688,1187525440,山西省太原市阳曲县高村乡辛庄村委村大运路1号,31B0,144010801,太原,阳曲,AC00101,13440.0,山西,40500.0,2020-07-10
山西吉港冠宇水泥有限责任公司,819796864,1194751865,山西省忻州市保德县窑洼乡窑洼村居委会窑洼村道路窑洼村,31B0,144081501,忻州,客服,AC00351,34550.0,山西,556920.0,2020-07-11
太原山水水泥有限责任公司,113995688,1187525440,山西省太原市阳曲县高村乡辛庄村委村大运路1号,31B0,144010801,太原,阳曲,AC00101,13440.0,山西,177960.0,2020-07-11
山西吉港冠宇水泥有限责任公司,819796864,1194751865,山西省忻州市保德县窑洼乡窑洼村居委会窑洼村道路窑洼村,31B0,144081501,忻州,客服,AC00351,34550.0,山西,374220.0,2020-07-12
太原山水水泥有限责任公司,113995688,1187525440,山西省太原市阳曲县高村乡辛庄村委村大运路1号,31B0,144010801,太原,阳曲,AC00101,13440.0,山西,190320.0,2020-07-12
山西吉港冠宇水泥有限责任公司,819796864,1194751865,山西省忻州市保德县窑洼乡窑洼村居委会窑洼村道路窑洼村,31B0,144081501,忻州,客服,AC00351,34550.0,山西,494340.0,2020-07-13
太原山水水泥有限责任公司,113995688,1187525440,山西省太原市阳曲县高村乡辛庄村委村大运路1号,31B0,144010801,太原,阳曲,AC00101,13440.0,山西,184260.0,2020-07-13
太原山水水泥有限责任公司,113995688,1187525440,山西省太原市阳曲县高村乡辛庄村委村大运路1号,31B0,144010801,太原,阳曲,AC00101,13440.0,山西,181020.0,2020-07-14
山西吉港冠宇水泥有限责任公司,819796864,1194751865,山西省忻州市保德县窑洼乡窑洼村居委会窑洼村道路窑洼村,31B0,144081501,忻州,客服,AC00351,34550.0,山西,489720.0,2020-07-14
山西吉港冠宇水泥有限责任公司,819796864,1194751865,山西省忻州市保德县窑洼乡窑洼村居委会窑洼村道路窑洼村,31B0,144081501,忻州,客服,AC00351,34550.0,山西,536340.0,2020-07-15
太原山水水泥有限责任公司,113995688,1187525440,山西省太原市阳曲县高村乡辛庄村委村大运路1号,31B0,144010801,太原,阳曲,AC00101,13440.0,山西,179340.0,2020-07-15
太原山水水泥有限责任公司,113995688,1187525440,山西省太原市阳曲县高村乡辛庄村委村大运路1号,31B0,144010801,太原,阳曲,AC00101,13440.0,山西,172920.0,2020-07-16
山西吉港冠宇水泥有限责任公司,819796864,1194751865,山西省忻州市保德县窑洼乡窑洼村居委会窑洼村道路窑洼村,31B0,144081501,忻州,客服,AC00351,34550.0,山西,572880.0,2020-07-16
山西吉港冠宇水泥有限责任公司,819796864,1194751865,山西省忻州市保德县窑洼乡窑洼村居委会窑洼村道路窑洼村,31B0,144081501,忻州,客服,AC00351,34550.0,山西,418740.0,2020-07-17
太原山水水泥有限责任公司,113995688,1187525440,山西省太原市阳曲县高村乡辛庄村委村大运路1号,31B0,144010801,太原,阳曲,AC00101,13440.0,山西,148620.0,2020-07-17
山西吉港冠宇水泥有限责任公司,819796864,1194751865,山西省忻州市保德县窑洼乡窑洼村居委会窑洼村道路窑洼村,31B0,144081501,忻州,客服,AC00351,34550.0,山西,428400.0,2020-07-18
太原山水水泥有限责任公司,113995688,1187525440,山西省太原市阳曲县高村乡辛庄村委村大运路1号,31B0,144010801,太原,阳曲,AC00101,13440.0,山西,127620.0,2020-07-18
太原山水水泥有限责任公司,113995688,1187525440,山西省太原市阳曲县高村乡辛庄村委村大运路1号,31B0,144010801,太原,阳曲,AC00101,13440.0,山西,171180.0,2020-07-19
山西吉港冠宇水泥有限责任公司,819796864,1194751865,山西省忻州市保德县窑洼乡窑洼村居委会窑洼村道路窑洼村,31B0,144081501,忻州,客服,AC00351,34550.0,山西,460320.0,2020-07-19
太原山水水泥有限责任公司,113995688,1187525440,山西省太原市阳曲县高村乡辛庄村委村大运路1号,31B0,144010801,太原,阳曲,AC00101,13440.0,山西,169920.0,2020-07-20
山西吉港冠宇水泥有限责任公司,819796864,1194751865,山西省忻州市保德县窑洼乡窑洼村居委会窑洼村道路窑洼村,31B0,144081501,忻州,客服,AC00351,34550.0,山西,553980.0,2020-07-20
山西吉港冠宇水泥有限责任公司,819796864,1194751865,山西省忻州市保德县窑洼乡窑洼村居委会窑洼村道路窑洼村,31B0,144081501,忻州,客服,AC00351,34550.0,山西,570360.0,2020-07-21
太原山水水泥有限责任公司,113995688,1187525440,山西省太原市阳曲县高村乡辛庄村委村大运路1号,31B0,144010801,太原,阳曲,AC00101,13440.0,山西,182100.0,2020-07-21
太原山水水泥有限责任公司,113995688,1187525440,山西省太原市阳曲县高村乡辛庄村委村大运路1号,31B0,144010801,太原,阳曲,AC00101,13440.0,山西,184260.0,2020-07-22
山西吉港冠宇水泥有限责任公司,819796864,1194751865,山西省忻州市保德县窑洼乡窑洼村居委会窑洼村道路窑洼村,31B0,144081501,忻州,客服,AC00351,34550.0,山西,515760.0,2020-07-22
太原山水水泥有限责任公司,113995688,1187525440,山西省太原市阳曲县高村乡辛庄村委村大运路1号,31B0,144010801,太原,阳曲,AC00101,13440.0,山西,185880.0,2020-07-23
山西吉港冠宇水泥有限责任公司,819796864,1194751865,山西省忻州市保德县窑洼乡窑洼村居委会窑洼村道路窑洼村,31B0,144081501,忻州,客服,AC00351,34550.0,山西,562380.0,2020-07-23
太原山水水泥有限责任公司,113995688,1187525440,山西省太原市阳曲县高村乡辛庄村委村大运路1号,31B0,144010801,太原,阳曲,AC00101,13440.0,山西,187080.0,2020-07-24
山西吉港冠宇水泥有限责任公司,819796864,1194751865,山西省忻州市保德县窑洼乡窑洼村居委会窑洼村道路窑洼村,31B0,144081501,忻州,客服,AC00351,34550.0,山西,537600.0,2020-07-24
太原山水水泥有限责任公司,113995688,1187525440,山西省太原市阳曲县高村乡辛庄村委村大运路1号,31B0,144010801,太原,阳曲,AC00101,13440.0,山西,186060.0,2020-07-25
山西吉港冠宇水泥有限责任公司,819796864,1194751865,山西省忻州市保德县窑洼乡窑洼村居委会窑洼村道路窑洼村,31B0,144081501,忻州,客服,AC00351,34550.0,山西,517860.0,2020-07-25
山西吉港冠宇水泥有限责任公司,819796864,1194751865,山西省忻州市保德县窑洼乡窑洼村居委会窑洼村道路窑洼村,31B0,144081501,忻州,客服,AC00351,34550.0,山西,460740.0,2020-07-26
太原山水水泥有限责任公司,113995688,1187525440,山西省太原市阳曲县高村乡辛庄村委村大运路1号,31B0,144010801,太原,阳曲,AC00101,13440.0,山西,174300.0,2020-07-26
太原山水水泥有限责任公司,113995688,1187525440,山西省太原市阳曲县高村乡辛庄村委村大运路1号,31B0,144010801,太原,阳曲,AC00101,13440.0,山西,172680.0,2020-07-27
山西吉港冠宇水泥有限责任公司,819796864,1194751865,山西省忻州市保德县窑洼乡窑洼村居委会窑洼村道路窑洼村,31B0,144081501,忻州,客服,AC00351,34550.0,山西,536340.0,2020-07-27
山西吉港冠宇水泥有限责任公司,819796864,1194751865,山西省忻州市保德县窑洼乡窑洼村居委会窑洼村道路窑洼村,31B0,144081501,忻州,客服,AC00351,34550.0,山西,504420.0,2020-07-28
太原山水水泥有限责任公司,113995688,1187525440,山西省太原市阳曲县高村乡辛庄村委村大运路1号,31B0,144010801,太原,阳曲,AC00101,13440.0,山西,165060.0,2020-07-28
山西吉港冠宇水泥有限责任公司,819796864,1194751865,山西省忻州市保德县窑洼乡窑洼村居委会窑洼村道路窑洼村,31B0,144081501,忻州,客服,AC00351,34550.0,山西,494760.0,2020-07-29
太原山水水泥有限责任公司,113995688,1187525440,山西省太原市阳曲县高村乡辛庄村委村大运路1号,31B0,144010801,太原,阳曲,AC00101,13440.0,山西,178860.0,2020-07-29
太原山水水泥有限责任公司,113995688,1187525440,山西省太原市阳曲县高村乡辛庄村委村大运路1号,31B0,144010801,太原,阳曲,AC00101,13440.0,山西,175020.0,2020-07-30
山西吉港冠宇水泥有限责任公司,819796864,1194751865,山西省忻州市保德县窑洼乡窑洼村居委会窑洼村道路窑洼村,31B0,144081501,忻州,客服,AC00351,34550.0,山西,483420.0,2020-07-30
太原山水水泥有限责任公司,113995688,1187525440,山西省太原市阳曲县高村乡辛庄村委村大运路1号,31B0,144010801,太原,阳曲,AC00101,13440.0,山西,180720.0,2020-07-31
山西吉港冠宇水泥有限责任公司,819796864,1194751865,山西省忻州市保德县窑洼乡窑洼村居委会窑洼村道路窑洼村,31B0,144081501,忻州,客服,AC00351,34550.0,山西,572880.0,2020-07-31
山西吉港冠宇水泥有限责任公司,819796864,1194751865,山西省忻州市保德县窑洼乡窑洼村居委会窑洼村道路窑洼村,31B0,144081501,忻州,客服,AC00351,34550.0,山西,543900.0,2020-08-01
太原山水水泥有限责任公司,113995688,1187525440,山西省太原市阳曲县高村乡辛庄村委村大运路1号,31B0,144010801,太原,阳曲,AC00101,13440.0,山西,180840.0,2020-08-01
山西吉港冠宇水泥有限责任公司,819796864,1194751865,山西省忻州市保德县窑洼乡窑洼村居委会窑洼村道路窑洼村,31B0,144081501,忻州,客服,AC00351,34550.0,山西,561960.0,2020-08-02
太原山水水泥有限责任公司,113995688,1187525440,山西省太原市阳曲县高村乡辛庄村委村大运路1号,31B0,144010801,太原,阳曲,AC00101,13440.0,山西,192840.0,2020-08-02
山西吉港冠宇水泥有限责任公司,819796864,1194751865,山西省忻州市保德县窑洼乡窑洼村居委会窑洼村道路窑洼村,31B0,144081501,忻州,客服,AC00351,34550.0,山西,506520.0,2020-08-03
太原山水水泥有限责任公司,113995688,1187525440,山西省太原市阳曲县高村乡辛庄村委村大运路1号,31B0,144010801,太原,阳曲,AC00101,13440.0,山西,185880.0,2020-08-03
山西吉港冠宇水泥有限责任公司,819796864,1194751865,山西省忻州市保德县窑洼乡窑洼村居委会窑洼村道路窑洼村,31B0,144081501,忻州,客服,AC00351,34550.0,山西,538020.0,2020-08-04
太原山水水泥有限责任公司,113995688,1187525440,山西省太原市阳曲县高村乡辛庄村委村大运路1号,31B0,144010801,太原,阳曲,AC00101,13440.0,山西,189960.0,2020-08-04
太原山水水泥有限责任公司,113995688,1187525440,山西省太原市阳曲县高村乡辛庄村委村大运路1号,31B0,144010801,太原,阳曲,AC00101,13440.0,山西,186900.0,2020-08-05
山西吉港冠宇水泥有限责任公司,819796864,1194751865,山西省忻州市保德县窑洼乡窑洼村居委会窑洼村道路窑洼村,31B0,144081501,忻州,客服,AC00351,34550.0,山西,430500.0,2020-08-05
山西吉港冠宇水泥有限责任公司,819796864,1194751865,山西省忻州市保德县窑洼乡窑洼村居委会窑洼村道路窑洼村,31B0,144081501,忻州,客服,AC00351,34550.0,山西,473340.0,2020-08-06
太原山水水泥有限责任公司,113995688,1187525440,山西省太原市阳曲县高村乡辛庄村委村大运路1号,31B0,144010801,太原,阳曲,AC00101,13440.0,山西,192540.0,2020-08-06
山西吉港冠宇水泥有限责任公司,819796864,1194751865,山西省忻州市保德县窑洼乡窑洼村居委会窑洼村道路窑洼村,31B0,144081501,忻州,客服,AC00351,34550.0,山西,516600.0,2020-08-07
太原山水水泥有限责任公司,113995688,1187525440,山西省太原市阳曲县高村乡辛庄村委村大运路1号,31B0,144010801,太原,阳曲,AC00101,13440.0,山西,182760.0,2020-08-07
山西吉港冠宇水泥有限责任公司,819796864,1194751865,山西省忻州市保德县窑洼乡窑洼村居委会窑洼村道路窑洼村,31B0,144081501,忻州,客服,AC00351,34550.0,山西,565740.0,2020-08-08
太原山水水泥有限责任公司,113995688,1187525440,山西省太原市阳曲县高村乡辛庄村委村大运路1号,31B0,144010801,太原,阳曲,AC00101,13440.0,山西,188700.0,2020-08-08
山西吉港冠宇水泥有限责任公司,819796864,1194751865,山西省忻州市保德县窑洼乡窑洼村居委会窑洼村道路窑洼村,31B0,144081501,忻州,客服,AC00351,34550.0,山西,507780.0,2020-08-09
太原山水水泥有限责任公司,113995688,1187525440,山西省太原市阳曲县高村乡辛庄村委村大运路1号,31B0,144010801,太原,阳曲,AC00101,13440.0,山西,186420.0,2020-08-09
太原山水水泥有限责任公司,113995688,1187525440,山西省太原市阳曲县高村乡辛庄村委村大运路1号,31B0,144010801,太原,阳曲,AC00101,13440.0,山西,186420.0,2020-08-10
山西吉港冠宇水泥有限责任公司,819796864,1194751865,山西省忻州市保德县窑洼乡窑洼村居委会窑洼村道路窑洼村,31B0,144081501,忻州,客服,AC00351,34550.0,山西,474180.0,2020-08-10
山西吉港冠宇水泥有限责任公司,819796864,1194751865,山西省忻州市保德县窑洼乡窑洼村居委会窑洼村道路窑洼村,31B0,144081501,忻州,客服,AC00351,34550.0,山西,538020.0,2020-08-11
太原山水水泥有限责任公司,113995688,1187525440,山西省太原市阳曲县高村乡辛庄村委村大运路1号,31B0,144010801,太原,阳曲,AC00101,13440.0,山西,189060.0,2020-08-11
太原山水水泥有限责任公司,113995688,1187525440,山西省太原市阳曲县高村乡辛庄村委村大运路1号,31B0,144010801,太原,阳曲,AC00101,13440.0,山西,192180.0,2020-08-12
山西吉港冠宇水泥有限责任公司,819796864,1194751865,山西省忻州市保德县窑洼乡窑洼村居委会窑洼村道路窑洼村,31B0,144081501,忻州,客服,AC00351,34550.0,山西,615300.0,2020-08-12
山西吉港冠宇水泥有限责任公司,819796864,1194751865,山西省忻州市保德县窑洼乡窑洼村居委会窑洼村道路窑洼村,31B0,144081501,忻州,客服,AC00351,34550.0,山西,537600.0,2020-08-13
太原山水水泥有限责任公司,113995688,1187525440,山西省太原市阳曲县高村乡辛庄村委村大运路1号,31B0,144010801,太原,阳曲,AC00101,13440.0,山西,196920.0,2020-08-13
太原山水水泥有限责任公司,113995688,1187525440,山西省太原市阳曲县高村乡辛庄村委村大运路1号,31B0,144010801,太原,阳曲,AC00101,13440.0,山西,184980.0,2020-08-14
山西吉港冠宇水泥有限责任公司,819796864,1194751865,山西省忻州市保德县窑洼乡窑洼村居委会窑洼村道路窑洼村,31B0,144081501,忻州,客服,AC00351,34550.0,山西,578340.0,2020-08-14
山西吉港冠宇水泥有限责任公司,819796864,1194751865,山西省忻州市保德县窑洼乡窑洼村居委会窑洼村道路窑洼村,31B0,144081501,忻州,客服,AC00351,34550.0,山西,511560.0,2020-08-15
太原山水水泥有限责任公司,113995688,1187525440,山西省太原市阳曲县高村乡辛庄村委村大运路1号,31B0,144010801,太原,阳曲,AC00101,13440.0,山西,185100.0,2020-08-15
山西吉港冠宇水泥有限责任公司,819796864,1194751865,山西省忻州市保德县窑洼乡窑洼村居委会窑洼村道路窑洼村,31B0,144081501,忻州,客服,AC00351,34550.0,山西,529620.0,2020-08-16
太原山水水泥有限责任公司,113995688,1187525440,山西省太原市阳曲县高村乡辛庄村委村大运路1号,31B0,144010801,太原,阳曲,AC00101,13440.0,山西,187920.0,2020-08-16
山西吉港冠宇水泥有限责任公司,819796864,1194751865,山西省忻州市保德县窑洼乡窑洼村居委会窑洼村道路窑洼村,31B0,144081501,忻州,客服,AC00351,34550.0,山西,507780.0,2020-08-17
太原山水水泥有限责任公司,113995688,1187525440,山西省太原市阳曲县高村乡辛庄村委村大运路1号,31B0,144010801,太原,阳曲,AC00101,13440.0,山西,185040.0,2020-08-17
太原山水水泥有限责任公司,113995688,1187525440,山西省太原市阳曲县高村乡辛庄村委村大运路1号,31B0,144010801,太原,阳曲,AC00101,13440.0,山西,166380.0,2020-08-18
山西吉港冠宇水泥有限责任公司,819796864,1194751865,山西省忻州市保德县窑洼乡窑洼村居委会窑洼村道路窑洼村,31B0,144081501,忻州,客服,AC00351,34550.0,山西,443940.0,2020-08-18
太原山水水泥有限责任公司,113995688,1187525440,山西省太原市阳曲县高村乡辛庄村委村大运路1号,31B0,144010801,太原,阳曲,AC00101,13440.0,山西,185100.0,2020-08-19
山西吉港冠宇水泥有限责任公司,819796864,1194751865,山西省忻州市保德县窑洼乡窑洼村居委会窑洼村道路窑洼村,31B0,144081501,忻州,客服,AC00351,34550.0,山西,422940.0,2020-08-19
山西吉港冠宇水泥有限责任公司,819796864,1194751865,山西省忻州市保德县窑洼乡窑洼村居委会窑洼村道路窑洼村,31B0,144081501,忻州,客服,AC00351,34550.0,山西,606060.0,2020-08-20
太原山水水泥有限责任公司,113995688,1187525440,山西省太原市阳曲县高村乡辛庄村委村大运路1号,31B0,144010801,太原,阳曲,AC00101,13440.0,山西,98520.0,2020-08-20
太原山水水泥有限责任公司,113995688,1187525440,山西省太原市阳曲县高村乡辛庄村委村大运路1号,31B0,144010801,太原,阳曲,AC00101,13440.0,山西,5760.0,2020-08-21
山西吉港冠宇水泥有限责任公司,819796864,1194751865,山西省忻州市保德县窑洼乡窑洼村居委会窑洼村道路窑洼村,31B0,144081501,忻州,客服,AC00351,34550.0,山西,509880.0,2020-08-21
太原山水水泥有限责任公司,113995688,1187525440,山西省太原市阳曲县高村乡辛庄村委村大运路1号,31B0,144010801,太原,阳曲,AC00101,13440.0,山西,4200.0,2020-08-22
山西吉港冠宇水泥有限责任公司,819796864,1194751865,山西省忻州市保德县窑洼乡窑洼村居委会窑洼村道路窑洼村,31B0,144081501,忻州,客服,AC00351,34550.0,山西,588420.0,2020-08-22
山西吉港冠宇水泥有限责任公司,819796864,1194751865,山西省忻州市保德县窑洼乡窑洼村居委会窑洼村道路窑洼村,31B0,144081501,忻州,客服,AC00351,34550.0,山西,498960.0,2020-08-23
太原山水水泥有限责任公司,113995688,1187525440,山西省太原市阳曲县高村乡辛庄村委村大运路1号,31B0,144010801,太原,阳曲,AC00101,13440.0,山西,2280.0,2020-08-23
太原山水水泥有限责任公司,113995688,1187525440,山西省太原市阳曲县高村乡辛庄村委村大运路1号,31B0,144010801,太原,阳曲,AC00101,13440.0,山西,3240.0,2020-08-24
山西吉港冠宇水泥有限责任公司,819796864,1194751865,山西省忻州市保德县窑洼乡窑洼村居委会窑洼村道路窑洼村,31B0,144081501,忻州,客服,AC00351,34550.0,山西,539280.0,2020-08-24
山西吉港冠宇水泥有限责任公司,819796864,1194751865,山西省忻州市保德县窑洼乡窑洼村居委会窑洼村道路窑洼村,31B0,144081501,忻州,客服,AC00351,34550.0,山西,458640.0,2020-08-25
太原山水水泥有限责任公司,113995688,1187525440,山西省太原市阳曲县高村乡辛庄村委村大运路1号,31B0,144010801,太原,阳曲,AC00101,13440.0,山西,2400.0,2020-08-25
山西吉港冠宇水泥有限责任公司,819796864,1194751865,山西省忻州市保德县窑洼乡窑洼村居委会窑洼村道路窑洼村,31B0,144081501,忻州,客服,AC00351,34550.0,山西,546840.0,2020-08-26
太原山水水泥有限责任公司,113995688,1187525440,山西省太原市阳曲县高村乡辛庄村委村大运路1号,31B0,144010801,太原,阳曲,AC00101,13440.0,山西,2760.0,2020-08-26
山西吉港冠宇水泥有限责任公司,819796864,1194751865,山西省忻州市保德县窑洼乡窑洼村居委会窑洼村道路窑洼村,31B0,144081501,忻州,客服,AC00351,34550.0,山西,619500.0,2020-08-27
太原山水水泥有限责任公司,113995688,1187525440,山西省太原市阳曲县高村乡辛庄村委村大运路1号,31B0,144010801,太原,阳曲,AC00101,13440.0,山西,2760.0,2020-08-27
山西吉港冠宇水泥有限责任公司,819796864,1194751865,山西省忻州市保德县窑洼乡窑洼村居委会窑洼村道路窑洼村,31B0,144081501,忻州,客服,AC00351,34550.0,山西,492660.0,2020-08-28
太原山水水泥有限责任公司,113995688,1187525440,山西省太原市阳曲县高村乡辛庄村委村大运路1号,31B0,144010801,太原,阳曲,AC00101,13440.0,山西,3720.0,2020-08-28
太原山水水泥有限责任公司,113995688,1187525440,山西省太原市阳曲县高村乡辛庄村委村大运路1号,31B0,144010801,太原,阳曲,AC00101,13440.0,山西,4920.0,2020-08-29
山西吉港冠宇水泥有限责任公司,819796864,1194751865,山西省忻州市保德县窑洼乡窑洼村居委会窑洼村道路窑洼村,31B0,144081501,忻州,客服,AC00351,34550.0,山西,489720.0,2020-08-29
太原山水水泥有限责任公司,113995688,1187525440,山西省太原市阳曲县高村乡辛庄村委村大运路1号,31B0,144010801,太原,阳曲,AC00101,13440.0,山西,9360.0,2020-08-30
山西吉港冠宇水泥有限责任公司,819796864,1194751865,山西省忻州市保德县窑洼乡窑洼村居委会窑洼村道路窑洼村,31B0,144081501,忻州,客服,AC00351,34550.0,山西,610260.0,2020-08-30
山西吉港冠宇水泥有限责任公司,819796864,1194751865,山西省忻州市保德县窑洼乡窑洼村居委会窑洼村道路窑洼村,31B0,144081501,忻州,客服,AC00351,34550.0,山西,617400.0,2020-08-31
太原山水水泥有限责任公司,113995688,1187525440,山西省太原市阳曲县高村乡辛庄村委村大运路1号,31B0,144010801,太原,阳曲,AC00101,13440.0,山西,7200.0,2020-08-31
太原山水水泥有限责任公司,113995688,1187525440,山西省太原市阳曲县高村乡辛庄村委村大运路1号,31B0,144010801,太原,阳曲,AC00101,13440.0,山西,124680.0,2020-09-01
山西吉港冠宇水泥有限责任公司,819796864,1194751865,山西省忻州市保德县窑洼乡窑洼村居委会窑洼村道路窑洼村,31B0,144081501,忻州,客服,AC00351,34550.0,山西,437640.0,2020-09-01
山西吉港冠宇水泥有限责任公司,819796864,1194751865,山西省忻州市保德县窑洼乡窑洼村居委会窑洼村道路窑洼村,31B0,144081501,忻州,客服,AC00351,34550.0,山西,554400.0,2020-09-02
太原山水水泥有限责任公司,113995688,1187525440,山西省太原市阳曲县高村乡辛庄村委村大运路1号,31B0,144010801,太原,阳曲,AC00101,13440.0,山西,111240.0,2020-09-02
山西吉港冠宇水泥有限责任公司,819796864,1194751865,山西省忻州市保德县窑洼乡窑洼村居委会窑洼村道路窑洼村,31B0,144081501,忻州,客服,AC00351,34550.0,山西,581700.0,2020-09-03
太原山水水泥有限责任公司,113995688,1187525440,山西省太原市阳曲县高村乡辛庄村委村大运路1号,31B0,144010801,太原,阳曲,AC00101,13440.0,山西,101760.0,2020-09-03
太原山水水泥有限责任公司,113995688,1187525440,山西省太原市阳曲县高村乡辛庄村委村大运路1号,31B0,144010801,太原,阳曲,AC00101,13440.0,山西,107280.0,2020-09-04
山西吉港冠宇水泥有限责任公司,819796864,1194751865,山西省忻州市保德县窑洼乡窑洼村居委会窑洼村道路窑洼村,31B0,144081501,忻州,客服,AC00351,34550.0,山西,529620.0,2020-09-04
太原山水水泥有限责任公司,113995688,1187525440,山西省太原市阳曲县高村乡辛庄村委村大运路1号,31B0,144010801,太原,阳曲,AC00101,13440.0,山西,94920.0,2020-09-05
山西吉港冠宇水泥有限责任公司,819796864,1194751865,山西省忻州市保德县窑洼乡窑洼村居委会窑洼村道路窑洼村,31B0,144081501,忻州,客服,AC00351,34550.0,山西,509040.0,2020-09-05
太原山水水泥有限责任公司,113995688,1187525440,山西省太原市阳曲县高村乡辛庄村委村大运路1号,31B0,144010801,太原,阳曲,AC00101,13440.0,山西,107040.0,2020-09-06
山西吉港冠宇水泥有限责任公司,819796864,1194751865,山西省忻州市保德县窑洼乡窑洼村居委会窑洼村道路窑洼村,31B0,144081501,忻州,客服,AC00351,34550.0,山西,567420.0,2020-09-06
太原山水水泥有限责任公司,113995688,1187525440,山西省太原市阳曲县高村乡辛庄村委村大运路1号,31B0,144010801,太原,阳曲,AC00101,13440.0,山西,102000.0,2020-09-07
山西吉港冠宇水泥有限责任公司,819796864,1194751865,山西省忻州市保德县窑洼乡窑洼村居委会窑洼村道路窑洼村,31B0,144081501,忻州,客服,AC00351,34550.0,山西,441000.0,2020-09-07
太原山水水泥有限责任公司,113995688,1187525440,山西省太原市阳曲县高村乡辛庄村委村大运路1号,31B0,144010801,太原,阳曲,AC00101,13440.0,山西,101760.0,2020-09-08
山西吉港冠宇水泥有限责任公司,819796864,1194751865,山西省忻州市保德县窑洼乡窑洼村居委会窑洼村道路窑洼村,31B0,144081501,忻州,客服,AC00351,34550.0,山西,523740.0,2020-09-08
太原山水水泥有限责任公司,113995688,1187525440,山西省太原市阳曲县高村乡辛庄村委村大运路1号,31B0,144010801,太原,阳曲,AC00101,13440.0,山西,95520.0,2020-09-09
山西吉港冠宇水泥有限责任公司,819796864,1194751865,山西省忻州市保德县窑洼乡窑洼村居委会窑洼村道路窑洼村,31B0,144081501,忻州,客服,AC00351,34550.0,山西,515340.0,2020-09-09
太原山水水泥有限责任公司,113995688,1187525440,山西省太原市阳曲县高村乡辛庄村委村大运路1号,31B0,144010801,太原,阳曲,AC00101,13440.0,山西,89760.0,2020-09-10
山西吉港冠宇水泥有限责任公司,819796864,1194751865,山西省忻州市保德县窑洼乡窑洼村居委会窑洼村道路窑洼村,31B0,144081501,忻州,客服,AC00351,34550.0,山西,475440.0,2020-09-10
山西吉港冠宇水泥有限责任公司,819796864,1194751865,山西省忻州市保德县窑洼乡窑洼村居委会窑洼村道路窑洼村,31B0,144081501,忻州,客服,AC00351,34550.0,山西,373800.0,2020-09-11
太原山水水泥有限责任公司,113995688,1187525440,山西省太原市阳曲县高村乡辛庄村委村大运路1号,31B0,144010801,太原,阳曲,AC00101,13440.0,山西,92520.0,2020-09-11
太原山水水泥有限责任公司,113995688,1187525440,山西省太原市阳曲县高村乡辛庄村委村大运路1号,31B0,144010801,太原,阳曲,AC00101,13440.0,山西,94680.0,2020-09-12
山西吉港冠宇水泥有限责任公司,819796864,1194751865,山西省忻州市保德县窑洼乡窑洼村居委会窑洼村道路窑洼村,31B0,144081501,忻州,客服,AC00351,34550.0,山西,405720.0,2020-09-12
山西吉港冠宇水泥有限责任公司,819796864,1194751865,山西省忻州市保德县窑洼乡窑洼村居委会窑洼村道路窑洼村,31B0,144081501,忻州,客服,AC00351,34550.0,山西,412440.0,2020-09-13
太原山水水泥有限责任公司,113995688,1187525440,山西省太原市阳曲县高村乡辛庄村委村大运路1号,31B0,144010801,太原,阳曲,AC00101,13440.0,山西,107040.0,2020-09-13
山西吉港冠宇水泥有限责任公司,819796864,1194751865,山西省忻州市保德县窑洼乡窑洼村居委会窑洼村道路窑洼村,31B0,144081501,忻州,客服,AC00351,34550.0,山西,436380.0,2020-09-14
太原山水水泥有限责任公司,113995688,1187525440,山西省太原市阳曲县高村乡辛庄村委村大运路1号,31B0,144010801,太原,阳曲,AC00101,13440.0,山西,19560.0,2020-09-14
山西吉港冠宇水泥有限责任公司,819796864,1194751865,山西省忻州市保德县窑洼乡窑洼村居委会窑洼村道路窑洼村,31B0,144081501,忻州,客服,AC00351,34550.0,山西,424620.0,2020-09-15
太原山水水泥有限责任公司,113995688,1187525440,山西省太原市阳曲县高村乡辛庄村委村大运路1号,31B0,144010801,太原,阳曲,AC00101,13440.0,山西,5520.0,2020-09-15
山西吉港冠宇水泥有限责任公司,819796864,1194751865,山西省忻州市保德县窑洼乡窑洼村居委会窑洼村道路窑洼村,31B0,144081501,忻州,客服,AC00351,34550.0,山西,441000.0,2020-09-16
太原山水水泥有限责任公司,113995688,1187525440,山西省太原市阳曲县高村乡辛庄村委村大运路1号,31B0,144010801,太原,阳曲,AC00101,13440.0,山西,4440.0,2020-09-16
太原山水水泥有限责任公司,113995688,1187525440,山西省太原市阳曲县高村乡辛庄村委村大运路1号,31B0,144010801,太原,阳曲,AC00101,13440.0,山西,2520.0,2020-09-17
山西吉港冠宇水泥有限责任公司,819796864,1194751865,山西省忻州市保德县窑洼乡窑洼村居委会窑洼村道路窑洼村,31B0,144081501,忻州,客服,AC00351,34550.0,山西,433440.0,2020-09-17
山西吉港冠宇水泥有限责任公司,819796864,1194751865,山西省忻州市保德县窑洼乡窑洼村居委会窑洼村道路窑洼村,31B0,144081501,忻州,客服,AC00351,34550.0,山西,441840.0,2020-09-18
太原山水水泥有限责任公司,113995688,1187525440,山西省太原市阳曲县高村乡辛庄村委村大运路1号,31B0,144010801,太原,阳曲,AC00101,13440.0,山西,2400.0,2020-09-18
山西吉港冠宇水泥有限责任公司,819796864,1194751865,山西省忻州市保德县窑洼乡窑洼村居委会窑洼村道路窑洼村,31B0,144081501,忻州,客服,AC00351,34550.0,山西,438900.0,2020-09-19
太原山水水泥有限责任公司,113995688,1187525440,山西省太原市阳曲县高村乡辛庄村委村大运路1号,31B0,144010801,太原,阳曲,AC00101,13440.0,山西,3600.0,2020-09-19
太原山水水泥有限责任公司,113995688,1187525440,山西省太原市阳曲县高村乡辛庄村委村大运路1号,31B0,144010801,太原,阳曲,AC00101,13440.0,山西,4680.0,2020-09-20
山西吉港冠宇水泥有限责任公司,819796864,1194751865,山西省忻州市保德县窑洼乡窑洼村居委会窑洼村道路窑洼村,31B0,144081501,忻州,客服,AC00351,34550.0,山西,441840.0,2020-09-20
山西吉港冠宇水泥有限责任公司,819796864,1194751865,山西省忻州市保德县窑洼乡窑洼村居委会窑洼村道路窑洼村,31B0,144081501,忻州,客服,AC00351,34550.0,山西,439740.0,2020-09-21
太原山水水泥有限责任公司,113995688,1187525440,山西省太原市阳曲县高村乡辛庄村委村大运路1号,31B0,144010801,太原,阳曲,AC00101,13440.0,山西,4560.0,2020-09-21
山西吉港冠宇水泥有限责任公司,819796864,1194751865,山西省忻州市保德县窑洼乡窑洼村居委会窑洼村道路窑洼村,31B0,144081501,忻州,客服,AC00351,34550.0,山西,458640.0,2020-09-22
太原山水水泥有限责任公司,113995688,1187525440,山西省太原市阳曲县高村乡辛庄村委村大运路1号,31B0,144010801,太原,阳曲,AC00101,13440.0,山西,2520.0,2020-09-22
山西吉港冠宇水泥有限责任公司,819796864,1194751865,山西省忻州市保德县窑洼乡窑洼村居委会窑洼村道路窑洼村,31B0,144081501,忻州,客服,AC00351,34550.0,山西,595560.0,2020-09-23
太原山水水泥有限责任公司,113995688,1187525440,山西省太原市阳曲县高村乡辛庄村委村大运路1号,31B0,144010801,太原,阳曲,AC00101,13440.0,山西,3720.0,2020-09-23
山西吉港冠宇水泥有限责任公司,819796864,1194751865,山西省忻州市保德县窑洼乡窑洼村居委会窑洼村道路窑洼村,31B0,144081501,忻州,客服,AC00351,34550.0,山西,597660.0,2020-09-24
太原山水水泥有限责任公司,113995688,1187525440,山西省太原市阳曲县高村乡辛庄村委村大运路1号,31B0,144010801,太原,阳曲,AC00101,13440.0,山西,2640.0,2020-09-24
山西吉港冠宇水泥有限责任公司,819796864,1194751865,山西省忻州市保德县窑洼乡窑洼村居委会窑洼村道路窑洼村,31B0,144081501,忻州,客服,AC00351,34550.0,山西,541380.0,2020-09-25
太原山水水泥有限责任公司,113995688,1187525440,山西省太原市阳曲县高村乡辛庄村委村大运路1号,31B0,144010801,太原,阳曲,AC00101,13440.0,山西,2640.0,2020-09-25
山西吉港冠宇水泥有限责任公司,819796864,1194751865,山西省忻州市保德县窑洼乡窑洼村居委会窑洼村道路窑洼村,31B0,144081501,忻州,客服,AC00351,34550.0,山西,534240.0,2020-09-26
太原山水水泥有限责任公司,113995688,1187525440,山西省太原市阳曲县高村乡辛庄村委村大运路1号,31B0,144010801,太原,阳曲,AC00101,13440.0,山西,2160.0,2020-09-26
山西吉港冠宇水泥有限责任公司,819796864,1194751865,山西省忻州市保德县窑洼乡窑洼村居委会窑洼村道路窑洼村,31B0,144081501,忻州,客服,AC00351,34550.0,山西,528360.0,2020-09-27
太原山水水泥有限责任公司,113995688,1187525440,山西省太原市阳曲县高村乡辛庄村委村大运路1号,31B0,144010801,太原,阳曲,AC00101,13440.0,山西,2280.0,2020-09-27
山西吉港冠宇水泥有限责任公司,819796864,1194751865,山西省忻州市保德县窑洼乡窑洼村居委会窑洼村道路窑洼村,31B0,144081501,忻州,客服,AC00351,34550.0,山西,510300.0,2020-09-28
太原山水水泥有限责任公司,113995688,1187525440,山西省太原市阳曲县高村乡辛庄村委村大运路1号,31B0,144010801,太原,阳曲,AC00101,13440.0,山西,5520.0,2020-09-28
太原山水水泥有限责任公司,113995688,1187525440,山西省太原市阳曲县高村乡辛庄村委村大运路1号,31B0,144010801,太原,阳曲,AC00101,13440.0,山西,5640.0,2020-09-29
山西吉港冠宇水泥有限责任公司,819796864,1194751865,山西省忻州市保德县窑洼乡窑洼村居委会窑洼村道路窑洼村,31B0,144081501,忻州,客服,AC00351,34550.0,山西,493080.0,2020-09-29
山西吉港冠宇水泥有限责任公司,819796864,1194751865,山西省忻州市保德县窑洼乡窑洼村居委会窑洼村道路窑洼村,31B0,144081501,忻州,客服,AC00351,34550.0,山西,532560.0,2020-09-30
太原山水水泥有限责任公司,113995688,1187525440,山西省太原市阳曲县高村乡辛庄村委村大运路1号,31B0,144010801,太原,阳曲,AC00101,13440.0,山西,23280.0,2020-09-30
太原山水水泥有限责任公司,113995688,1187525440,山西省太原市阳曲县高村乡辛庄村委村大运路1号,31B0,144010801,太原,阳曲,AC00101,13440.0,山西,165840.0,2020-10-01
山西吉港冠宇水泥有限责任公司,819796864,1194751865,山西省忻州市保德县窑洼乡窑洼村居委会窑洼村道路窑洼村,31B0,144081501,忻州,客服,AC00351,34550.0,山西,519540.0,2020-10-01
山西吉港冠宇水泥有限责任公司,819796864,1194751865,山西省忻州市保德县窑洼乡窑洼村居委会窑洼村道路窑洼村,31B0,144081501,忻州,客服,AC00351,34550.0,山西,494340.0,2020-10-02
太原山水水泥有限责任公司,113995688,1187525440,山西省太原市阳曲县高村乡辛庄村委村大运路1号,31B0,144010801,太原,阳曲,AC00101,13440.0,山西,186600.0,2020-10-02
太原山水水泥有限责任公司,113995688,1187525440,山西省太原市阳曲县高村乡辛庄村委村大运路1号,31B0,144010801,太原,阳曲,AC00101,13440.0,山西,192480.0,2020-10-03
山西吉港冠宇水泥有限责任公司,819796864,1194751865,山西省忻州市保德县窑洼乡窑洼村居委会窑洼村道路窑洼村,31B0,144081501,忻州,客服,AC00351,34550.0,山西,620760.0,2020-10-03
山西吉港冠宇水泥有限责任公司,819796864,1194751865,山西省忻州市保德县窑洼乡窑洼村居委会窑洼村道路窑洼村,31B0,144081501,忻州,客服,AC00351,34550.0,山西,636300.0,2020-10-04
太原山水水泥有限责任公司,113995688,1187525440,山西省太原市阳曲县高村乡辛庄村委村大运路1号,31B0,144010801,太原,阳曲,AC00101,13440.0,山西,137280.0,2020-10-04
山西吉港冠宇水泥有限责任公司,819796864,1194751865,山西省忻州市保德县窑洼乡窑洼村居委会窑洼村道路窑洼村,31B0,144081501,忻州,客服,AC00351,34550.0,山西,593880.0,2020-10-05
太原山水水泥有限责任公司,113995688,1187525440,山西省太原市阳曲县高村乡辛庄村委村大运路1号,31B0,144010801,太原,阳曲,AC00101,13440.0,山西,104160.0,2020-10-05
山西吉港冠宇水泥有限责任公司,819796864,1194751865,山西省忻州市保德县窑洼乡窑洼村居委会窑洼村道路窑洼村,31B0,144081501,忻州,客服,AC00351,34550.0,山西,619500.0,2020-10-06
太原山水水泥有限责任公司,113995688,1187525440,山西省太原市阳曲县高村乡辛庄村委村大运路1号,31B0,144010801,太原,阳曲,AC00101,13440.0,山西,102120.0,2020-10-06
太原山水水泥有限责任公司,113995688,1187525440,山西省太原市阳曲县高村乡辛庄村委村大运路1号,31B0,144010801,太原,阳曲,AC00101,13440.0,山西,86040.0,2020-10-07
山西吉港冠宇水泥有限责任公司,819796864,1194751865,山西省忻州市保德县窑洼乡窑洼村居委会窑洼村道路窑洼村,31B0,144081501,忻州,客服,AC00351,34550.0,山西,628320.0,2020-10-07
山西吉港冠宇水泥有限责任公司,819796864,1194751865,山西省忻州市保德县窑洼乡窑洼村居委会窑洼村道路窑洼村,31B0,144081501,忻州,客服,AC00351,34550.0,山西,574140.0,2020-10-08
太原山水水泥有限责任公司,113995688,1187525440,山西省太原市阳曲县高村乡辛庄村委村大运路1号,31B0,144010801,太原,阳曲,AC00101,13440.0,山西,94440.0,2020-10-08
山西吉港冠宇水泥有限责任公司,819796864,1194751865,山西省忻州市保德县窑洼乡窑洼村居委会窑洼村道路窑洼村,31B0,144081501,忻州,客服,AC00351,34550.0,山西,586320.0,2020-10-09
太原山水水泥有限责任公司,113995688,1187525440,山西省太原市阳曲县高村乡辛庄村委村大运路1号,31B0,144010801,太原,阳曲,AC00101,13440.0,山西,105120.0,2020-10-09
山西吉港冠宇水泥有限责任公司,819796864,1194751865,山西省忻州市保德县窑洼乡窑洼村居委会窑洼村道路窑洼村,31B0,144081501,忻州,客服,AC00351,34550.0,山西,598500.0,2020-10-10
太原山水水泥有限责任公司,113995688,1187525440,山西省太原市阳曲县高村乡辛庄村委村大运路1号,31B0,144010801,太原,阳曲,AC00101,13440.0,山西,12720.0,2020-10-10
山西吉港冠宇水泥有限责任公司,819796864,1194751865,山西省忻州市保德县窑洼乡窑洼村居委会窑洼村道路窑洼村,31B0,144081501,忻州,客服,AC00351,34550.0,山西,616980.0,2020-10-11
太原山水水泥有限责任公司,113995688,1187525440,山西省太原市阳曲县高村乡辛庄村委村大运路1号,31B0,144010801,太原,阳曲,AC00101,13440.0,山西,3240.0,2020-10-11
山西吉港冠宇水泥有限责任公司,819796864,1194751865,山西省忻州市保德县窑洼乡窑洼村居委会窑洼村道路窑洼村,31B0,144081501,忻州,客服,AC00351,34550.0,山西,618660.0,2020-10-12
太原山水水泥有限责任公司,113995688,1187525440,山西省太原市阳曲县高村乡辛庄村委村大运路1号,31B0,144010801,太原,阳曲,AC00101,13440.0,山西,2160.0,2020-10-12
山西吉港冠宇水泥有限责任公司,819796864,1194751865,山西省忻州市保德县窑洼乡窑洼村居委会窑洼村道路窑洼村,31B0,144081501,忻州,客服,AC00351,34550.0,山西,616560.0,2020-10-13
太原山水水泥有限责任公司,113995688,1187525440,山西省太原市阳曲县高村乡辛庄村委村大运路1号,31B0,144010801,太原,阳曲,AC00101,13440.0,山西,1560.0,2020-10-13
太原山水水泥有限责任公司,113995688,1187525440,山西省太原市阳曲县高村乡辛庄村委村大运路1号,31B0,144010801,太原,阳曲,AC00101,13440.0,山西,8520.0,2020-10-14
山西吉港冠宇水泥有限责任公司,819796864,1194751865,山西省忻州市保德县窑洼乡窑洼村居委会窑洼村道路窑洼村,31B0,144081501,忻州,客服,AC00351,34550.0,山西,624540.0,2020-10-14
太原山水水泥有限责任公司,113995688,1187525440,山西省太原市阳曲县高村乡辛庄村委村大运路1号,31B0,144010801,太原,阳曲,AC00101,13440.0,山西,2880.0,2020-10-15
山西吉港冠宇水泥有限责任公司,819796864,1194751865,山西省忻州市保德县窑洼乡窑洼村居委会窑洼村道路窑洼村,31B0,144081501,忻州,客服,AC00351,34550.0,山西,579600.0,2020-10-15
太原山水水泥有限责任公司,113995688,1187525440,山西省太原市阳曲县高村乡辛庄村委村大运路1号,31B0,144010801,太原,阳曲,AC00101,13440.0,山西,26160.0,2020-10-16
山西吉港冠宇水泥有限责任公司,819796864,1194751865,山西省忻州市保德县窑洼乡窑洼村居委会窑洼村道路窑洼村,31B0,144081501,忻州,客服,AC00351,34550.0,山西,626640.0,2020-10-16
山西吉港冠宇水泥有限责任公司,819796864,1194751865,山西省忻州市保德县窑洼乡窑洼村居委会窑洼村道路窑洼村,31B0,144081501,忻州,客服,AC00351,34550.0,山西,595140.0,2020-10-17
太原山水水泥有限责任公司,113995688,1187525440,山西省太原市阳曲县高村乡辛庄村委村大运路1号,31B0,144010801,太原,阳曲,AC00101,13440.0,山西,113280.0,2020-10-17
山西吉港冠宇水泥有限责任公司,819796864,1194751865,山西省忻州市保德县窑洼乡窑洼村居委会窑洼村道路窑洼村,31B0,144081501,忻州,客服,AC00351,34550.0,山西,587160.0,2020-10-18
太原山水水泥有限责任公司,113995688,1187525440,山西省太原市阳曲县高村乡辛庄村委村大运路1号,31B0,144010801,太原,阳曲,AC00101,13440.0,山西,87600.0,2020-10-18
山西吉港冠宇水泥有限责任公司,819796864,1194751865,山西省忻州市保德县窑洼乡窑洼村居委会窑洼村道路窑洼村,31B0,144081501,忻州,客服,AC00351,34550.0,山西,565740.0,2020-10-19
太原山水水泥有限责任公司,113995688,1187525440,山西省太原市阳曲县高村乡辛庄村委村大运路1号,31B0,144010801,太原,阳曲,AC00101,13440.0,山西,99240.0,2020-10-19
山西吉港冠宇水泥有限责任公司,819796864,1194751865,山西省忻州市保德县窑洼乡窑洼村居委会窑洼村道路窑洼村,31B0,144081501,忻州,客服,AC00351,34550.0,山西,643020.0,2020-10-20
太原山水水泥有限责任公司,113995688,1187525440,山西省太原市阳曲县高村乡辛庄村委村大运路1号,31B0,144010801,太原,阳曲,AC00101,13440.0,山西,81600.0,2020-10-20
太原山水水泥有限责任公司,113995688,1187525440,山西省太原市阳曲县高村乡辛庄村委村大运路1号,31B0,144010801,太原,阳曲,AC00101,13440.0,山西,82200.0,2020-10-21
山西吉港冠宇水泥有限责任公司,819796864,1194751865,山西省忻州市保德县窑洼乡窑洼村居委会窑洼村道路窑洼村,31B0,144081501,忻州,客服,AC00351,34550.0,山西,634200.0,2020-10-21
太原山水水泥有限责任公司,113995688,1187525440,山西省太原市阳曲县高村乡辛庄村委村大运路1号,31B0,144010801,太原,阳曲,AC00101,13440.0,山西,85800.0,2020-10-22
山西吉港冠宇水泥有限责任公司,819796864,1194751865,山西省忻州市保德县窑洼乡窑洼村居委会窑洼村道路窑洼村,31B0,144081501,忻州,客服,AC00351,34550.0,山西,627060.0,2020-10-22
山西吉港冠宇水泥有限责任公司,819796864,1194751865,山西省忻州市保德县窑洼乡窑洼村居委会窑洼村道路窑洼村,31B0,144081501,忻州,客服,AC00351,34550.0,山西,630840.0,2020-10-23
太原山水水泥有限责任公司,113995688,1187525440,山西省太原市阳曲县高村乡辛庄村委村大运路1号,31B0,144010801,太原,阳曲,AC00101,13440.0,山西,94440.0,2020-10-23
山西吉港冠宇水泥有限责任公司,819796864,1194751865,山西省忻州市保德县窑洼乡窑洼村居委会窑洼村道路窑洼村,31B0,144081501,忻州,客服,AC00351,34550.0,山西,624120.0,2020-10-24
太原山水水泥有限责任公司,113995688,1187525440,山西省太原市阳曲县高村乡辛庄村委村大运路1号,31B0,144010801,太原,阳曲,AC00101,13440.0,山西,9840.0,2020-10-24
太原山水水泥有限责任公司,113995688,1187525440,山西省太原市阳曲县高村乡辛庄村委村大运路1号,31B0,144010801,太原,阳曲,AC00101,13440.0,山西,4560.0,2020-10-25
山西吉港冠宇水泥有限责任公司,819796864,1194751865,山西省忻州市保德县窑洼乡窑洼村居委会窑洼村道路窑洼村,31B0,144081501,忻州,客服,AC00351,34550.0,山西,623280.0,2020-10-25
山西吉港冠宇水泥有限责任公司,819796864,1194751865,山西省忻州市保德县窑洼乡窑洼村居委会窑洼村道路窑洼村,31B0,144081501,忻州,客服,AC00351,34550.0,山西,603960.0,2020-10-26
太原山水水泥有限责任公司,113995688,1187525440,山西省太原市阳曲县高村乡辛庄村委村大运路1号,31B0,144010801,太原,阳曲,AC00101,13440.0,山西,8040.0,2020-10-26
山西吉港冠宇水泥有限责任公司,819796864,1194751865,山西省忻州市保德县窑洼乡窑洼村居委会窑洼村道路窑洼村,31B0,144081501,忻州,客服,AC00351,34550.0,山西,581700.0,2020-10-27
太原山水水泥有限责任公司,113995688,1187525440,山西省太原市阳曲县高村乡辛庄村委村大运路1号,31B0,144010801,太原,阳曲,AC00101,13440.0,山西,5400.0,2020-10-27
山西吉港冠宇水泥有限责任公司,819796864,1194751865,山西省忻州市保德县窑洼乡窑洼村居委会窑洼村道路窑洼村,31B0,144081501,忻州,客服,AC00351,34550.0,山西,634200.0,2020-10-28
太原山水水泥有限责任公司,113995688,1187525440,山西省太原市阳曲县高村乡辛庄村委村大运路1号,31B0,144010801,太原,阳曲,AC00101,13440.0,山西,7320.0,2020-10-28
山西吉港冠宇水泥有限责任公司,819796864,1194751865,山西省忻州市保德县窑洼乡窑洼村居委会窑洼村道路窑洼村,31B0,144081501,忻州,客服,AC00351,34550.0,山西,612360.0,2020-10-29
太原山水水泥有限责任公司,113995688,1187525440,山西省太原市阳曲县高村乡辛庄村委村大运路1号,31B0,144010801,太原,阳曲,AC00101,13440.0,山西,6720.0,2020-10-29
太原山水水泥有限责任公司,113995688,1187525440,山西省太原市阳曲县高村乡辛庄村委村大运路1号,31B0,144010801,太原,阳曲,AC00101,13440.0,山西,3960.0,2020-10-30
山西吉港冠宇水泥有限责任公司,819796864,1194751865,山西省忻州市保德县窑洼乡窑洼村居委会窑洼村道路窑洼村,31B0,144081501,忻州,客服,AC00351,34550.0,山西,624120.0,2020-10-30
山西吉港冠宇水泥有限责任公司,819796864,1194751865,山西省忻州市保德县窑洼乡窑洼村居委会窑洼村道路窑洼村,31B0,144081501,忻州,客服,AC00351,34550.0,山西,569940.0,2020-10-31
太原山水水泥有限责任公司,113995688,1187525440,山西省太原市阳曲县高村乡辛庄村委村大运路1号,31B0,144010801,太原,阳曲,AC00101,13440.0,山西,36600.0,2020-10-31
山西吉港冠宇水泥有限责任公司,819796864,1194751865,山西省忻州市保德县窑洼乡窑洼村居委会窑洼村道路窑洼村,31B0,144081501,忻州,客服,AC00351,34550.0,山西,596820.0,2020-11-01
太原山水水泥有限责任公司,113995688,1187525440,山西省太原市阳曲县高村乡辛庄村委村大运路1号,31B0,144010801,太原,阳曲,AC00101,13440.0,山西,185880.0,2020-11-01
太原山水水泥有限责任公司,113995688,1187525440,山西省太原市阳曲县高村乡辛庄村委村大运路1号,31B0,144010801,太原,阳曲,AC00101,13440.0,山西,137040.0,2020-11-02
山西吉港冠宇水泥有限责任公司,819796864,1194751865,山西省忻州市保德县窑洼乡窑洼村居委会窑洼村道路窑洼村,31B0,144081501,忻州,客服,AC00351,34550.0,山西,632100.0,2020-11-02
太原山水水泥有限责任公司,113995688,1187525440,山西省太原市阳曲县高村乡辛庄村委村大运路1号,31B0,144010801,太原,阳曲,AC00101,13440.0,山西,99240.0,2020-11-03
山西吉港冠宇水泥有限责任公司,819796864,1194751865,山西省忻州市保德县窑洼乡窑洼村居委会窑洼村道路窑洼村,31B0,144081501,忻州,客服,AC00351,34550.0,山西,640920.0,2020-11-03
太原山水水泥有限责任公司,113995688,1187525440,山西省太原市阳曲县高村乡辛庄村委村大运路1号,31B0,144010801,太原,阳曲,AC00101,13440.0,山西,90960.0,2020-11-04
山西吉港冠宇水泥有限责任公司,819796864,1194751865,山西省忻州市保德县窑洼乡窑洼村居委会窑洼村道路窑洼村,31B0,144081501,忻州,客服,AC00351,34550.0,山西,565740.0,2020-11-04
山西吉港冠宇水泥有限责任公司,819796864,1194751865,山西省忻州市保德县窑洼乡窑洼村居委会窑洼村道路窑洼村,31B0,144081501,忻州,客服,AC00351,34550.0,山西,626220.0,2020-11-05
太原山水水泥有限责任公司,113995688,1187525440,山西省太原市阳曲县高村乡辛庄村委村大运路1号,31B0,144010801,太原,阳曲,AC00101,13440.0,山西,84840.0,2020-11-05
山西吉港冠宇水泥有限责任公司,819796864,1194751865,山西省忻州市保德县窑洼乡窑洼村居委会窑洼村道路窑洼村,31B0,144081501,忻州,客服,AC00351,34550.0,山西,559440.0,2020-11-06
太原山水水泥有限责任公司,113995688,1187525440,山西省太原市阳曲县高村乡辛庄村委村大运路1号,31B0,144010801,太原,阳曲,AC00101,13440.0,山西,88560.0,2020-11-06
山西吉港冠宇水泥有限责任公司,819796864,1194751865,山西省忻州市保德县窑洼乡窑洼村居委会窑洼村道路窑洼村,31B0,144081501,忻州,客服,AC00351,34550.0,山西,538020.0,2020-11-07
太原山水水泥有限责任公司,113995688,1187525440,山西省太原市阳曲县高村乡辛庄村委村大运路1号,31B0,144010801,太原,阳曲,AC00101,13440.0,山西,101280.0,2020-11-07
山西吉港冠宇水泥有限责任公司,819796864,1194751865,山西省忻州市保德县窑洼乡窑洼村居委会窑洼村道路窑洼村,31B0,144081501,忻州,客服,AC00351,34550.0,山西,576660.0,2020-11-08
太原山水水泥有限责任公司,113995688,1187525440,山西省太原市阳曲县高村乡辛庄村委村大运路1号,31B0,144010801,太原,阳曲,AC00101,13440.0,山西,100920.0,2020-11-08
山西吉港冠宇水泥有限责任公司,819796864,1194751865,山西省忻州市保德县窑洼乡窑洼村居委会窑洼村道路窑洼村,31B0,144081501,忻州,客服,AC00351,34550.0,山西,596400.0,2020-11-09
太原山水水泥有限责任公司,113995688,1187525440,山西省太原市阳曲县高村乡辛庄村委村大运路1号,31B0,144010801,太原,阳曲,AC00101,13440.0,山西,90840.0,2020-11-09
山西吉港冠宇水泥有限责任公司,819796864,1194751865,山西省忻州市保德县窑洼乡窑洼村居委会窑洼村道路窑洼村,31B0,144081501,忻州,客服,AC00351,34550.0,山西,619500.0,2020-11-10
太原山水水泥有限责任公司,113995688,1187525440,山西省太原市阳曲县高村乡辛庄村委村大运路1号,31B0,144010801,太原,阳曲,AC00101,13440.0,山西,101520.0,2020-11-10
山西吉港冠宇水泥有限责任公司,819796864,1194751865,山西省忻州市保德县窑洼乡窑洼村居委会窑洼村道路窑洼村,31B0,144081501,忻州,客服,AC00351,34550.0,山西,596820.0,2020-11-11
太原山水水泥有限责任公司,113995688,1187525440,山西省太原市阳曲县高村乡辛庄村委村大运路1号,31B0,144010801,太原,阳曲,AC00101,13440.0,山西,91320.0,2020-11-11
山西吉港冠宇水泥有限责任公司,819796864,1194751865,山西省忻州市保德县窑洼乡窑洼村居委会窑洼村道路窑洼村,31B0,144081501,忻州,客服,AC00351,34550.0,山西,611100.0,2020-11-12
太原山水水泥有限责任公司,113995688,1187525440,山西省太原市阳曲县高村乡辛庄村委村大运路1号,31B0,144010801,太原,阳曲,AC00101,13440.0,山西,11520.0,2020-11-12
山西吉港冠宇水泥有限责任公司,819796864,1194751865,山西省忻州市保德县窑洼乡窑洼村居委会窑洼村道路窑洼村,31B0,144081501,忻州,客服,AC00351,34550.0,山西,617400.0,2020-11-13
太原山水水泥有限责任公司,113995688,1187525440,山西省太原市阳曲县高村乡辛庄村委村大运路1号,31B0,144010801,太原,阳曲,AC00101,13440.0,山西,7560.0,2020-11-13
山西吉港冠宇水泥有限责任公司,819796864,1194751865,山西省忻州市保德县窑洼乡窑洼村居委会窑洼村道路窑洼村,31B0,144081501,忻州,客服,AC00351,34550.0,山西,525840.0,2020-11-14
太原山水水泥有限责任公司,113995688,1187525440,山西省太原市阳曲县高村乡辛庄村委村大运路1号,31B0,144010801,太原,阳曲,AC00101,13440.0,山西,7320.0,2020-11-14
太原山水水泥有限责任公司,113995688,1187525440,山西省太原市阳曲县高村乡辛庄村委村大运路1号,31B0,144010801,太原,阳曲,AC00101,13440.0,山西,3240.0,2020-11-15
山西吉港冠宇水泥有限责任公司,819796864,1194751865,山西省忻州市保德县窑洼乡窑洼村居委会窑洼村道路窑洼村,31B0,144081501,忻州,客服,AC00351,34550.0,山西,438900.0,2020-11-15
太原山水水泥有限责任公司,113995688,1187525440,山西省太原市阳曲县高村乡辛庄村委村大运路1号,31B0,144010801,太原,阳曲,AC00101,13440.0,山西,3480.0,2020-11-16
山西吉港冠宇水泥有限责任公司,819796864,1194751865,山西省忻州市保德县窑洼乡窑洼村居委会窑洼村道路窑洼村,31B0,144081501,忻州,客服,AC00351,34550.0,山西,459060.0,2020-11-16
太原山水水泥有限责任公司,113995688,1187525440,山西省太原市阳曲县高村乡辛庄村委村大运路1号,31B0,144010801,太原,阳曲,AC00101,13440.0,山西,9600.0,2020-11-17
山西吉港冠宇水泥有限责任公司,819796864,1194751865,山西省忻州市保德县窑洼乡窑洼村居委会窑洼村道路窑洼村,31B0,144081501,忻州,客服,AC00351,34550.0,山西,473760.0,2020-11-17
山西吉港冠宇水泥有限责任公司,819796864,1194751865,山西省忻州市保德县窑洼乡窑洼村居委会窑洼村道路窑洼村,31B0,144081501,忻州,客服,AC00351,34550.0,山西,459900.0,2020-11-18
太原山水水泥有限责任公司,113995688,1187525440,山西省太原市阳曲县高村乡辛庄村委村大运路1号,31B0,144010801,太原,阳曲,AC00101,13440.0,山西,118200.0,2020-11-18
太原山水水泥有限责任公司,113995688,1187525440,山西省太原市阳曲县高村乡辛庄村委村大运路1号,31B0,144010801,太原,阳曲,AC00101,13440.0,山西,93480.0,2020-11-19
山西吉港冠宇水泥有限责任公司,819796864,1194751865,山西省忻州市保德县窑洼乡窑洼村居委会窑洼村道路窑洼村,31B0,144081501,忻州,客服,AC00351,34550.0,山西,433860.0,2020-11-19
太原山水水泥有限责任公司,113995688,1187525440,山西省太原市阳曲县高村乡辛庄村委村大运路1号,31B0,144010801,太原,阳曲,AC00101,13440.0,山西,91680.0,2020-11-20
太原山水水泥有限责任公司,113995688,1187525440,山西省太原市阳曲县高村乡辛庄村委村大运路1号,31B0,144010801,太原,阳曲,AC00101,13440.0,山西,90000.0,2020-11-21
山西吉港冠宇水泥有限责任公司,819796864,1194751865,山西省忻州市保德县窑洼乡窑洼村居委会窑洼村道路窑洼村,31B0,144081501,忻州,客服,AC00351,34550.0,山西,448140.0,2020-11-20
山西吉港冠宇水泥有限责任公司,819796864,1194751865,山西省忻州市保德县窑洼乡窑洼村居委会窑洼村道路窑洼村,31B0,144081501,忻州,客服,AC00351,34550.0,山西,434280.0,2020-11-21
山西吉港冠宇水泥有限责任公司,819796864,1194751865,山西省忻州市保德县窑洼乡窑洼村居委会窑洼村道路窑洼村,31B0,144081501,忻州,客服,AC00351,34550.0,山西,322560.0,2020-11-22
太原山水水泥有限责任公司,113995688,1187525440,山西省太原市阳曲县高村乡辛庄村委村大运路1号,31B0,144010801,太原,阳曲,AC00101,13440.0,山西,101760.0,2020-11-22
山西吉港冠宇水泥有限责任公司,819796864,1194751865,山西省忻州市保德县窑洼乡窑洼村居委会窑洼村道路窑洼村,31B0,144081501,忻州,客服,AC00351,34550.0,山西,484260.0,2020-11-23
太原山水水泥有限责任公司,113995688,1187525440,山西省太原市阳曲县高村乡辛庄村委村大运路1号,31B0,144010801,太原,阳曲,AC00101,13440.0,山西,106200.0,2020-11-23
太原山水水泥有限责任公司,113995688,1187525440,山西省太原市阳曲县高村乡辛庄村委村大运路1号,31B0,144010801,太原,阳曲,AC00101,13440.0,山西,91320.0,2020-11-24
山西吉港冠宇水泥有限责任公司,819796864,1194751865,山西省忻州市保德县窑洼乡窑洼村居委会窑洼村道路窑洼村,31B0,144081501,忻州,客服,AC00351,34550.0,山西,338100.0,2020-11-24
山西吉港冠宇水泥有限责任公司,819796864,1194751865,山西省忻州市保德县窑洼乡窑洼村居委会窑洼村道路窑洼村,31B0,144081501,忻州,客服,AC00351,34550.0,山西,312900.0,2020-11-25
太原山水水泥有限责任公司,113995688,1187525440,山西省太原市阳曲县高村乡辛庄村委村大运路1号,31B0,144010801,太原,阳曲,AC00101,13440.0,山西,18120.0,2020-11-25
山西吉港冠宇水泥有限责任公司,819796864,1194751865,山西省忻州市保德县窑洼乡窑洼村居委会窑洼村道路窑洼村,31B0,144081501,忻州,客服,AC00351,34550.0,山西,413700.0,2020-11-26
太原山水水泥有限责任公司,113995688,1187525440,山西省太原市阳曲县高村乡辛庄村委村大运路1号,31B0,144010801,太原,阳曲,AC00101,13440.0,山西,12120.0,2020-11-26
山西吉港冠宇水泥有限责任公司,819796864,1194751865,山西省忻州市保德县窑洼乡窑洼村居委会窑洼村道路窑洼村,31B0,144081501,忻州,客服,AC00351,34550.0,山西,454360.0,2020-11-27
太原山水水泥有限责任公司,113995688,1187525440,山西省太原市阳曲县高村乡辛庄村委村大运路1号,31B0,144010801,太原,阳曲,AC00101,13440.0,山西,14640.0,2020-11-27
山西吉港冠宇水泥有限责任公司,819796864,1194751865,山西省忻州市保德县窑洼乡窑洼村居委会窑洼村道路窑洼村,31B0,144081501,忻州,客服,AC00351,34550.0,山西,420360.0,2020-11-28
太原山水水泥有限责任公司,113995688,1187525440,山西省太原市阳曲县高村乡辛庄村委村大运路1号,31B0,144010801,太原,阳曲,AC00101,13440.0,山西,17760.0,2020-11-28
太原山水水泥有限责任公司,113995688,1187525440,山西省太原市阳曲县高村乡辛庄村委村大运路1号,31B0,144010801,太原,阳曲,AC00101,13440.0,山西,15480.0,2020-11-29
山西吉港冠宇水泥有限责任公司,819796864,1194751865,山西省忻州市保德县窑洼乡窑洼村居委会窑洼村道路窑洼村,31B0,144081501,忻州,客服,AC00351,34550.0,山西,422460.0,2020-11-29
太原山水水泥有限责任公司,113995688,1187525440,山西省太原市阳曲县高村乡辛庄村委村大运路1号,31B0,144010801,太原,阳曲,AC00101,13440.0,山西,12600.0,2020-11-30
山西吉港冠宇水泥有限责任公司,819796864,1194751865,山西省忻州市保德县窑洼乡窑洼村居委会窑洼村道路窑洼村,31B0,144081501,忻州,客服,AC00351,34550.0,山西,420240.0,2020-11-30
山西吉港冠宇水泥有限责任公司,819796864,1194751865,山西省忻州市保德县窑洼乡窑洼村居委会窑洼村道路窑洼村,31B0,144081501,忻州,客服,AC00351,34550.0,山西,420240.0,2020-12-01
太原山水水泥有限责任公司,113995688,1187525440,山西省太原市阳曲县高村乡辛庄村委村大运路1号,31B0,144010801,太原,阳曲,AC00101,13440.0,山西,12840.0,2020-12-01
太原山水水泥有限责任公司,113995688,1187525440,山西省太原市阳曲县高村乡辛庄村委村大运路1号,31B0,144010801,太原,阳曲,AC00101,13440.0,山西,13800.0,2020-12-02
山西吉港冠宇水泥有限责任公司,819796864,1194751865,山西省忻州市保德县窑洼乡窑洼村居委会窑洼村道路窑洼村,31B0,144081501,忻州,客服,AC00351,34550.0,山西,332928.67,2020-12-02
太原山水水泥有限责任公司,113995688,1187525440,山西省太原市阳曲县高村乡辛庄村委村大运路1号,31B0,144010801,太原,阳曲,AC00101,13440.0,山西,126960.0,2020-12-03
山西吉港冠宇水泥有限责任公司,819796864,1194751865,山西省忻州市保德县窑洼乡窑洼村居委会窑洼村道路窑洼村,31B0,144081501,忻州,客服,AC00351,34550.0,山西,420639.58,2020-12-03
山西吉港冠宇水泥有限责任公司,819796864,1194751865,山西省忻州市保德县窑洼乡窑洼村居委会窑洼村道路窑洼村,31B0,144081501,忻州,客服,AC00351,34550.0,山西,420716.72,2020-12-04
太原山水水泥有限责任公司,113995688,1187525440,山西省太原市阳曲县高村乡辛庄村委村大运路1号,31B0,144010801,太原,阳曲,AC00101,13440.0,山西,143640.0,2020-12-04
太原山水水泥有限责任公司,113995688,1187525440,山西省太原市阳曲县高村乡辛庄村委村大运路1号,31B0,144010801,太原,阳曲,AC00101,13440.0,山西,103920.0,2020-12-05
山西吉港冠宇水泥有限责任公司,819796864,1194751865,山西省忻州市保德县窑洼乡窑洼村居委会窑洼村道路窑洼村,31B0,144081501,忻州,客服,AC00351,34550.0,山西,418401.75,2020-12-05
太原山水水泥有限责任公司,113995688,1187525440,山西省太原市阳曲县高村乡辛庄村委村大运路1号,31B0,144010801,太原,阳曲,AC00101,13440.0,山西,105720.0,2020-12-06
山西吉港冠宇水泥有限责任公司,819796864,1194751865,山西省忻州市保德县窑洼乡窑洼村居委会窑洼村道路窑洼村,31B0,144081501,忻州,客服,AC00351,34550.0,山西,417535.55,2020-12-06
山西吉港冠宇水泥有限责任公司,819796864,1194751865,山西省忻州市保德县窑洼乡窑洼村居委会窑洼村道路窑洼村,31B0,144081501,忻州,客服,AC00351,34550.0,山西,416948.27,2020-12-07
太原山水水泥有限责任公司,113995688,1187525440,山西省太原市阳曲县高村乡辛庄村委村大运路1号,31B0,144010801,太原,阳曲,AC00101,13440.0,山西,105840.0,2020-12-07
太原山水水泥有限责任公司,113995688,1187525440,山西省太原市阳曲县高村乡辛庄村委村大运路1号,31B0,144010801,太原,阳曲,AC00101,13440.0,山西,110760.0,2020-12-08
山西吉港冠宇水泥有限责任公司,819796864,1194751865,山西省忻州市保德县窑洼乡窑洼村居委会窑洼村道路窑洼村,31B0,144081501,忻州,客服,AC00351,34550.0,山西,535985.09,2020-12-08
河曲县中天隆水泥有限责任公司,819904634,1262547500,山西省忻州市河曲县沙泉乡双神堂村红石线147号,31B0,144081501,忻州,客服,AC00351,13350.0,山西,6300.0,2020-07-08
阳泉冀东水泥有限责任公司,207904271,1200902706,山西省阳泉市郊区杨家庄乡黑土岩村杨家庄路杨家庄乡黑土岩村,31B0,144020501,阳泉,客服,AC01101,59000.0,山西,551456.0,2020-07-03
河曲县中天隆水泥有限责任公司,819904634,1262547500,山西省忻州市河曲县沙泉乡双神堂村红石线147号,31B0,144081501,忻州,客服,AC00351,13350.0,山西,38220.0,2020-07-03
阳泉冀东水泥有限责任公司,207904271,1200902706,山西省阳泉市郊区杨家庄乡黑土岩村杨家庄路杨家庄乡黑土岩村,31B0,144020501,阳泉,客服,AC01101,59000.0,山西,562536.0,2020-07-04
河曲县中天隆水泥有限责任公司,819904634,1262547500,山西省忻州市河曲县沙泉乡双神堂村红石线147号,31B0,144081501,忻州,客服,AC00351,13350.0,山西,19740.0,2020-07-04
河曲县中天隆水泥有限责任公司,819904634,1262547500,山西省忻州市河曲县沙泉乡双神堂村红石线147号,31B0,144081501,忻州,客服,AC00351,13350.0,山西,157500.0,2020-07-16
河曲县中天隆水泥有限责任公司,819904634,1262547500,山西省忻州市河曲县沙泉乡双神堂村红石线147号,31B0,144081501,忻州,客服,AC00351,13350.0,山西,161700.0,2020-07-21
河曲县中天隆水泥有限责任公司,819904634,1262547500,山西省忻州市河曲县沙泉乡双神堂村红石线147号,31B0,144081501,忻州,客服,AC00351,13350.0,山西,160020.0,2020-08-03
河曲县中天隆水泥有限责任公司,819904634,1262547500,山西省忻州市河曲县沙泉乡双神堂村红石线147号,31B0,144081501,忻州,客服,AC00351,13350.0,山西,164220.0,2020-10-09
河曲县中天隆水泥有限责任公司,819904634,1262547500,山西省忻州市河曲县沙泉乡双神堂村红石线147号,31B0,144081501,忻州,客服,AC00351,13350.0,山西,174720.0,2020-10-13
阳泉冀东水泥有限责任公司,207904271,1200902706,山西省阳泉市郊区杨家庄乡黑土岩村杨家庄路杨家庄乡黑土岩村,31B0,144020501,阳泉,客服,AC01101,59000.0,山西,605994.0,2020-10-14
河曲县中天隆水泥有限责任公司,819904634,1262547500,山西省忻州市河曲县沙泉乡双神堂村红石线147号,31B0,144081501,忻州,客服,AC00351,13350.0,山西,167160.0,2020-10-14
河曲县中天隆水泥有限责任公司,819904634,1262547500,山西省忻州市河曲县沙泉乡双神堂村红石线147号,31B0,144081501,忻州,客服,AC00351,13350.0,山西,170100.0,2020-10-15
河曲县中天隆水泥有限责任公司,819904634,1262547500,山西省忻州市河曲县沙泉乡双神堂村红石线147号,31B0,144081501,忻州,客服,AC00351,13350.0,山西,171780.0,2020-10-21
河曲县中天隆水泥有限责任公司,819904634,1262547500,山西省忻州市河曲县沙泉乡双神堂村红石线147号,31B0,144081501,忻州,客服,AC00351,13350.0,山西,127680.0,2020-10-27
阳泉冀东水泥有限责任公司,207904271,1200902706,山西省阳泉市郊区杨家庄乡黑土岩村杨家庄路杨家庄乡黑土岩村,31B0,144020501,阳泉,客服,AC01101,59000.0,山西,622960.0,2020-11-08
河曲县中天隆水泥有限责任公司,819904634,1262547500,山西省忻州市河曲县沙泉乡双神堂村红石线147号,31B0,144081501,忻州,客服,AC00351,13350.0,山西,155400.0,2020-11-10
阳泉冀东水泥有限责任公司,207904271,1200902706,山西省阳泉市郊区杨家庄乡黑土岩村杨家庄路杨家庄乡黑土岩村,31B0,144020501,阳泉,客服,AC01101,59000.0,山西,634370.0,2020-11-11
河曲县中天隆水泥有限责任公司,819904634,1262547500,山西省忻州市河曲县沙泉乡双神堂村红石线147号,31B0,144081501,忻州,客服,AC00351,13350.0,山西,202860.0,2020-11-13
阳泉冀东水泥有限责任公司,207904271,1200902706,山西省阳泉市郊区杨家庄乡黑土岩村杨家庄路杨家庄乡黑土岩村,31B0,144020501,阳泉,客服,AC01101,59000.0,山西,426908.0,2020-11-13
河曲县中天隆水泥有限责任公司,819904634,1262547500,山西省忻州市河曲县沙泉乡双神堂村红石线147号,31B0,144081501,忻州,客服,AC00351,13350.0,山西,200760.0,2020-11-14
阳泉冀东水泥有限责任公司,207904271,1200902706,山西省阳泉市郊区杨家庄乡黑土岩村杨家庄路杨家庄乡黑土岩村,31B0,144020501,阳泉,客服,AC01101,59000.0,山西,551770.0,2020-11-18
河曲县中天隆水泥有限责任公司,819904634,1262547500,山西省忻州市河曲县沙泉乡双神堂村红石线147号,31B0,144081501,忻州,客服,AC00351,13350.0,山西,5880.0,2020-07-07
阳泉冀东水泥有限责任公司,207904271,1200902706,山西省阳泉市郊区杨家庄乡黑土岩村杨家庄路杨家庄乡黑土岩村,31B0,144020501,阳泉,客服,AC01101,59000.0,山西,526954.0,2020-07-01
河曲县中天隆水泥有限责任公司,819904634,1262547500,山西省忻州市河曲县沙泉乡双神堂村红石线147号,31B0,144081501,忻州,客服,AC00351,13350.0,山西,37800.0,2020-07-01
河曲县中天隆水泥有限责任公司,819904634,1262547500,山西省忻州市河曲县沙泉乡双神堂村红石线147号,31B0,144081501,忻州,客服,AC00351,13350.0,山西,38220.0,2020-07-02
河曲县中天隆水泥有限责任公司,819904634,1262547500,山西省忻州市河曲县沙泉乡双神堂村红石线147号,31B0,144081501,忻州,客服,AC00351,13350.0,山西,6300.0,2020-07-05
河曲县中天隆水泥有限责任公司,819904634,1262547500,山西省忻州市河曲县沙泉乡双神堂村红石线147号,31B0,144081501,忻州,客服,AC00351,13350.0,山西,5460.0,2020-07-06
阳泉冀东水泥有限责任公司,207904271,1200902706,山西省阳泉市郊区杨家庄乡黑土岩村杨家庄路杨家庄乡黑土岩村,31B0,144020501,阳泉,客服,AC01101,59000.0,山西,575108.0,2020-07-07
河曲县中天隆水泥有限责任公司,819904634,1262547500,山西省忻州市河曲县沙泉乡双神堂村红石线147号,31B0,144081501,忻州,客服,AC00351,13350.0,山西,7140.0,2020-07-09
阳泉冀东水泥有限责任公司,207904271,1200902706,山西省阳泉市郊区杨家庄乡黑土岩村杨家庄路杨家庄乡黑土岩村,31B0,144020501,阳泉,客服,AC01101,59000.0,山西,543278.0,2020-07-09
河曲县中天隆水泥有限责任公司,819904634,1262547500,山西省忻州市河曲县沙泉乡双神堂村红石线147号,31B0,144081501,忻州,客服,AC00351,13350.0,山西,7140.0,2020-07-10
河曲县中天隆水泥有限责任公司,819904634,1262547500,山西省忻州市河曲县沙泉乡双神堂村红石线147号,31B0,144081501,忻州,客服,AC00351,13350.0,山西,31080.0,2020-07-11
阳泉冀东水泥有限责任公司,207904271,1200902706,山西省阳泉市郊区杨家庄乡黑土岩村杨家庄路杨家庄乡黑土岩村,31B0,144020501,阳泉,客服,AC01101,59000.0,山西,595114.0,2020-07-11
河曲县中天隆水泥有限责任公司,819904634,1262547500,山西省忻州市河曲县沙泉乡双神堂村红石线147号,31B0,144081501,忻州,客服,AC00351,13350.0,山西,46200.0,2020-07-12
阳泉冀东水泥有限责任公司,207904271,1200902706,山西省阳泉市郊区杨家庄乡黑土岩村杨家庄路杨家庄乡黑土岩村,31B0,144020501,阳泉,客服,AC01101,59000.0,山西,594354.0,2020-07-12
河曲县中天隆水泥有限责任公司,819904634,1262547500,山西省忻州市河曲县沙泉乡双神堂村红石线147号,31B0,144081501,忻州,客服,AC00351,13350.0,山西,112937.37,2020-07-15
河曲县中天隆水泥有限责任公司,819904634,1262547500,山西省忻州市河曲县沙泉乡双神堂村红石线147号,31B0,144081501,忻州,客服,AC00351,13350.0,山西,47460.0,2020-07-13
阳泉冀东水泥有限责任公司,207904271,1200902706,山西省阳泉市郊区杨家庄乡黑土岩村杨家庄路杨家庄乡黑土岩村,31B0,144020501,阳泉,客服,AC01101,59000.0,山西,554686.0,2020-07-13
河曲县中天隆水泥有限责任公司,819904634,1262547500,山西省忻州市河曲县沙泉乡双神堂村红石线147号,31B0,144081501,忻州,客服,AC00351,13350.0,山西,176670.26,2020-07-14
河曲县中天隆水泥有限责任公司,819904634,1262547500,山西省忻州市河曲县沙泉乡双神堂村红石线147号,31B0,144081501,忻州,客服,AC00351,13350.0,山西,158340.0,2020-07-17
阳泉冀东水泥有限责任公司,207904271,1200902706,山西省阳泉市郊区杨家庄乡黑土岩村杨家庄路杨家庄乡黑土岩村,31B0,144020501,阳泉,客服,AC01101,59000.0,山西,544172.0,2020-07-17
河曲县中天隆水泥有限责任公司,819904634,1262547500,山西省忻州市河曲县沙泉乡双神堂村红石线147号,31B0,144081501,忻州,客服,AC00351,13350.0,山西,114240.0,2020-11-19
阳泉冀东水泥有限责任公司,207904271,1200902706,山西省阳泉市郊区杨家庄乡黑土岩村杨家庄路杨家庄乡黑土岩村,31B0,144020501,阳泉,客服,AC01101,59000.0,山西,615210.0,2020-07-18
河曲县中天隆水泥有限责任公司,819904634,1262547500,山西省忻州市河曲县沙泉乡双神堂村红石线147号,31B0,144081501,忻州,客服,AC00351,13350.0,山西,160020.0,2020-07-18
河曲县中天隆水泥有限责任公司,819904634,1262547500,山西省忻州市河曲县沙泉乡双神堂村红石线147号,31B0,144081501,忻州,客服,AC00351,13350.0,山西,135660.0,2020-07-19
阳泉冀东水泥有限责任公司,207904271,1200902706,山西省阳泉市郊区杨家庄乡黑土岩村杨家庄路杨家庄乡黑土岩村,31B0,144020501,阳泉,客服,AC01101,59000.0,山西,544370.0,2020-07-19
河曲县中天隆水泥有限责任公司,819904634,1262547500,山西省忻州市河曲县沙泉乡双神堂村红石线147号,31B0,144081501,忻州,客服,AC00351,13350.0,山西,160860.0,2020-07-20
阳泉冀东水泥有限责任公司,207904271,1200902706,山西省阳泉市郊区杨家庄乡黑土岩村杨家庄路杨家庄乡黑土岩村,31B0,144020501,阳泉,客服,AC01101,59000.0,山西,351762.0,2020-07-20
阳泉冀东水泥有限责任公司,207904271,1200902706,山西省阳泉市郊区杨家庄乡黑土岩村杨家庄路杨家庄乡黑土岩村,31B0,144020501,阳泉,客服,AC01101,59000.0,山西,628078.0,2020-07-21
阳泉冀东水泥有限责任公司,207904271,1200902706,山西省阳泉市郊区杨家庄乡黑土岩村杨家庄路杨家庄乡黑土岩村,31B0,144020501,阳泉,客服,AC01101,59000.0,山西,601566.0,2020-07-22
河曲县中天隆水泥有限责任公司,819904634,1262547500,山西省忻州市河曲县沙泉乡双神堂村红石线147号,31B0,144081501,忻州,客服,AC00351,13350.0,山西,139860.0,2020-07-22
河曲县中天隆水泥有限责任公司,819904634,1262547500,山西省忻州市河曲县沙泉乡双神堂村红石线147号,31B0,144081501,忻州,客服,AC00351,13350.0,山西,118860.0,2020-07-23
河曲县中天隆水泥有限责任公司,819904634,1262547500,山西省忻州市河曲县沙泉乡双神堂村红石线147号,31B0,144081501,忻州,客服,AC00351,13350.0,山西,161280.0,2020-07-24
河曲县中天隆水泥有限责任公司,819904634,1262547500,山西省忻州市河曲县沙泉乡双神堂村红石线147号,31B0,144081501,忻州,客服,AC00351,13350.0,山西,157500.0,2020-07-25
阳泉冀东水泥有限责任公司,207904271,1200902706,山西省阳泉市郊区杨家庄乡黑土岩村杨家庄路杨家庄乡黑土岩村,31B0,144020501,阳泉,客服,AC01101,59000.0,山西,528410.0,2020-07-25
河曲县中天隆水泥有限责任公司,819904634,1262547500,山西省忻州市河曲县沙泉乡双神堂村红石线147号,31B0,144081501,忻州,客服,AC00351,13350.0,山西,147420.0,2020-07-26
阳泉冀东水泥有限责任公司,207904271,1200902706,山西省阳泉市郊区杨家庄乡黑土岩村杨家庄路杨家庄乡黑土岩村,31B0,144020501,阳泉,客服,AC01101,59000.0,山西,451754.0,2020-07-26
阳泉冀东水泥有限责任公司,207904271,1200902706,山西省阳泉市郊区杨家庄乡黑土岩村杨家庄路杨家庄乡黑土岩村,31B0,144020501,阳泉,客服,AC01101,59000.0,山西,485028.0,2020-07-27
河曲县中天隆水泥有限责任公司,819904634,1262547500,山西省忻州市河曲县沙泉乡双神堂村红石线147号,31B0,144081501,忻州,客服,AC00351,13350.0,山西,162960.0,2020-07-27
河曲县中天隆水泥有限责任公司,819904634,1262547500,山西省忻州市河曲县沙泉乡双神堂村红石线147号,31B0,144081501,忻州,客服,AC00351,13350.0,山西,154140.0,2020-07-28
河曲县中天隆水泥有限责任公司,819904634,1262547500,山西省忻州市河曲县沙泉乡双神堂村红石线147号,31B0,144081501,忻州,客服,AC00351,13350.0,山西,165480.0,2020-07-30
阳泉冀东水泥有限责任公司,207904271,1200902706,山西省阳泉市郊区杨家庄乡黑土岩村杨家庄路杨家庄乡黑土岩村,31B0,144020501,阳泉,客服,AC01101,59000.0,山西,418952.0,2020-07-28
阳泉冀东水泥有限责任公司,207904271,1200902706,山西省阳泉市郊区杨家庄乡黑土岩村杨家庄路杨家庄乡黑土岩村,31B0,144020501,阳泉,客服,AC01101,59000.0,山西,475670.0,2020-07-29
河曲县中天隆水泥有限责任公司,819904634,1262547500,山西省忻州市河曲县沙泉乡双神堂村红石线147号,31B0,144081501,忻州,客服,AC00351,13350.0,山西,157080.0,2020-07-29
阳泉冀东水泥有限责任公司,207904271,1200902706,山西省阳泉市郊区杨家庄乡黑土岩村杨家庄路杨家庄乡黑土岩村,31B0,144020501,阳泉,客服,AC01101,59000.0,山西,431594.0,2020-07-30
河曲县中天隆水泥有限责任公司,819904634,1262547500,山西省忻州市河曲县沙泉乡双神堂村红石线147号,31B0,144081501,忻州,客服,AC00351,13350.0,山西,143220.0,2020-07-31
阳泉冀东水泥有限责任公司,207904271,1200902706,山西省阳泉市郊区杨家庄乡黑土岩村杨家庄路杨家庄乡黑土岩村,31B0,144020501,阳泉,客服,AC01101,59000.0,山西,296432.0,2020-07-31
河曲县中天隆水泥有限责任公司,819904634,1262547500,山西省忻州市河曲县沙泉乡双神堂村红石线147号,31B0,144081501,忻州,客服,AC00351,13350.0,山西,165060.0,2020-08-01
阳泉冀东水泥有限责任公司,207904271,1200902706,山西省阳泉市郊区杨家庄乡黑土岩村杨家庄路杨家庄乡黑土岩村,31B0,144020501,阳泉,客服,AC01101,59000.0,山西,359500.0,2020-08-02
河曲县中天隆水泥有限责任公司,819904634,1262547500,山西省忻州市河曲县沙泉乡双神堂村红石线147号,31B0,144081501,忻州,客服,AC00351,13350.0,山西,165900.0,2020-08-02
河曲县中天隆水泥有限责任公司,819904634,1262547500,山西省忻州市河曲县沙泉乡双神堂村红石线147号,31B0,144081501,忻州,客服,AC00351,13350.0,山西,139020.0,2020-08-04
阳泉冀东水泥有限责任公司,207904271,1200902706,山西省阳泉市郊区杨家庄乡黑土岩村杨家庄路杨家庄乡黑土岩村,31B0,144020501,阳泉,客服,AC01101,59000.0,山西,618874.0,2020-08-04
阳泉冀东水泥有限责任公司,207904271,1200902706,山西省阳泉市郊区杨家庄乡黑土岩村杨家庄路杨家庄乡黑土岩村,31B0,144020501,阳泉,客服,AC01101,59000.0,山西,638170.0,2020-08-05
河曲县中天隆水泥有限责任公司,819904634,1262547500,山西省忻州市河曲县沙泉乡双神堂村红石线147号,31B0,144081501,忻州,客服,AC00351,13350.0,山西,140280.0,2020-08-05
河曲县中天隆水泥有限责任公司,819904634,1262547500,山西省忻州市河曲县沙泉乡双神堂村红石线147号,31B0,144081501,忻州,客服,AC00351,13350.0,山西,137340.0,2020-08-06
河曲县中天隆水泥有限责任公司,819904634,1262547500,山西省忻州市河曲县沙泉乡双神堂村红石线147号,31B0,144081501,忻州,客服,AC00351,13350.0,山西,141120.0,2020-08-07
阳泉冀东水泥有限责任公司,207904271,1200902706,山西省阳泉市郊区杨家庄乡黑土岩村杨家庄路杨家庄乡黑土岩村,31B0,144020501,阳泉,客服,AC01101,59000.0,山西,556692.0,2020-08-07
阳泉冀东水泥有限责任公司,207904271,1200902706,山西省阳泉市郊区杨家庄乡黑土岩村杨家庄路杨家庄乡黑土岩村,31B0,144020501,阳泉,客服,AC01101,59000.0,山西,552964.0,2020-08-08
河曲县中天隆水泥有限责任公司,819904634,1262547500,山西省忻州市河曲县沙泉乡双神堂村红石线147号,31B0,144081501,忻州,客服,AC00351,13350.0,山西,110880.0,2020-08-08
阳泉冀东水泥有限责任公司,207904271,1200902706,山西省阳泉市郊区杨家庄乡黑土岩村杨家庄路杨家庄乡黑土岩村,31B0,144020501,阳泉,客服,AC01101,59000.0,山西,561136.0,2020-08-09
河曲县中天隆水泥有限责任公司,819904634,1262547500,山西省忻州市河曲县沙泉乡双神堂村红石线147号,31B0,144081501,忻州,客服,AC00351,13350.0,山西,134820.0,2020-08-09
河曲县中天隆水泥有限责任公司,819904634,1262547500,山西省忻州市河曲县沙泉乡双神堂村红石线147号,31B0,144081501,忻州,客服,AC00351,13350.0,山西,130620.0,2020-08-10
阳泉冀东水泥有限责任公司,207904271,1200902706,山西省阳泉市郊区杨家庄乡黑土岩村杨家庄路杨家庄乡黑土岩村,31B0,144020501,阳泉,客服,AC01101,59000.0,山西,538444.0,2020-08-10
河曲县中天隆水泥有限责任公司,819904634,1262547500,山西省忻州市河曲县沙泉乡双神堂村红石线147号,31B0,144081501,忻州,客服,AC00351,13350.0,山西,115920.0,2020-08-11
阳泉冀东水泥有限责任公司,207904271,1200902706,山西省阳泉市郊区杨家庄乡黑土岩村杨家庄路杨家庄乡黑土岩村,31B0,144020501,阳泉,客服,AC01101,59000.0,山西,524044.0,2020-08-11
河曲县中天隆水泥有限责任公司,819904634,1262547500,山西省忻州市河曲县沙泉乡双神堂村红石线147号,31B0,144081501,忻州,客服,AC00351,13350.0,山西,170940.0,2020-08-12
阳泉冀东水泥有限责任公司,207904271,1200902706,山西省阳泉市郊区杨家庄乡黑土岩村杨家庄路杨家庄乡黑土岩村,31B0,144020501,阳泉,客服,AC01101,59000.0,山西,521754.0,2020-08-12
河曲县中天隆水泥有限责任公司,819904634,1262547500,山西省忻州市河曲县沙泉乡双神堂村红石线147号,31B0,144081501,忻州,客服,AC00351,13350.0,山西,183960.0,2020-08-13
阳泉冀东水泥有限责任公司,207904271,1200902706,山西省阳泉市郊区杨家庄乡黑土岩村杨家庄路杨家庄乡黑土岩村,31B0,144020501,阳泉,客服,AC01101,59000.0,山西,448430.0,2020-08-13
阳泉冀东水泥有限责任公司,207904271,1200902706,山西省阳泉市郊区杨家庄乡黑土岩村杨家庄路杨家庄乡黑土岩村,31B0,144020501,阳泉,客服,AC01101,59000.0,山西,540488.0,2020-08-14
河曲县中天隆水泥有限责任公司,819904634,1262547500,山西省忻州市河曲县沙泉乡双神堂村红石线147号,31B0,144081501,忻州,客服,AC00351,13350.0,山西,177660.0,2020-08-14
河曲县中天隆水泥有限责任公司,819904634,1262547500,山西省忻州市河曲县沙泉乡双神堂村红石线147号,31B0,144081501,忻州,客服,AC00351,13350.0,山西,169260.0,2020-08-15
阳泉冀东水泥有限责任公司,207904271,1200902706,山西省阳泉市郊区杨家庄乡黑土岩村杨家庄路杨家庄乡黑土岩村,31B0,144020501,阳泉,客服,AC01101,59000.0,山西,528440.0,2020-08-16
河曲县中天隆水泥有限责任公司,819904634,1262547500,山西省忻州市河曲县沙泉乡双神堂村红石线147号,31B0,144081501,忻州,客服,AC00351,13350.0,山西,153720.0,2020-08-16
河曲县中天隆水泥有限责任公司,819904634,1262547500,山西省忻州市河曲县沙泉乡双神堂村红石线147号,31B0,144081501,忻州,客服,AC00351,13350.0,山西,173460.0,2020-08-17
阳泉冀东水泥有限责任公司,207904271,1200902706,山西省阳泉市郊区杨家庄乡黑土岩村杨家庄路杨家庄乡黑土岩村,31B0,144020501,阳泉,客服,AC01101,59000.0,山西,564980.0,2020-08-17
河曲县中天隆水泥有限责任公司,819904634,1262547500,山西省忻州市河曲县沙泉乡双神堂村红石线147号,31B0,144081501,忻州,客服,AC00351,13350.0,山西,101220.0,2020-08-21
河曲县中天隆水泥有限责任公司,819904634,1262547500,山西省忻州市河曲县沙泉乡双神堂村红石线147号,31B0,144081501,忻州,客服,AC00351,13350.0,山西,175560.0,2020-08-18
河曲县中天隆水泥有限责任公司,819904634,1262547500,山西省忻州市河曲县沙泉乡双神堂村红石线147号,31B0,144081501,忻州,客服,AC00351,13350.0,山西,174720.0,2020-08-19
阳泉冀东水泥有限责任公司,207904271,1200902706,山西省阳泉市郊区杨家庄乡黑土岩村杨家庄路杨家庄乡黑土岩村,31B0,144020501,阳泉,客服,AC01101,59000.0,山西,613848.0,2020-08-19
河曲县中天隆水泥有限责任公司,819904634,1262547500,山西省忻州市河曲县沙泉乡双神堂村红石线147号,31B0,144081501,忻州,客服,AC00351,13350.0,山西,182700.0,2020-08-20
阳泉冀东水泥有限责任公司,207904271,1200902706,山西省阳泉市郊区杨家庄乡黑土岩村杨家庄路杨家庄乡黑土岩村,31B0,144020501,阳泉,客服,AC01101,59000.0,山西,610082.0,2020-08-21
河曲县中天隆水泥有限责任公司,819904634,1262547500,山西省忻州市河曲县沙泉乡双神堂村红石线147号,31B0,144081501,忻州,客服,AC00351,13350.0,山西,79380.0,2020-08-22
河曲县中天隆水泥有限责任公司,819904634,1262547500,山西省忻州市河曲县沙泉乡双神堂村红石线147号,31B0,144081501,忻州,客服,AC00351,13350.0,山西,123060.0,2020-08-23
阳泉冀东水泥有限责任公司,207904271,1200902706,山西省阳泉市郊区杨家庄乡黑土岩村杨家庄路杨家庄乡黑土岩村,31B0,144020501,阳泉,客服,AC01101,59000.0,山西,613390.0,2020-08-23
河曲县中天隆水泥有限责任公司,819904634,1262547500,山西省忻州市河曲县沙泉乡双神堂村红石线147号,31B0,144081501,忻州,客服,AC00351,13350.0,山西,164220.0,2020-08-24
阳泉冀东水泥有限责任公司,207904271,1200902706,山西省阳泉市郊区杨家庄乡黑土岩村杨家庄路杨家庄乡黑土岩村,31B0,144020501,阳泉,客服,AC01101,59000.0,山西,603748.0,2020-08-24
河曲县中天隆水泥有限责任公司,819904634,1262547500,山西省忻州市河曲县沙泉乡双神堂村红石线147号,31B0,144081501,忻州,客服,AC00351,13350.0,山西,157080.0,2020-08-25
河曲县中天隆水泥有限责任公司,819904634,1262547500,山西省忻州市河曲县沙泉乡双神堂村红石线147号,31B0,144081501,忻州,客服,AC00351,13350.0,山西,151200.0,2020-08-26
阳泉冀东水泥有限责任公司,207904271,1200902706,山西省阳泉市郊区杨家庄乡黑土岩村杨家庄路杨家庄乡黑土岩村,31B0,144020501,阳泉,客服,AC01101,59000.0,山西,570454.0,2020-08-26
阳泉冀东水泥有限责任公司,207904271,1200902706,山西省阳泉市郊区杨家庄乡黑土岩村杨家庄路杨家庄乡黑土岩村,31B0,144020501,阳泉,客服,AC01101,59000.0,山西,563496.0,2020-08-27
河曲县中天隆水泥有限责任公司,819904634,1262547500,山西省忻州市河曲县沙泉乡双神堂村红石线147号,31B0,144081501,忻州,客服,AC00351,13350.0,山西,136080.0,2020-08-27
河曲县中天隆水泥有限责任公司,819904634,1262547500,山西省忻州市河曲县沙泉乡双神堂村红石线147号,31B0,144081501,忻州,客服,AC00351,13350.0,山西,110880.0,2020-08-28
河曲县中天隆水泥有限责任公司,819904634,1262547500,山西省忻州市河曲县沙泉乡双神堂村红石线147号,31B0,144081501,忻州,客服,AC00351,13350.0,山西,102480.0,2020-08-29
阳泉冀东水泥有限责任公司,207904271,1200902706,山西省阳泉市郊区杨家庄乡黑土岩村杨家庄路杨家庄乡黑土岩村,31B0,144020501,阳泉,客服,AC01101,59000.0,山西,611410.0,2020-08-30
河曲县中天隆水泥有限责任公司,819904634,1262547500,山西省忻州市河曲县沙泉乡双神堂村红石线147号,31B0,144081501,忻州,客服,AC00351,13350.0,山西,125580.0,2020-08-30
河曲县中天隆水泥有限责任公司,819904634,1262547500,山西省忻州市河曲县沙泉乡双神堂村红石线147号,31B0,144081501,忻州,客服,AC00351,13350.0,山西,179760.0,2020-08-31
河曲县中天隆水泥有限责任公司,819904634,1262547500,山西省忻州市河曲县沙泉乡双神堂村红石线147号,31B0,144081501,忻州,客服,AC00351,13350.0,山西,175980.0,2020-09-01
阳泉冀东水泥有限责任公司,207904271,1200902706,山西省阳泉市郊区杨家庄乡黑土岩村杨家庄路杨家庄乡黑土岩村,31B0,144020501,阳泉,客服,AC01101,59000.0,山西,579536.0,2020-09-01
阳泉冀东水泥有限责任公司,207904271,1200902706,山西省阳泉市郊区杨家庄乡黑土岩村杨家庄路杨家庄乡黑土岩村,31B0,144020501,阳泉,客服,AC01101,59000.0,山西,586824.0,2020-09-02
河曲县中天隆水泥有限责任公司,819904634,1262547500,山西省忻州市河曲县沙泉乡双神堂村红石线147号,31B0,144081501,忻州,客服,AC00351,13350.0,山西,130620.0,2020-09-02
河曲县中天隆水泥有限责任公司,819904634,1262547500,山西省忻州市河曲县沙泉乡双神堂村红石线147号,31B0,144081501,忻州,客服,AC00351,13350.0,山西,147420.0,2020-09-03
阳泉冀东水泥有限责任公司,207904271,1200902706,山西省阳泉市郊区杨家庄乡黑土岩村杨家庄路杨家庄乡黑土岩村,31B0,144020501,阳泉,客服,AC01101,59000.0,山西,636456.0,2020-09-04
河曲县中天隆水泥有限责任公司,819904634,1262547500,山西省忻州市河曲县沙泉乡双神堂村红石线147号,31B0,144081501,忻州,客服,AC00351,13350.0,山西,139440.0,2020-09-04
河曲县中天隆水泥有限责任公司,819904634,1262547500,山西省忻州市河曲县沙泉乡双神堂村红石线147号,31B0,144081501,忻州,客服,AC00351,13350.0,山西,187320.0,2020-09-05
阳泉冀东水泥有限责任公司,207904271,1200902706,山西省阳泉市郊区杨家庄乡黑土岩村杨家庄路杨家庄乡黑土岩村,31B0,144020501,阳泉,客服,AC01101,59000.0,山西,634136.0,2020-09-05
河曲县中天隆水泥有限责任公司,819904634,1262547500,山西省忻州市河曲县沙泉乡双神堂村红石线147号,31B0,144081501,忻州,客服,AC00351,13350.0,山西,160860.0,2020-09-06
阳泉冀东水泥有限责任公司,207904271,1200902706,山西省阳泉市郊区杨家庄乡黑土岩村杨家庄路杨家庄乡黑土岩村,31B0,144020501,阳泉,客服,AC01101,59000.0,山西,649604.0,2020-09-07
河曲县中天隆水泥有限责任公司,819904634,1262547500,山西省忻州市河曲县沙泉乡双神堂村红石线147号,31B0,144081501,忻州,客服,AC00351,13350.0,山西,146580.0,2020-09-07
河曲县中天隆水泥有限责任公司,819904634,1262547500,山西省忻州市河曲县沙泉乡双神堂村红石线147号,31B0,144081501,忻州,客服,AC00351,13350.0,山西,144900.0,2020-09-08
阳泉冀东水泥有限责任公司,207904271,1200902706,山西省阳泉市郊区杨家庄乡黑土岩村杨家庄路杨家庄乡黑土岩村,31B0,144020501,阳泉,客服,AC01101,59000.0,山西,662098.0,2020-09-09
河曲县中天隆水泥有限责任公司,819904634,1262547500,山西省忻州市河曲县沙泉乡双神堂村红石线147号,31B0,144081501,忻州,客服,AC00351,13350.0,山西,141120.0,2020-09-09
阳泉冀东水泥有限责任公司,207904271,1200902706,山西省阳泉市郊区杨家庄乡黑土岩村杨家庄路杨家庄乡黑土岩村,31B0,144020501,阳泉,客服,AC01101,59000.0,山西,643598.0,2020-09-10
河曲县中天隆水泥有限责任公司,819904634,1262547500,山西省忻州市河曲县沙泉乡双神堂村红石线147号,31B0,144081501,忻州,客服,AC00351,13350.0,山西,112560.0,2020-09-10
河曲县中天隆水泥有限责任公司,819904634,1262547500,山西省忻州市河曲县沙泉乡双神堂村红石线147号,31B0,144081501,忻州,客服,AC00351,13350.0,山西,115920.0,2020-09-11
阳泉冀东水泥有限责任公司,207904271,1200902706,山西省阳泉市郊区杨家庄乡黑土岩村杨家庄路杨家庄乡黑土岩村,31B0,144020501,阳泉,客服,AC01101,59000.0,山西,642228.0,2020-09-11
河曲县中天隆水泥有限责任公司,819904634,1262547500,山西省忻州市河曲县沙泉乡双神堂村红石线147号,31B0,144081501,忻州,客服,AC00351,13350.0,山西,116340.0,2020-09-12
阳泉冀东水泥有限责任公司,207904271,1200902706,山西省阳泉市郊区杨家庄乡黑土岩村杨家庄路杨家庄乡黑土岩村,31B0,144020501,阳泉,客服,AC01101,59000.0,山西,630470.0,2020-09-13
阳泉冀东水泥有限责任公司,207904271,1200902706,山西省阳泉市郊区杨家庄乡黑土岩村杨家庄路杨家庄乡黑土岩村,31B0,144020501,阳泉,客服,AC01101,59000.0,山西,582382.0,2020-09-14
河曲县中天隆水泥有限责任公司,819904634,1262547500,山西省忻州市河曲县沙泉乡双神堂村红石线147号,31B0,144081501,忻州,客服,AC00351,13350.0,山西,0.0,2020-09-14
河曲县中天隆水泥有限责任公司,819904634,1262547500,山西省忻州市河曲县沙泉乡双神堂村红石线147号,31B0,144081501,忻州,客服,AC00351,13350.0,山西,154980.0,2020-09-16
阳泉冀东水泥有限责任公司,207904271,1200902706,山西省阳泉市郊区杨家庄乡黑土岩村杨家庄路杨家庄乡黑土岩村,31B0,144020501,阳泉,客服,AC01101,59000.0,山西,496754.0,2020-09-16
河曲县中天隆水泥有限责任公司,819904634,1262547500,山西省忻州市河曲县沙泉乡双神堂村红石线147号,31B0,144081501,忻州,客服,AC00351,13350.0,山西,190680.0,2020-09-17
阳泉冀东水泥有限责任公司,207904271,1200902706,山西省阳泉市郊区杨家庄乡黑土岩村杨家庄路杨家庄乡黑土岩村,31B0,144020501,阳泉,客服,AC01101,59000.0,山西,497132.0,2020-09-17
河曲县中天隆水泥有限责任公司,819904634,1262547500,山西省忻州市河曲县沙泉乡双神堂村红石线147号,31B0,144081501,忻州,客服,AC00351,13350.0,山西,191100.0,2020-09-18
阳泉冀东水泥有限责任公司,207904271,1200902706,山西省阳泉市郊区杨家庄乡黑土岩村杨家庄路杨家庄乡黑土岩村,31B0,144020501,阳泉,客服,AC01101,59000.0,山西,463300.0,2020-09-18
阳泉冀东水泥有限责任公司,207904271,1200902706,山西省阳泉市郊区杨家庄乡黑土岩村杨家庄路杨家庄乡黑土岩村,31B0,144020501,阳泉,客服,AC01101,59000.0,山西,486930.0,2020-09-19
河曲县中天隆水泥有限责任公司,819904634,1262547500,山西省忻州市河曲县沙泉乡双神堂村红石线147号,31B0,144081501,忻州,客服,AC00351,13350.0,山西,132720.0,2020-09-19
河曲县中天隆水泥有限责任公司,819904634,1262547500,山西省忻州市河曲县沙泉乡双神堂村红石线147号,31B0,144081501,忻州,客服,AC00351,13350.0,山西,154980.0,2020-09-20
阳泉冀东水泥有限责任公司,207904271,1200902706,山西省阳泉市郊区杨家庄乡黑土岩村杨家庄路杨家庄乡黑土岩村,31B0,144020501,阳泉,客服,AC01101,59000.0,山西,473316.0,2020-09-20
阳泉冀东水泥有限责任公司,207904271,1200902706,山西省阳泉市郊区杨家庄乡黑土岩村杨家庄路杨家庄乡黑土岩村,31B0,144020501,阳泉,客服,AC01101,59000.0,山西,491572.0,2020-09-21
河曲县中天隆水泥有限责任公司,819904634,1262547500,山西省忻州市河曲县沙泉乡双神堂村红石线147号,31B0,144081501,忻州,客服,AC00351,13350.0,山西,33180.0,2020-09-21
河曲县中天隆水泥有限责任公司,819904634,1262547500,山西省忻州市河曲县沙泉乡双神堂村红石线147号,31B0,144081501,忻州,客服,AC00351,13350.0,山西,23100.0,2020-09-22
阳泉冀东水泥有限责任公司,207904271,1200902706,山西省阳泉市郊区杨家庄乡黑土岩村杨家庄路杨家庄乡黑土岩村,31B0,144020501,阳泉,客服,AC01101,59000.0,山西,490672.0,2020-09-22
阳泉冀东水泥有限责任公司,207904271,1200902706,山西省阳泉市郊区杨家庄乡黑土岩村杨家庄路杨家庄乡黑土岩村,31B0,144020501,阳泉,客服,AC01101,59000.0,山西,492524.0,2020-09-23
河曲县中天隆水泥有限责任公司,819904634,1262547500,山西省忻州市河曲县沙泉乡双神堂村红石线147号,31B0,144081501,忻州,客服,AC00351,13350.0,山西,76440.0,2020-09-23
河曲县中天隆水泥有限责任公司,819904634,1262547500,山西省忻州市河曲县沙泉乡双神堂村红石线147号,31B0,144081501,忻州,客服,AC00351,13350.0,山西,70980.0,2020-09-24
阳泉冀东水泥有限责任公司,207904271,1200902706,山西省阳泉市郊区杨家庄乡黑土岩村杨家庄路杨家庄乡黑土岩村,31B0,144020501,阳泉,客服,AC01101,59000.0,山西,211530.0,2020-09-24
河曲县中天隆水泥有限责任公司,819904634,1262547500,山西省忻州市河曲县沙泉乡双神堂村红石线147号,31B0,144081501,忻州,客服,AC00351,13350.0,山西,70140.0,2020-09-25
河曲县中天隆水泥有限责任公司,819904634,1262547500,山西省忻州市河曲县沙泉乡双神堂村红石线147号,31B0,144081501,忻州,客服,AC00351,13350.0,山西,131040.0,2020-10-07
阳泉冀东水泥有限责任公司,207904271,1200902706,山西省阳泉市郊区杨家庄乡黑土岩村杨家庄路杨家庄乡黑土岩村,31B0,144020501,阳泉,客服,AC01101,59000.0,山西,439432.0,2020-09-25
河曲县中天隆水泥有限责任公司,819904634,1262547500,山西省忻州市河曲县沙泉乡双神堂村红石线147号,31B0,144081501,忻州,客服,AC00351,13350.0,山西,72660.0,2020-09-26
阳泉冀东水泥有限责任公司,207904271,1200902706,山西省阳泉市郊区杨家庄乡黑土岩村杨家庄路杨家庄乡黑土岩村,31B0,144020501,阳泉,客服,AC01101,59000.0,山西,341364.0,2020-09-26
河曲县中天隆水泥有限责任公司,819904634,1262547500,山西省忻州市河曲县沙泉乡双神堂村红石线147号,31B0,144081501,忻州,客服,AC00351,13350.0,山西,70560.0,2020-09-27
阳泉冀东水泥有限责任公司,207904271,1200902706,山西省阳泉市郊区杨家庄乡黑土岩村杨家庄路杨家庄乡黑土岩村,31B0,144020501,阳泉,客服,AC01101,59000.0,山西,344134.0,2020-09-27
河曲县中天隆水泥有限责任公司,819904634,1262547500,山西省忻州市河曲县沙泉乡双神堂村红石线147号,31B0,144081501,忻州,客服,AC00351,13350.0,山西,76860.0,2020-09-28
阳泉冀东水泥有限责任公司,207904271,1200902706,山西省阳泉市郊区杨家庄乡黑土岩村杨家庄路杨家庄乡黑土岩村,31B0,144020501,阳泉,客服,AC01101,59000.0,山西,346400.0,2020-09-28
阳泉冀东水泥有限责任公司,207904271,1200902706,山西省阳泉市郊区杨家庄乡黑土岩村杨家庄路杨家庄乡黑土岩村,31B0,144020501,阳泉,客服,AC01101,59000.0,山西,209750.0,2020-09-29
河曲县中天隆水泥有限责任公司,819904634,1262547500,山西省忻州市河曲县沙泉乡双神堂村红石线147号,31B0,144081501,忻州,客服,AC00351,13350.0,山西,65940.0,2020-09-29
阳泉冀东水泥有限责任公司,207904271,1200902706,山西省阳泉市郊区杨家庄乡黑土岩村杨家庄路杨家庄乡黑土岩村,31B0,144020501,阳泉,客服,AC01101,59000.0,山西,315694.0,2020-09-30
河曲县中天隆水泥有限责任公司,819904634,1262547500,山西省忻州市河曲县沙泉乡双神堂村红石线147号,31B0,144081501,忻州,客服,AC00351,13350.0,山西,124320.0,2020-09-30
河曲县中天隆水泥有限责任公司,819904634,1262547500,山西省忻州市河曲县沙泉乡双神堂村红石线147号,31B0,144081501,忻州,客服,AC00351,13350.0,山西,107520.0,2020-10-01
阳泉冀东水泥有限责任公司,207904271,1200902706,山西省阳泉市郊区杨家庄乡黑土岩村杨家庄路杨家庄乡黑土岩村,31B0,144020501,阳泉,客服,AC01101,59000.0,山西,567662.0,2020-10-01
河曲县中天隆水泥有限责任公司,819904634,1262547500,山西省忻州市河曲县沙泉乡双神堂村红石线147号,31B0,144081501,忻州,客服,AC00351,13350.0,山西,94500.0,2020-10-02
阳泉冀东水泥有限责任公司,207904271,1200902706,山西省阳泉市郊区杨家庄乡黑土岩村杨家庄路杨家庄乡黑土岩村,31B0,144020501,阳泉,客服,AC01101,59000.0,山西,627358.0,2020-10-02
河曲县中天隆水泥有限责任公司,819904634,1262547500,山西省忻州市河曲县沙泉乡双神堂村红石线147号,31B0,144081501,忻州,客服,AC00351,13350.0,山西,112560.0,2020-10-03
河曲县中天隆水泥有限责任公司,819904634,1262547500,山西省忻州市河曲县沙泉乡双神堂村红石线147号,31B0,144081501,忻州,客服,AC00351,13350.0,山西,166320.0,2020-10-04
河曲县中天隆水泥有限责任公司,819904634,1262547500,山西省忻州市河曲县沙泉乡双神堂村红石线147号,31B0,144081501,忻州,客服,AC00351,13350.0,山西,168000.0,2020-10-05
阳泉冀东水泥有限责任公司,207904271,1200902706,山西省阳泉市郊区杨家庄乡黑土岩村杨家庄路杨家庄乡黑土岩村,31B0,144020501,阳泉,客服,AC01101,59000.0,山西,606256.0,2020-10-05
河曲县中天隆水泥有限责任公司,819904634,1262547500,山西省忻州市河曲县沙泉乡双神堂村红石线147号,31B0,144081501,忻州,客服,AC00351,13350.0,山西,162540.0,2020-10-06
阳泉冀东水泥有限责任公司,207904271,1200902706,山西省阳泉市郊区杨家庄乡黑土岩村杨家庄路杨家庄乡黑土岩村,31B0,144020501,阳泉,客服,AC01101,59000.0,山西,619478.0,2020-10-06
阳泉冀东水泥有限责任公司,207904271,1200902706,山西省阳泉市郊区杨家庄乡黑土岩村杨家庄路杨家庄乡黑土岩村,31B0,144020501,阳泉,客服,AC01101,59000.0,山西,542242.0,2020-10-07
河曲县中天隆水泥有限责任公司,819904634,1262547500,山西省忻州市河曲县沙泉乡双神堂村红石线147号,31B0,144081501,忻州,客服,AC00351,13350.0,山西,168000.0,2020-10-08
阳泉冀东水泥有限责任公司,207904271,1200902706,山西省阳泉市郊区杨家庄乡黑土岩村杨家庄路杨家庄乡黑土岩村,31B0,144020501,阳泉,客服,AC01101,59000.0,山西,515086.0,2020-10-09
河曲县中天隆水泥有限责任公司,819904634,1262547500,山西省忻州市河曲县沙泉乡双神堂村红石线147号,31B0,144081501,忻州,客服,AC00351,13350.0,山西,163800.0,2020-10-10
河曲县中天隆水泥有限责任公司,819904634,1262547500,山西省忻州市河曲县沙泉乡双神堂村红石线147号,31B0,144081501,忻州,客服,AC00351,13350.0,山西,162540.0,2020-10-11
河曲县中天隆水泥有限责任公司,819904634,1262547500,山西省忻州市河曲县沙泉乡双神堂村红石线147号,31B0,144081501,忻州,客服,AC00351,13350.0,山西,170100.0,2020-10-12
阳泉冀东水泥有限责任公司,207904271,1200902706,山西省阳泉市郊区杨家庄乡黑土岩村杨家庄路杨家庄乡黑土岩村,31B0,144020501,阳泉,客服,AC01101,59000.0,山西,646174.0,2020-10-15
河曲县中天隆水泥有限责任公司,819904634,1262547500,山西省忻州市河曲县沙泉乡双神堂村红石线147号,31B0,144081501,忻州,客服,AC00351,13350.0,山西,127260.0,2020-10-16
阳泉冀东水泥有限责任公司,207904271,1200902706,山西省阳泉市郊区杨家庄乡黑土岩村杨家庄路杨家庄乡黑土岩村,31B0,144020501,阳泉,客服,AC01101,59000.0,山西,667850.0,2020-10-16
河曲县中天隆水泥有限责任公司,819904634,1262547500,山西省忻州市河曲县沙泉乡双神堂村红石线147号,31B0,144081501,忻州,客服,AC00351,13350.0,山西,92400.0,2020-10-17
阳泉冀东水泥有限责任公司,207904271,1200902706,山西省阳泉市郊区杨家庄乡黑土岩村杨家庄路杨家庄乡黑土岩村,31B0,144020501,阳泉,客服,AC01101,59000.0,山西,634600.0,2020-10-17
河曲县中天隆水泥有限责任公司,819904634,1262547500,山西省忻州市河曲县沙泉乡双神堂村红石线147号,31B0,144081501,忻州,客服,AC00351,13350.0,山西,112980.0,2020-10-18
阳泉冀东水泥有限责任公司,207904271,1200902706,山西省阳泉市郊区杨家庄乡黑土岩村杨家庄路杨家庄乡黑土岩村,31B0,144020501,阳泉,客服,AC01101,59000.0,山西,620728.0,2020-10-18
河曲县中天隆水泥有限责任公司,819904634,1262547500,山西省忻州市河曲县沙泉乡双神堂村红石线147号,31B0,144081501,忻州,客服,AC00351,13350.0,山西,134400.0,2020-10-23
河曲县中天隆水泥有限责任公司,819904634,1262547500,山西省忻州市河曲县沙泉乡双神堂村红石线147号,31B0,144081501,忻州,客服,AC00351,13350.0,山西,146160.0,2020-10-19
阳泉冀东水泥有限责任公司,207904271,1200902706,山西省阳泉市郊区杨家庄乡黑土岩村杨家庄路杨家庄乡黑土岩村,31B0,144020501,阳泉,客服,AC01101,59000.0,山西,657698.0,2020-10-19
河曲县中天隆水泥有限责任公司,819904634,1262547500,山西省忻州市河曲县沙泉乡双神堂村红石线147号,31B0,144081501,忻州,客服,AC00351,13350.0,山西,154980.0,2020-10-20
阳泉冀东水泥有限责任公司,207904271,1200902706,山西省阳泉市郊区杨家庄乡黑土岩村杨家庄路杨家庄乡黑土岩村,31B0,144020501,阳泉,客服,AC01101,59000.0,山西,652920.0,2020-10-20
阳泉冀东水泥有限责任公司,207904271,1200902706,山西省阳泉市郊区杨家庄乡黑土岩村杨家庄路杨家庄乡黑土岩村,31B0,144020501,阳泉,客服,AC01101,59000.0,山西,633128.0,2020-10-21
河曲县中天隆水泥有限责任公司,819904634,1262547500,山西省忻州市河曲县沙泉乡双神堂村红石线147号,31B0,144081501,忻州,客服,AC00351,13350.0,山西,164640.0,2020-10-22
阳泉冀东水泥有限责任公司,207904271,1200902706,山西省阳泉市郊区杨家庄乡黑土岩村杨家庄路杨家庄乡黑土岩村,31B0,144020501,阳泉,客服,AC01101,59000.0,山西,621258.0,2020-10-22
阳泉冀东水泥有限责任公司,207904271,1200902706,山西省阳泉市郊区杨家庄乡黑土岩村杨家庄路杨家庄乡黑土岩村,31B0,144020501,阳泉,客服,AC01101,59000.0,山西,498574.0,2020-10-23
河曲县中天隆水泥有限责任公司,819904634,1262547500,山西省忻州市河曲县沙泉乡双神堂村红石线147号,31B0,144081501,忻州,客服,AC00351,13350.0,山西,135240.0,2020-10-24
阳泉冀东水泥有限责任公司,207904271,1200902706,山西省阳泉市郊区杨家庄乡黑土岩村杨家庄路杨家庄乡黑土岩村,31B0,144020501,阳泉,客服,AC01101,59000.0,山西,624946.0,2020-10-24
河曲县中天隆水泥有限责任公司,819904634,1262547500,山西省忻州市河曲县沙泉乡双神堂村红石线147号,31B0,144081501,忻州,客服,AC00351,13350.0,山西,125160.0,2020-10-25
阳泉冀东水泥有限责任公司,207904271,1200902706,山西省阳泉市郊区杨家庄乡黑土岩村杨家庄路杨家庄乡黑土岩村,31B0,144020501,阳泉,客服,AC01101,59000.0,山西,598886.0,2020-10-25
河曲县中天隆水泥有限责任公司,819904634,1262547500,山西省忻州市河曲县沙泉乡双神堂村红石线147号,31B0,144081501,忻州,客服,AC00351,13350.0,山西,127260.0,2020-10-26
河曲县中天隆水泥有限责任公司,819904634,1262547500,山西省忻州市河曲县沙泉乡双神堂村红石线147号,31B0,144081501,忻州,客服,AC00351,13350.0,山西,96600.0,2020-10-28
阳泉冀东水泥有限责任公司,207904271,1200902706,山西省阳泉市郊区杨家庄乡黑土岩村杨家庄路杨家庄乡黑土岩村,31B0,144020501,阳泉,客服,AC01101,59000.0,山西,608980.0,2020-10-28
河曲县中天隆水泥有限责任公司,819904634,1262547500,山西省忻州市河曲县沙泉乡双神堂村红石线147号,31B0,144081501,忻州,客服,AC00351,13350.0,山西,105000.0,2020-10-29
阳泉冀东水泥有限责任公司,207904271,1200902706,山西省阳泉市郊区杨家庄乡黑土岩村杨家庄路杨家庄乡黑土岩村,31B0,144020501,阳泉,客服,AC01101,59000.0,山西,622486.0,2020-10-29
河曲县中天隆水泥有限责任公司,819904634,1262547500,山西省忻州市河曲县沙泉乡双神堂村红石线147号,31B0,144081501,忻州,客服,AC00351,13350.0,山西,115920.0,2020-10-30
阳泉冀东水泥有限责任公司,207904271,1200902706,山西省阳泉市郊区杨家庄乡黑土岩村杨家庄路杨家庄乡黑土岩村,31B0,144020501,阳泉,客服,AC01101,59000.0,山西,578386.0,2020-10-30
河曲县中天隆水泥有限责任公司,819904634,1262547500,山西省忻州市河曲县沙泉乡双神堂村红石线147号,31B0,144081501,忻州,客服,AC00351,13350.0,山西,139860.0,2020-10-31
河曲县中天隆水泥有限责任公司,819904634,1262547500,山西省忻州市河曲县沙泉乡双神堂村红石线147号,31B0,144081501,忻州,客服,AC00351,13350.0,山西,173460.0,2020-11-01
阳泉冀东水泥有限责任公司,207904271,1200902706,山西省阳泉市郊区杨家庄乡黑土岩村杨家庄路杨家庄乡黑土岩村,31B0,144020501,阳泉,客服,AC01101,59000.0,山西,555142.0,2020-11-01
河曲县中天隆水泥有限责任公司,819904634,1262547500,山西省忻州市河曲县沙泉乡双神堂村红石线147号,31B0,144081501,忻州,客服,AC00351,13350.0,山西,159180.0,2020-11-02
阳泉冀东水泥有限责任公司,207904271,1200902706,山西省阳泉市郊区杨家庄乡黑土岩村杨家庄路杨家庄乡黑土岩村,31B0,144020501,阳泉,客服,AC01101,59000.0,山西,584680.0,2020-11-02
河曲县中天隆水泥有限责任公司,819904634,1262547500,山西省忻州市河曲县沙泉乡双神堂村红石线147号,31B0,144081501,忻州,客服,AC00351,13350.0,山西,150360.0,2020-11-03
河曲县中天隆水泥有限责任公司,819904634,1262547500,山西省忻州市河曲县沙泉乡双神堂村红石线147号,31B0,144081501,忻州,客服,AC00351,13350.0,山西,160860.0,2020-11-04
阳泉冀东水泥有限责任公司,207904271,1200902706,山西省阳泉市郊区杨家庄乡黑土岩村杨家庄路杨家庄乡黑土岩村,31B0,144020501,阳泉,客服,AC01101,59000.0,山西,626692.0,2020-11-04
河曲县中天隆水泥有限责任公司,819904634,1262547500,山西省忻州市河曲县沙泉乡双神堂村红石线147号,31B0,144081501,忻州,客服,AC00351,13350.0,山西,153300.0,2020-11-05
河曲县中天隆水泥有限责任公司,819904634,1262547500,山西省忻州市河曲县沙泉乡双神堂村红石线147号,31B0,144081501,忻州,客服,AC00351,13350.0,山西,149520.0,2020-11-06
河曲县中天隆水泥有限责任公司,819904634,1262547500,山西省忻州市河曲县沙泉乡双神堂村红石线147号,31B0,144081501,忻州,客服,AC00351,13350.0,山西,162120.0,2020-11-07
河曲县中天隆水泥有限责任公司,819904634,1262547500,山西省忻州市河曲县沙泉乡双神堂村红石线147号,31B0,144081501,忻州,客服,AC00351,13350.0,山西,146160.0,2020-11-08
阳泉冀东水泥有限责任公司,207904271,1200902706,山西省阳泉市郊区杨家庄乡黑土岩村杨家庄路杨家庄乡黑土岩村,31B0,144020501,阳泉,客服,AC01101,59000.0,山西,634906.0,2020-11-09
河曲县中天隆水泥有限责任公司,819904634,1262547500,山西省忻州市河曲县沙泉乡双神堂村红石线147号,31B0,144081501,忻州,客服,AC00351,13350.0,山西,164220.0,2020-11-09
阳泉冀东水泥有限责任公司,207904271,1200902706,山西省阳泉市郊区杨家庄乡黑土岩村杨家庄路杨家庄乡黑土岩村,31B0,144020501,阳泉,客服,AC01101,59000.0,山西,645310.0,2020-11-10
河曲县中天隆水泥有限责任公司,819904634,1262547500,山西省忻州市河曲县沙泉乡双神堂村红石线147号,31B0,144081501,忻州,客服,AC00351,13350.0,山西,212520.0,2020-11-11
阳泉冀东水泥有限责任公司,207904271,1200902706,山西省阳泉市郊区杨家庄乡黑土岩村杨家庄路杨家庄乡黑土岩村,31B0,144020501,阳泉,客服,AC01101,59000.0,山西,607570.0,2020-11-12
河曲县中天隆水泥有限责任公司,819904634,1262547500,山西省忻州市河曲县沙泉乡双神堂村红石线147号,31B0,144081501,忻州,客服,AC00351,13350.0,山西,176820.0,2020-11-12
河曲县中天隆水泥有限责任公司,819904634,1262547500,山西省忻州市河曲县沙泉乡双神堂村红石线147号,31B0,144081501,忻州,客服,AC00351,13350.0,山西,164640.0,2020-11-15
阳泉冀东水泥有限责任公司,207904271,1200902706,山西省阳泉市郊区杨家庄乡黑土岩村杨家庄路杨家庄乡黑土岩村,31B0,144020501,阳泉,客服,AC01101,59000.0,山西,390680.0,2020-11-15
河曲县中天隆水泥有限责任公司,819904634,1262547500,山西省忻州市河曲县沙泉乡双神堂村红石线147号,31B0,144081501,忻州,客服,AC00351,13350.0,山西,107100.0,2020-11-16
河曲县中天隆水泥有限责任公司,819904634,1262547500,山西省忻州市河曲县沙泉乡双神堂村红石线147号,31B0,144081501,忻州,客服,AC00351,13350.0,山西,105420.0,2020-11-17
阳泉冀东水泥有限责任公司,207904271,1200902706,山西省阳泉市郊区杨家庄乡黑土岩村杨家庄路杨家庄乡黑土岩村,31B0,144020501,阳泉,客服,AC01101,59000.0,山西,530980.0,2020-11-17
河曲县中天隆水泥有限责任公司,819904634,1262547500,山西省忻州市河曲县沙泉乡双神堂村红石线147号,31B0,144081501,忻州,客服,AC00351,13350.0,山西,102060.0,2020-11-18
阳泉冀东水泥有限责任公司,207904271,1200902706,山西省阳泉市郊区杨家庄乡黑土岩村杨家庄路杨家庄乡黑土岩村,31B0,144020501,阳泉,客服,AC01101,59000.0,山西,548382.0,2020-11-19
河曲县中天隆水泥有限责任公司,819904634,1262547500,山西省忻州市河曲县沙泉乡双神堂村红石线147号,31B0,144081501,忻州,客服,AC00351,13350.0,山西,100800.0,2020-11-20
河曲县中天隆水泥有限责任公司,819904634,1262547500,山西省忻州市河曲县沙泉乡双神堂村红石线147号,31B0,144081501,忻州,客服,AC00351,13350.0,山西,142800.0,2020-11-21
阳泉冀东水泥有限责任公司,207904271,1200902706,山西省阳泉市郊区杨家庄乡黑土岩村杨家庄路杨家庄乡黑土岩村,31B0,144020501,阳泉,客服,AC01101,59000.0,山西,537818.0,2020-11-20
河曲县中天隆水泥有限责任公司,819904634,1262547500,山西省忻州市河曲县沙泉乡双神堂村红石线147号,31B0,144081501,忻州,客服,AC00351,13350.0,山西,212100.0,2020-11-22
阳泉冀东水泥有限责任公司,207904271,1200902706,山西省阳泉市郊区杨家庄乡黑土岩村杨家庄路杨家庄乡黑土岩村,31B0,144020501,阳泉,客服,AC01101,59000.0,山西,600022.0,2020-11-22
河曲县中天隆水泥有限责任公司,819904634,1262547500,山西省忻州市河曲县沙泉乡双神堂村红石线147号,31B0,144081501,忻州,客服,AC00351,13350.0,山西,156240.0,2020-11-23
河曲县中天隆水泥有限责任公司,819904634,1262547500,山西省忻州市河曲县沙泉乡双神堂村红石线147号,31B0,144081501,忻州,客服,AC00351,13350.0,山西,115500.0,2020-11-24
河曲县中天隆水泥有限责任公司,819904634,1262547500,山西省忻州市河曲县沙泉乡双神堂村红石线147号,31B0,144081501,忻州,客服,AC00351,13350.0,山西,105420.0,2020-11-25
河曲县中天隆水泥有限责任公司,819904634,1262547500,山西省忻州市河曲县沙泉乡双神堂村红石线147号,31B0,144081501,忻州,客服,AC00351,13350.0,山西,140280.0,2020-11-26
河曲县中天隆水泥有限责任公司,819904634,1262547500,山西省忻州市河曲县沙泉乡双神堂村红石线147号,31B0,144081501,忻州,客服,AC00351,13350.0,山西,154360.0,2020-11-27
河曲县中天隆水泥有限责任公司,819904634,1262547500,山西省忻州市河曲县沙泉乡双神堂村红石线147号,31B0,144081501,忻州,客服,AC00351,13350.0,山西,146030.0,2020-11-28
河曲县中天隆水泥有限责任公司,819904634,1262547500,山西省忻州市河曲县沙泉乡双神堂村红石线147号,31B0,144081501,忻州,客服,AC00351,13350.0,山西,144230.0,2020-11-29
阳泉冀东水泥有限责任公司,207904271,1200902706,山西省阳泉市郊区杨家庄乡黑土岩村杨家庄路杨家庄乡黑土岩村,31B0,144020501,阳泉,客服,AC01101,59000.0,山西,659070.0,2020-11-29
河曲县中天隆水泥有限责任公司,819904634,1262547500,山西省忻州市河曲县沙泉乡双神堂村红石线147号,31B0,144081501,忻州,客服,AC00351,13350.0,山西,431.0,2020-11-30
阳泉冀东水泥有限责任公司,207904271,1200902706,山西省阳泉市郊区杨家庄乡黑土岩村杨家庄路杨家庄乡黑土岩村,31B0,144020501,阳泉,客服,AC01101,59000.0,山西,393924.0,2020-11-30
河曲县中天隆水泥有限责任公司,819904634,1262547500,山西省忻州市河曲县沙泉乡双神堂村红石线147号,31B0,144081501,忻州,客服,AC00351,13350.0,山西,431.0,2020-12-01
河曲县中天隆水泥有限责任公司,819904634,1262547500,山西省忻州市河曲县沙泉乡双神堂村红石线147号,31B0,144081501,忻州,客服,AC00351,13350.0,山西,431.0,2020-12-02
阳泉冀东水泥有限责任公司,207904271,1200902706,山西省阳泉市郊区杨家庄乡黑土岩村杨家庄路杨家庄乡黑土岩村,31B0,144020501,阳泉,客服,AC01101,59000.0,山西,504874.0,2020-12-02
河曲县中天隆水泥有限责任公司,819904634,1262547500,山西省忻州市河曲县沙泉乡双神堂村红石线147号,31B0,144081501,忻州,客服,AC00351,13350.0,山西,428.58,2020-12-03
河曲县中天隆水泥有限责任公司,819904634,1262547500,山西省忻州市河曲县沙泉乡双神堂村红石线147号,31B0,144081501,忻州,客服,AC00351,13350.0,山西,464.27,2020-12-04
阳泉冀东水泥有限责任公司,207904271,1200902706,山西省阳泉市郊区杨家庄乡黑土岩村杨家庄路杨家庄乡黑土岩村,31B0,144020501,阳泉,客服,AC01101,59000.0,山西,541990.01,2020-12-04
河曲县中天隆水泥有限责任公司,819904634,1262547500,山西省忻州市河曲县沙泉乡双神堂村红石线147号,31B0,144081501,忻州,客服,AC00351,13350.0,山西,461.23,2020-12-05
阳泉冀东水泥有限责任公司,207904271,1200902706,山西省阳泉市郊区杨家庄乡黑土岩村杨家庄路杨家庄乡黑土岩村,31B0,144020501,阳泉,客服,AC01101,59000.0,山西,381150.02,2020-12-05
河曲县中天隆水泥有限责任公司,819904634,1262547500,山西省忻州市河曲县沙泉乡双神堂村红石线147号,31B0,144081501,忻州,客服,AC00351,13350.0,山西,543.62,2020-12-06
阳泉冀东水泥有限责任公司,207904271,1200902706,山西省阳泉市郊区杨家庄乡黑土岩村杨家庄路杨家庄乡黑土岩村,31B0,144020501,阳泉,客服,AC01101,59000.0,山西,292608.0,2020-12-06
阳泉冀东水泥有限责任公司,207904271,1200902706,山西省阳泉市郊区杨家庄乡黑土岩村杨家庄路杨家庄乡黑土岩村,31B0,144020501,阳泉,客服,AC01101,59000.0,山西,492490.0,2020-12-07
河曲县中天隆水泥有限责任公司,819904634,1262547500,山西省忻州市河曲县沙泉乡双神堂村红石线147号,31B0,144081501,忻州,客服,AC00351,13350.0,山西,542.56,2020-12-07
河曲县中天隆水泥有限责任公司,819904634,1262547500,山西省忻州市河曲县沙泉乡双神堂村红石线147号,31B0,144081501,忻州,客服,AC00351,13350.0,山西,206473.16,2020-12-08
山西晋兴奥隆建材有限责任公司,822475013,1652161013,山西省忻州市岢岚县岚漪镇安沟村,31B0,144081501,忻州,客服,AC01101,40000.0,山西,351780.0,2020-07-01
山西晋兴奥隆建材有限责任公司,822475013,1652161013,山西省忻州市岢岚县岚漪镇安沟村,31B0,144081501,忻州,客服,AC01101,40000.0,山西,311520.0,2020-07-02
山西晋兴奥隆建材有限责任公司,822475013,1652161013,山西省忻州市岢岚县岚漪镇安沟村,31B0,144081501,忻州,客服,AC01101,40000.0,山西,350460.0,2020-07-03
山西晋兴奥隆建材有限责任公司,822475013,1652161013,山西省忻州市岢岚县岚漪镇安沟村,31B0,144081501,忻州,客服,AC01101,40000.0,山西,330000.0,2020-07-04
山西晋兴奥隆建材有限责任公司,822475013,1652161013,山西省忻州市岢岚县岚漪镇安沟村,31B0,144081501,忻州,客服,AC01101,40000.0,山西,361680.0,2020-07-05
山西晋兴奥隆建材有限责任公司,822475013,1652161013,山西省忻州市岢岚县岚漪镇安沟村,31B0,144081501,忻州,客服,AC01101,40000.0,山西,291060.0,2020-07-06
山西晋兴奥隆建材有限责任公司,822475013,1652161013,山西省忻州市岢岚县岚漪镇安沟村,31B0,144081501,忻州,客服,AC01101,40000.0,山西,190080.0,2020-07-07
山西晋兴奥隆建材有限责任公司,822475013,1652161013,山西省忻州市岢岚县岚漪镇安沟村,31B0,144081501,忻州,客服,AC01101,40000.0,山西,326700.0,2020-07-08
山西晋兴奥隆建材有限责任公司,822475013,1652161013,山西省忻州市岢岚县岚漪镇安沟村,31B0,144081501,忻州,客服,AC01101,40000.0,山西,455400.0,2020-07-09
山西晋兴奥隆建材有限责任公司,822475013,1652161013,山西省忻州市岢岚县岚漪镇安沟村,31B0,144081501,忻州,客服,AC01101,40000.0,山西,461340.0,2020-07-10
山西晋兴奥隆建材有限责任公司,822475013,1652161013,山西省忻州市岢岚县岚漪镇安沟村,31B0,144081501,忻州,客服,AC01101,40000.0,山西,153120.0,2020-07-11
山西晋兴奥隆建材有限责任公司,822475013,1652161013,山西省忻州市岢岚县岚漪镇安沟村,31B0,144081501,忻州,客服,AC01101,40000.0,山西,423720.0,2020-07-12
山西晋兴奥隆建材有限责任公司,822475013,1652161013,山西省忻州市岢岚县岚漪镇安沟村,31B0,144081501,忻州,客服,AC01101,40000.0,山西,494340.0,2020-07-13
山西晋兴奥隆建材有限责任公司,822475013,1652161013,山西省忻州市岢岚县岚漪镇安沟村,31B0,144081501,忻州,客服,AC01101,40000.0,山西,493680.0,2020-07-14
山西晋兴奥隆建材有限责任公司,822475013,1652161013,山西省忻州市岢岚县岚漪镇安沟村,31B0,144081501,忻州,客服,AC01101,40000.0,山西,489060.0,2020-07-15
山西晋兴奥隆建材有限责任公司,822475013,1652161013,山西省忻州市岢岚县岚漪镇安沟村,31B0,144081501,忻州,客服,AC01101,40000.0,山西,419760.0,2020-07-16
山西晋兴奥隆建材有限责任公司,822475013,1652161013,山西省忻州市岢岚县岚漪镇安沟村,31B0,144081501,忻州,客服,AC01101,40000.0,山西,394020.0,2020-07-17
山西晋兴奥隆建材有限责任公司,822475013,1652161013,山西省忻州市岢岚县岚漪镇安沟村,31B0,144081501,忻州,客服,AC01101,40000.0,山西,344520.0,2020-07-18
山西晋兴奥隆建材有限责任公司,822475013,1652161013,山西省忻州市岢岚县岚漪镇安沟村,31B0,144081501,忻州,客服,AC01101,40000.0,山西,402600.0,2020-07-19
山西晋兴奥隆建材有限责任公司,822475013,1652161013,山西省忻州市岢岚县岚漪镇安沟村,31B0,144081501,忻州,客服,AC01101,40000.0,山西,279840.0,2020-07-20
山西晋兴奥隆建材有限责任公司,822475013,1652161013,山西省忻州市岢岚县岚漪镇安沟村,31B0,144081501,忻州,客服,AC01101,40000.0,山西,357720.0,2020-07-21
山西晋兴奥隆建材有限责任公司,822475013,1652161013,山西省忻州市岢岚县岚漪镇安沟村,31B0,144081501,忻州,客服,AC01101,40000.0,山西,399300.0,2020-07-22
山西晋兴奥隆建材有限责任公司,822475013,1652161013,山西省忻州市岢岚县岚漪镇安沟村,31B0,144081501,忻州,客服,AC01101,40000.0,山西,383460.0,2020-07-23
山西晋兴奥隆建材有限责任公司,822475013,1652161013,山西省忻州市岢岚县岚漪镇安沟村,31B0,144081501,忻州,客服,AC01101,40000.0,山西,413160.0,2020-07-24
山西晋兴奥隆建材有限责任公司,822475013,1652161013,山西省忻州市岢岚县岚漪镇安沟村,31B0,144081501,忻州,客服,AC01101,40000.0,山西,397980.0,2020-07-25
山西晋兴奥隆建材有限责任公司,822475013,1652161013,山西省忻州市岢岚县岚漪镇安沟村,31B0,144081501,忻州,客服,AC01101,40000.0,山西,413160.0,2020-07-26
山西晋兴奥隆建材有限责任公司,822475013,1652161013,山西省忻州市岢岚县岚漪镇安沟村,31B0,144081501,忻州,客服,AC01101,40000.0,山西,438240.0,2020-07-27
山西晋兴奥隆建材有限责任公司,822475013,1652161013,山西省忻州市岢岚县岚漪镇安沟村,31B0,144081501,忻州,客服,AC01101,40000.0,山西,304920.0,2020-07-28
山西晋兴奥隆建材有限责任公司,822475013,1652161013,山西省忻州市岢岚县岚漪镇安沟村,31B0,144081501,忻州,客服,AC01101,40000.0,山西,140580.0,2020-07-29
山西晋兴奥隆建材有限责任公司,822475013,1652161013,山西省忻州市岢岚县岚漪镇安沟村,31B0,144081501,忻州,客服,AC01101,40000.0,山西,110880.0,2020-07-30
山西晋兴奥隆建材有限责任公司,822475013,1652161013,山西省忻州市岢岚县岚漪镇安沟村,31B0,144081501,忻州,客服,AC01101,40000.0,山西,128700.0,2020-07-31
山西晋兴奥隆建材有限责任公司,822475013,1652161013,山西省忻州市岢岚县岚漪镇安沟村,31B0,144081501,忻州,客服,AC01101,40000.0,山西,121440.0,2020-08-01
山西晋兴奥隆建材有限责任公司,822475013,1652161013,山西省忻州市岢岚县岚漪镇安沟村,31B0,144081501,忻州,客服,AC01101,40000.0,山西,112860.0,2020-08-02
山西晋兴奥隆建材有限责任公司,822475013,1652161013,山西省忻州市岢岚县岚漪镇安沟村,31B0,144081501,忻州,客服,AC01101,40000.0,山西,98340.0,2020-08-03
山西晋兴奥隆建材有限责任公司,822475013,1652161013,山西省忻州市岢岚县岚漪镇安沟村,31B0,144081501,忻州,客服,AC01101,40000.0,山西,97020.0,2020-08-04
山西晋兴奥隆建材有限责任公司,822475013,1652161013,山西省忻州市岢岚县岚漪镇安沟村,31B0,144081501,忻州,客服,AC01101,40000.0,山西,50160.0,2020-08-05
山西晋兴奥隆建材有限责任公司,822475013,1652161013,山西省忻州市岢岚县岚漪镇安沟村,31B0,144081501,忻州,客服,AC01101,40000.0,山西,99660.0,2020-08-06
山西晋兴奥隆建材有限责任公司,822475013,1652161013,山西省忻州市岢岚县岚漪镇安沟村,31B0,144081501,忻州,客服,AC01101,40000.0,山西,110880.0,2020-08-07
山西晋兴奥隆建材有限责任公司,822475013,1652161013,山西省忻州市岢岚县岚漪镇安沟村,31B0,144081501,忻州,客服,AC01101,40000.0,山西,115500.0,2020-08-08
山西晋兴奥隆建材有限责任公司,822475013,1652161013,山西省忻州市岢岚县岚漪镇安沟村,31B0,144081501,忻州,客服,AC01101,40000.0,山西,86460.0,2020-08-09
山西晋兴奥隆建材有限责任公司,822475013,1652161013,山西省忻州市岢岚县岚漪镇安沟村,31B0,144081501,忻州,客服,AC01101,40000.0,山西,28380.0,2020-08-10
山西晋兴奥隆建材有限责任公司,822475013,1652161013,山西省忻州市岢岚县岚漪镇安沟村,31B0,144081501,忻州,客服,AC01101,40000.0,山西,19140.0,2020-08-11
山西晋兴奥隆建材有限责任公司,822475013,1652161013,山西省忻州市岢岚县岚漪镇安沟村,31B0,144081501,忻州,客服,AC01101,40000.0,山西,0.0,2020-08-12
山西晋兴奥隆建材有限责任公司,822475013,1652161013,山西省忻州市岢岚县岚漪镇安沟村,31B0,144081501,忻州,客服,AC01101,40000.0,山西,172260.0,2020-08-13
山西晋兴奥隆建材有限责任公司,822475013,1652161013,山西省忻州市岢岚县岚漪镇安沟村,31B0,144081501,忻州,客服,AC01101,40000.0,山西,271260.0,2020-08-14
山西晋兴奥隆建材有限责任公司,822475013,1652161013,山西省忻州市岢岚县岚漪镇安沟村,31B0,144081501,忻州,客服,AC01101,40000.0,山西,285780.0,2020-08-15
山西晋兴奥隆建材有限责任公司,822475013,1652161013,山西省忻州市岢岚县岚漪镇安沟村,31B0,144081501,忻州,客服,AC01101,40000.0,山西,342540.0,2020-08-16
山西晋兴奥隆建材有限责任公司,822475013,1652161013,山西省忻州市岢岚县岚漪镇安沟村,31B0,144081501,忻州,客服,AC01101,40000.0,山西,357060.0,2020-08-17
山西晋兴奥隆建材有限责任公司,822475013,1652161013,山西省忻州市岢岚县岚漪镇安沟村,31B0,144081501,忻州,客服,AC01101,40000.0,山西,334620.0,2020-08-18
山西晋兴奥隆建材有限责任公司,822475013,1652161013,山西省忻州市岢岚县岚漪镇安沟村,31B0,144081501,忻州,客服,AC01101,40000.0,山西,349800.0,2020-08-19
山西晋兴奥隆建材有限责任公司,822475013,1652161013,山西省忻州市岢岚县岚漪镇安沟村,31B0,144081501,忻州,客服,AC01101,40000.0,山西,320760.0,2020-08-20
山西晋兴奥隆建材有限责任公司,822475013,1652161013,山西省忻州市岢岚县岚漪镇安沟村,31B0,144081501,忻州,客服,AC01101,40000.0,山西,242220.0,2020-08-21
山西晋兴奥隆建材有限责任公司,822475013,1652161013,山西省忻州市岢岚县岚漪镇安沟村,31B0,144081501,忻州,客服,AC01101,40000.0,山西,322080.0,2020-08-22
山西晋兴奥隆建材有限责任公司,822475013,1652161013,山西省忻州市岢岚县岚漪镇安沟村,31B0,144081501,忻州,客服,AC01101,40000.0,山西,334620.0,2020-08-23
山西晋兴奥隆建材有限责任公司,822475013,1652161013,山西省忻州市岢岚县岚漪镇安沟村,31B0,144081501,忻州,客服,AC01101,40000.0,山西,354420.0,2020-08-24
山西晋兴奥隆建材有限责任公司,822475013,1652161013,山西省忻州市岢岚县岚漪镇安沟村,31B0,144081501,忻州,客服,AC01101,40000.0,山西,449460.0,2020-08-25
山西晋兴奥隆建材有限责任公司,822475013,1652161013,山西省忻州市岢岚县岚漪镇安沟村,31B0,144081501,忻州,客服,AC01101,40000.0,山西,235620.0,2020-08-26
山西晋兴奥隆建材有限责任公司,822475013,1652161013,山西省忻州市岢岚县岚漪镇安沟村,31B0,144081501,忻州,客服,AC01101,40000.0,山西,80520.0,2020-08-27
山西晋兴奥隆建材有限责任公司,822475013,1652161013,山西省忻州市岢岚县岚漪镇安沟村,31B0,144081501,忻州,客服,AC01101,40000.0,山西,59400.0,2020-08-28
山西晋兴奥隆建材有限责任公司,822475013,1652161013,山西省忻州市岢岚县岚漪镇安沟村,31B0,144081501,忻州,客服,AC01101,40000.0,山西,61380.0,2020-08-29
山西晋兴奥隆建材有限责任公司,822475013,1652161013,山西省忻州市岢岚县岚漪镇安沟村,31B0,144081501,忻州,客服,AC01101,40000.0,山西,109560.0,2020-08-30
山西晋兴奥隆建材有限责任公司,822475013,1652161013,山西省忻州市岢岚县岚漪镇安沟村,31B0,144081501,忻州,客服,AC01101,40000.0,山西,104940.0,2020-08-31
山西晋兴奥隆建材有限责任公司,822475013,1652161013,山西省忻州市岢岚县岚漪镇安沟村,31B0,144081501,忻州,客服,AC01101,40000.0,山西,80520.0,2020-09-01
山西晋兴奥隆建材有限责任公司,822475013,1652161013,山西省忻州市岢岚县岚漪镇安沟村,31B0,144081501,忻州,客服,AC01101,40000.0,山西,108240.0,2020-09-02
山西晋兴奥隆建材有限责任公司,822475013,1652161013,山西省忻州市岢岚县岚漪镇安沟村,31B0,144081501,忻州,客服,AC01101,40000.0,山西,64680.0,2020-09-03
山西晋兴奥隆建材有限责任公司,822475013,1652161013,山西省忻州市岢岚县岚漪镇安沟村,31B0,144081501,忻州,客服,AC01101,40000.0,山西,66000.0,2020-09-04
山西晋兴奥隆建材有限责任公司,822475013,1652161013,山西省忻州市岢岚县岚漪镇安沟村,31B0,144081501,忻州,客服,AC01101,40000.0,山西,38280.0,2020-09-05
山西晋兴奥隆建材有限责任公司,822475013,1652161013,山西省忻州市岢岚县岚漪镇安沟村,31B0,144081501,忻州,客服,AC01101,40000.0,山西,78540.0,2020-09-06
山西晋兴奥隆建材有限责任公司,822475013,1652161013,山西省忻州市岢岚县岚漪镇安沟村,31B0,144081501,忻州,客服,AC01101,40000.0,山西,104940.0,2020-09-07
山西晋兴奥隆建材有限责任公司,822475013,1652161013,山西省忻州市岢岚县岚漪镇安沟村,31B0,144081501,忻州,客服,AC01101,40000.0,山西,106920.0,2020-09-08
山西晋兴奥隆建材有限责任公司,822475013,1652161013,山西省忻州市岢岚县岚漪镇安沟村,31B0,144081501,忻州,客服,AC01101,40000.0,山西,58080.0,2020-09-09
山西晋兴奥隆建材有限责任公司,822475013,1652161013,山西省忻州市岢岚县岚漪镇安沟村,31B0,144081501,忻州,客服,AC01101,40000.0,山西,79200.0,2020-09-10
山西晋兴奥隆建材有限责任公司,822475013,1652161013,山西省忻州市岢岚县岚漪镇安沟村,31B0,144081501,忻州,客服,AC01101,40000.0,山西,93060.0,2020-09-11
山西晋兴奥隆建材有限责任公司,822475013,1652161013,山西省忻州市岢岚县岚漪镇安沟村,31B0,144081501,忻州,客服,AC01101,40000.0,山西,331980.0,2020-09-12
山西晋兴奥隆建材有限责任公司,822475013,1652161013,山西省忻州市岢岚县岚漪镇安沟村,31B0,144081501,忻州,客服,AC01101,40000.0,山西,316140.0,2020-09-13
山西晋兴奥隆建材有限责任公司,822475013,1652161013,山西省忻州市岢岚县岚漪镇安沟村,31B0,144081501,忻州,客服,AC01101,40000.0,山西,307560.0,2020-09-14
山西晋兴奥隆建材有限责任公司,822475013,1652161013,山西省忻州市岢岚县岚漪镇安沟村,31B0,144081501,忻州,客服,AC01101,40000.0,山西,330660.0,2020-09-15
山西晋兴奥隆建材有限责任公司,822475013,1652161013,山西省忻州市岢岚县岚漪镇安沟村,31B0,144081501,忻州,客服,AC01101,40000.0,山西,297000.0,2020-09-16
山西晋兴奥隆建材有限责任公司,822475013,1652161013,山西省忻州市岢岚县岚漪镇安沟村,31B0,144081501,忻州,客服,AC01101,40000.0,山西,317460.0,2020-09-17
山西晋兴奥隆建材有限责任公司,822475013,1652161013,山西省忻州市岢岚县岚漪镇安沟村,31B0,144081501,忻州,客服,AC01101,40000.0,山西,208560.0,2020-09-18
山西晋兴奥隆建材有限责任公司,822475013,1652161013,山西省忻州市岢岚县岚漪镇安沟村,31B0,144081501,忻州,客服,AC01101,40000.0,山西,276540.0,2020-09-19
山西晋兴奥隆建材有限责任公司,822475013,1652161013,山西省忻州市岢岚县岚漪镇安沟村,31B0,144081501,忻州,客服,AC01101,40000.0,山西,314820.0,2020-09-20
山西晋兴奥隆建材有限责任公司,822475013,1652161013,山西省忻州市岢岚县岚漪镇安沟村,31B0,144081501,忻州,客服,AC01101,40000.0,山西,316140.0,2020-09-21
山西晋兴奥隆建材有限责任公司,822475013,1652161013,山西省忻州市岢岚县岚漪镇安沟村,31B0,144081501,忻州,客服,AC01101,40000.0,山西,332640.0,2020-09-22
山西晋兴奥隆建材有限责任公司,822475013,1652161013,山西省忻州市岢岚县岚漪镇安沟村,31B0,144081501,忻州,客服,AC01101,40000.0,山西,325380.0,2020-09-23
山西晋兴奥隆建材有限责任公司,822475013,1652161013,山西省忻州市岢岚县岚漪镇安沟村,31B0,144081501,忻州,客服,AC01101,40000.0,山西,320100.0,2020-09-24
山西晋兴奥隆建材有限责任公司,822475013,1652161013,山西省忻州市岢岚县岚漪镇安沟村,31B0,144081501,忻州,客服,AC01101,40000.0,山西,286440.0,2020-09-25
山西晋兴奥隆建材有限责任公司,822475013,1652161013,山西省忻州市岢岚县岚漪镇安沟村,31B0,144081501,忻州,客服,AC01101,40000.0,山西,337260.0,2020-09-26
山西晋兴奥隆建材有限责任公司,822475013,1652161013,山西省忻州市岢岚县岚漪镇安沟村,31B0,144081501,忻州,客服,AC01101,40000.0,山西,319440.0,2020-09-27
山西晋兴奥隆建材有限责任公司,822475013,1652161013,山西省忻州市岢岚县岚漪镇安沟村,31B0,144081501,忻州,客服,AC01101,40000.0,山西,302940.0,2020-09-28
山西晋兴奥隆建材有限责任公司,822475013,1652161013,山西省忻州市岢岚县岚漪镇安沟村,31B0,144081501,忻州,客服,AC01101,40000.0,山西,297660.0,2020-09-29
山西晋兴奥隆建材有限责任公司,822475013,1652161013,山西省忻州市岢岚县岚漪镇安沟村,31B0,144081501,忻州,客服,AC01101,40000.0,山西,337260.0,2020-09-30
山西晋兴奥隆建材有限责任公司,822475013,1652161013,山西省忻州市岢岚县岚漪镇安沟村,31B0,144081501,忻州,客服,AC01101,40000.0,山西,256740.0,2020-10-01
山西晋兴奥隆建材有限责任公司,822475013,1652161013,山西省忻州市岢岚县岚漪镇安沟村,31B0,144081501,忻州,客服,AC01101,40000.0,山西,291720.0,2020-10-02
山西晋兴奥隆建材有限责任公司,822475013,1652161013,山西省忻州市岢岚县岚漪镇安沟村,31B0,144081501,忻州,客服,AC01101,40000.0,山西,223080.0,2020-10-03
山西晋兴奥隆建材有限责任公司,822475013,1652161013,山西省忻州市岢岚县岚漪镇安沟村,31B0,144081501,忻州,客服,AC01101,40000.0,山西,219780.0,2020-10-04
山西晋兴奥隆建材有限责任公司,822475013,1652161013,山西省忻州市岢岚县岚漪镇安沟村,31B0,144081501,忻州,客服,AC01101,40000.0,山西,312180.0,2020-10-05
山西晋兴奥隆建材有限责任公司,822475013,1652161013,山西省忻州市岢岚县岚漪镇安沟村,31B0,144081501,忻州,客服,AC01101,40000.0,山西,272580.0,2020-10-06
山西晋兴奥隆建材有限责任公司,822475013,1652161013,山西省忻州市岢岚县岚漪镇安沟村,31B0,144081501,忻州,客服,AC01101,40000.0,山西,331980.0,2020-10-07
山西晋兴奥隆建材有限责任公司,822475013,1652161013,山西省忻州市岢岚县岚漪镇安沟村,31B0,144081501,忻州,客服,AC01101,40000.0,山西,359700.0,2020-10-08
山西晋兴奥隆建材有限责任公司,822475013,1652161013,山西省忻州市岢岚县岚漪镇安沟村,31B0,144081501,忻州,客服,AC01101,40000.0,山西,229680.0,2020-10-09
山西晋兴奥隆建材有限责任公司,822475013,1652161013,山西省忻州市岢岚县岚漪镇安沟村,31B0,144081501,忻州,客服,AC01101,40000.0,山西,304260.0,2020-10-10
山西晋兴奥隆建材有限责任公司,822475013,1652161013,山西省忻州市岢岚县岚漪镇安沟村,31B0,144081501,忻州,客服,AC01101,40000.0,山西,331320.0,2020-10-11
山西晋兴奥隆建材有限责任公司,822475013,1652161013,山西省忻州市岢岚县岚漪镇安沟村,31B0,144081501,忻州,客服,AC01101,40000.0,山西,265980.0,2020-10-12
山西晋兴奥隆建材有限责任公司,822475013,1652161013,山西省忻州市岢岚县岚漪镇安沟村,31B0,144081501,忻州,客服,AC01101,40000.0,山西,284460.0,2020-10-13
山西晋兴奥隆建材有限责任公司,822475013,1652161013,山西省忻州市岢岚县岚漪镇安沟村,31B0,144081501,忻州,客服,AC01101,40000.0,山西,317460.0,2020-10-14
山西晋兴奥隆建材有限责任公司,822475013,1652161013,山西省忻州市岢岚县岚漪镇安沟村,31B0,144081501,忻州,客服,AC01101,40000.0,山西,250140.0,2020-10-15
山西晋兴奥隆建材有限责任公司,822475013,1652161013,山西省忻州市岢岚县岚漪镇安沟村,31B0,144081501,忻州,客服,AC01101,40000.0,山西,306900.0,2020-10-16
山西晋兴奥隆建材有限责任公司,822475013,1652161013,山西省忻州市岢岚县岚漪镇安沟村,31B0,144081501,忻州,客服,AC01101,40000.0,山西,255420.0,2020-10-17
山西晋兴奥隆建材有限责任公司,822475013,1652161013,山西省忻州市岢岚县岚漪镇安沟村,31B0,144081501,忻州,客服,AC01101,40000.0,山西,352440.0,2020-10-18
山西晋兴奥隆建材有限责任公司,822475013,1652161013,山西省忻州市岢岚县岚漪镇安沟村,31B0,144081501,忻州,客服,AC01101,40000.0,山西,324060.0,2020-10-19
山西晋兴奥隆建材有限责任公司,822475013,1652161013,山西省忻州市岢岚县岚漪镇安沟村,31B0,144081501,忻州,客服,AC01101,40000.0,山西,298320.0,2020-10-20
山西晋兴奥隆建材有限责任公司,822475013,1652161013,山西省忻州市岢岚县岚漪镇安沟村,31B0,144081501,忻州,客服,AC01101,40000.0,山西,302940.0,2020-10-21
山西晋兴奥隆建材有限责任公司,822475013,1652161013,山西省忻州市岢岚县岚漪镇安沟村,31B0,144081501,忻州,客服,AC01101,40000.0,山西,246840.0,2020-10-22
山西晋兴奥隆建材有限责任公司,822475013,1652161013,山西省忻州市岢岚县岚漪镇安沟村,31B0,144081501,忻州,客服,AC01101,40000.0,山西,285120.0,2020-10-23
山西晋兴奥隆建材有限责任公司,822475013,1652161013,山西省忻州市岢岚县岚漪镇安沟村,31B0,144081501,忻州,客服,AC01101,40000.0,山西,326700.0,2020-10-24
山西晋兴奥隆建材有限责任公司,822475013,1652161013,山西省忻州市岢岚县岚漪镇安沟村,31B0,144081501,忻州,客服,AC01101,40000.0,山西,297000.0,2020-10-25
山西晋兴奥隆建材有限责任公司,822475013,1652161013,山西省忻州市岢岚县岚漪镇安沟村,31B0,144081501,忻州,客服,AC01101,40000.0,山西,334620.0,2020-10-26
山西晋兴奥隆建材有限责任公司,822475013,1652161013,山西省忻州市岢岚县岚漪镇安沟村,31B0,144081501,忻州,客服,AC01101,40000.0,山西,293040.0,2020-10-27
山西晋兴奥隆建材有限责任公司,822475013,1652161013,山西省忻州市岢岚县岚漪镇安沟村,31B0,144081501,忻州,客服,AC01101,40000.0,山西,307560.0,2020-10-28
山西晋兴奥隆建材有限责任公司,822475013,1652161013,山西省忻州市岢岚县岚漪镇安沟村,31B0,144081501,忻州,客服,AC01101,40000.0,山西,340560.0,2020-10-29
山西晋兴奥隆建材有限责任公司,822475013,1652161013,山西省忻州市岢岚县岚漪镇安沟村,31B0,144081501,忻州,客服,AC01101,40000.0,山西,365640.0,2020-10-30
山西晋兴奥隆建材有限责任公司,822475013,1652161013,山西省忻州市岢岚县岚漪镇安沟村,31B0,144081501,忻州,客服,AC01101,40000.0,山西,354420.0,2020-10-31
山西晋兴奥隆建材有限责任公司,822475013,1652161013,山西省忻州市岢岚县岚漪镇安沟村,31B0,144081501,忻州,客服,AC01101,40000.0,山西,347820.0,2020-11-01
山西晋兴奥隆建材有限责任公司,822475013,1652161013,山西省忻州市岢岚县岚漪镇安沟村,31B0,144081501,忻州,客服,AC01101,40000.0,山西,341220.0,2020-11-02
山西晋兴奥隆建材有限责任公司,822475013,1652161013,山西省忻州市岢岚县岚漪镇安沟村,31B0,144081501,忻州,客服,AC01101,40000.0,山西,377520.0,2020-11-03
山西晋兴奥隆建材有限责任公司,822475013,1652161013,山西省忻州市岢岚县岚漪镇安沟村,31B0,144081501,忻州,客服,AC01101,40000.0,山西,322740.0,2020-11-04
山西晋兴奥隆建材有限责任公司,822475013,1652161013,山西省忻州市岢岚县岚漪镇安沟村,31B0,144081501,忻州,客服,AC01101,40000.0,山西,287760.0,2020-11-05
山西晋兴奥隆建材有限责任公司,822475013,1652161013,山西省忻州市岢岚县岚漪镇安沟村,31B0,144081501,忻州,客服,AC01101,40000.0,山西,291060.0,2020-11-06
山西晋兴奥隆建材有限责任公司,822475013,1652161013,山西省忻州市岢岚县岚漪镇安沟村,31B0,144081501,忻州,客服,AC01101,40000.0,山西,331980.0,2020-11-07
山西晋兴奥隆建材有限责任公司,822475013,1652161013,山西省忻州市岢岚县岚漪镇安沟村,31B0,144081501,忻州,客服,AC01101,40000.0,山西,269280.0,2020-11-08
山西晋兴奥隆建材有限责任公司,822475013,1652161013,山西省忻州市岢岚县岚漪镇安沟村,31B0,144081501,忻州,客服,AC01101,40000.0,山西,365640.0,2020-11-09
山西晋兴奥隆建材有限责任公司,822475013,1652161013,山西省忻州市岢岚县岚漪镇安沟村,31B0,144081501,忻州,客服,AC01101,40000.0,山西,270600.0,2020-11-10
山西晋兴奥隆建材有限责任公司,822475013,1652161013,山西省忻州市岢岚县岚漪镇安沟村,31B0,144081501,忻州,客服,AC01101,40000.0,山西,192060.0,2020-11-11
山西晋兴奥隆建材有限责任公司,822475013,1652161013,山西省忻州市岢岚县岚漪镇安沟村,31B0,144081501,忻州,客服,AC01101,40000.0,山西,82500.0,2020-11-12
山西晋兴奥隆建材有限责任公司,822475013,1652161013,山西省忻州市岢岚县岚漪镇安沟村,31B0,144081501,忻州,客服,AC01101,40000.0,山西,58080.0,2020-11-13
山西晋兴奥隆建材有限责任公司,822475013,1652161013,山西省忻州市岢岚县岚漪镇安沟村,31B0,144081501,忻州,客服,AC01101,40000.0,山西,31020.0,2020-11-14
山西晋兴奥隆建材有限责任公司,822475013,1652161013,山西省忻州市岢岚县岚漪镇安沟村,31B0,144081501,忻州,客服,AC01101,40000.0,山西,73260.0,2020-11-15
山西晋兴奥隆建材有限责任公司,822475013,1652161013,山西省忻州市岢岚县岚漪镇安沟村,31B0,144081501,忻州,客服,AC01101,40000.0,山西,104940.0,2020-11-16
山西晋兴奥隆建材有限责任公司,822475013,1652161013,山西省忻州市岢岚县岚漪镇安沟村,31B0,144081501,忻州,客服,AC01101,40000.0,山西,34980.0,2020-11-17
山西晋兴奥隆建材有限责任公司,822475013,1652161013,山西省忻州市岢岚县岚漪镇安沟村,31B0,144081501,忻州,客服,AC01101,40000.0,山西,189420.0,2020-11-18
山西晋兴奥隆建材有限责任公司,822475013,1652161013,山西省忻州市岢岚县岚漪镇安沟村,31B0,144081501,忻州,客服,AC01101,40000.0,山西,304920.0,2020-11-19
山西晋兴奥隆建材有限责任公司,822475013,1652161013,山西省忻州市岢岚县岚漪镇安沟村,31B0,144081501,忻州,客服,AC01101,40000.0,山西,234960.0,2020-11-20
山西晋兴奥隆建材有限责任公司,822475013,1652161013,山西省忻州市岢岚县岚漪镇安沟村,31B0,144081501,忻州,客服,AC01101,40000.0,山西,244200.0,2020-11-21
山西晋兴奥隆建材有限责任公司,822475013,1652161013,山西省忻州市岢岚县岚漪镇安沟村,31B0,144081501,忻州,客服,AC01101,40000.0,山西,221100.0,2020-11-22
山西晋兴奥隆建材有限责任公司,822475013,1652161013,山西省忻州市岢岚县岚漪镇安沟村,31B0,144081501,忻州,客服,AC01101,40000.0,山西,276540.0,2020-11-23
山西晋兴奥隆建材有限责任公司,822475013,1652161013,山西省忻州市岢岚县岚漪镇安沟村,31B0,144081501,忻州,客服,AC01101,40000.0,山西,347160.0,2020-11-24
山西晋兴奥隆建材有限责任公司,822475013,1652161013,山西省忻州市岢岚县岚漪镇安沟村,31B0,144081501,忻州,客服,AC01101,40000.0,山西,242880.0,2020-11-25
山西晋兴奥隆建材有限责任公司,822475013,1652161013,山西省忻州市岢岚县岚漪镇安沟村,31B0,144081501,忻州,客服,AC01101,40000.0,山西,256740.0,2020-11-26
山西晋兴奥隆建材有限责任公司,822475013,1652161013,山西省忻州市岢岚县岚漪镇安沟村,31B0,144081501,忻州,客服,AC01101,40000.0,山西,243540.0,2020-11-27
山西晋兴奥隆建材有限责任公司,822475013,1652161013,山西省忻州市岢岚县岚漪镇安沟村,31B0,144081501,忻州,客服,AC01101,40000.0,山西,230340.0,2020-11-28
山西晋兴奥隆建材有限责任公司,822475013,1652161013,山西省忻州市岢岚县岚漪镇安沟村,31B0,144081501,忻州,客服,AC01101,40000.0,山西,229680.0,2020-11-29
山西晋兴奥隆建材有限责任公司,822475013,1652161013,山西省忻州市岢岚县岚漪镇安沟村,31B0,144081501,忻州,客服,AC01101,40000.0,山西,296340.0,2020-11-30
山西晋兴奥隆建材有限责任公司,822475013,1652161013,山西省忻州市岢岚县岚漪镇安沟村,31B0,144081501,忻州,客服,AC01101,40000.0,山西,332640.0,2020-12-01
山西晋兴奥隆建材有限责任公司,822475013,1652161013,山西省忻州市岢岚县岚漪镇安沟村,31B0,144081501,忻州,客服,AC01101,40000.0,山西,254100.0,2020-12-02
山西晋兴奥隆建材有限责任公司,822475013,1652161013,山西省忻州市岢岚县岚漪镇安沟村,31B0,144081501,忻州,客服,AC01101,40000.0,山西,274560.0,2020-12-03
山西晋兴奥隆建材有限责任公司,822475013,1652161013,山西省忻州市岢岚县岚漪镇安沟村,31B0,144081501,忻州,客服,AC01101,40000.0,山西,252120.0,2020-12-04
山西晋兴奥隆建材有限责任公司,822475013,1652161013,山西省忻州市岢岚县岚漪镇安沟村,31B0,144081501,忻州,客服,AC01101,40000.0,山西,231660.03,2020-12-05
山西晋兴奥隆建材有限责任公司,822475013,1652161013,山西省忻州市岢岚县岚漪镇安沟村,31B0,144081501,忻州,客服,AC01101,40000.0,山西,264660.03,2020-12-06
山西晋兴奥隆建材有限责任公司,822475013,1652161013,山西省忻州市岢岚县岚漪镇安沟村,31B0,144081501,忻州,客服,AC01101,40000.0,山西,270600.0,2020-12-07
山西晋兴奥隆建材有限责任公司,822475013,1652161013,山西省忻州市岢岚县岚漪镇安沟村,31B0,144081501,忻州,客服,AC01101,40000.0,山西,260040.0,2020-12-08
大同市云中水泥有限责任公司,300028719,6675496,山西省大同市南郊区口泉乡上窝寨村周家店第50号,31B0,144030217,大同,客服,AC00351,10350.0,山西,17360.0,2020-07-15
大同市云中水泥有限责任公司,315961791,1179957377,山西省大同市南郊区口泉乡上窝寨村42号,31B0,144030217,大同,客服,AC00351,25050.0,山西,292740.0,2020-07-16
大同市云中水泥有限责任公司,315961791,1179957377,山西省大同市南郊区口泉乡上窝寨村42号,31B0,144030217,大同,客服,AC00351,25050.0,山西,283500.0,2020-07-17
大同市云中水泥有限责任公司,315961791,1179957377,山西省大同市南郊区口泉乡上窝寨村42号,31B0,144030217,大同,客服,AC00351,25050.0,山西,168840.0,2020-08-23
大同市云中水泥有限责任公司,315961791,1179957377,山西省大同市南郊区口泉乡上窝寨村42号,31B0,144030217,大同,客服,AC00351,25050.0,山西,332640.0,2020-08-24
大同市云中水泥有限责任公司,300028719,6675496,山西省大同市南郊区口泉乡上窝寨村周家店第50号,31B0,144030217,大同,客服,AC00351,10350.0,山西,10220.0,2020-08-24
大同市云中水泥有限责任公司,300028719,6675496,山西省大同市南郊区口泉乡上窝寨村周家店第50号,31B0,144030217,大同,客服,AC00351,10350.0,山西,20300.0,2020-08-27
大同市云中水泥有限责任公司,315961791,1179957377,山西省大同市南郊区口泉乡上窝寨村42号,31B0,144030217,大同,客服,AC00351,25050.0,山西,265020.0,2020-08-27
大同市云中水泥有限责任公司,300028719,6675496,山西省大同市南郊区口泉乡上窝寨村周家店第50号,31B0,144030217,大同,客服,AC00351,10350.0,山西,21700.0,2020-08-30
大同市云中水泥有限责任公司,315961791,1179957377,山西省大同市南郊区口泉乡上窝寨村42号,31B0,144030217,大同,客服,AC00351,25050.0,山西,180600.0,2020-08-31
大同市云中水泥有限责任公司,300028719,6675496,山西省大同市南郊区口泉乡上窝寨村周家店第50号,31B0,144030217,大同,客服,AC00351,10350.0,山西,12740.0,2020-08-31
大同市云中水泥有限责任公司,300028719,6675496,山西省大同市南郊区口泉乡上窝寨村周家店第50号,31B0,144030217,大同,客服,AC00351,10350.0,山西,16520.0,2020-09-01
大同市云中水泥有限责任公司,300028719,6675496,山西省大同市南郊区口泉乡上窝寨村周家店第50号,31B0,144030217,大同,客服,AC00351,10350.0,山西,16380.0,2020-09-02
大同市云中水泥有限责任公司,315961791,1179957377,山西省大同市南郊区口泉乡上窝寨村42号,31B0,144030217,大同,客服,AC00351,25050.0,山西,328020.0,2020-09-06
大同市云中水泥有限责任公司,300028719,6675496,山西省大同市南郊区口泉乡上窝寨村周家店第50号,31B0,144030217,大同,客服,AC00351,10350.0,山西,19040.0,2020-09-06
大同市云中水泥有限责任公司,300028719,6675496,山西省大同市南郊区口泉乡上窝寨村周家店第50号,31B0,144030217,大同,客服,AC00351,10350.0,山西,16100.0,2020-09-07
大同市云中水泥有限责任公司,315961791,1179957377,山西省大同市南郊区口泉乡上窝寨村42号,31B0,144030217,大同,客服,AC00351,25050.0,山西,334740.0,2020-09-07
大同市云中水泥有限责任公司,315961791,1179957377,山西省大同市南郊区口泉乡上窝寨村42号,31B0,144030217,大同,客服,AC00351,25050.0,山西,286860.0,2020-09-25
大同市云中水泥有限责任公司,315961791,1179957377,山西省大同市南郊区口泉乡上窝寨村42号,31B0,144030217,大同,客服,AC00351,25050.0,山西,220920.0,2020-09-09
大同市云中水泥有限责任公司,300028719,6675496,山西省大同市南郊区口泉乡上窝寨村周家店第50号,31B0,144030217,大同,客服,AC00351,10350.0,山西,14840.0,2020-09-09
大同市云中水泥有限责任公司,300028719,6675496,山西省大同市南郊区口泉乡上窝寨村周家店第50号,31B0,144030217,大同,客服,AC00351,10350.0,山西,18620.0,2020-09-10
大同市云中水泥有限责任公司,300028719,6675496,山西省大同市南郊区口泉乡上窝寨村周家店第50号,31B0,144030217,大同,客服,AC00351,10350.0,山西,17920.0,2020-09-11
大同市云中水泥有限责任公司,315961791,1179957377,山西省大同市南郊区口泉乡上窝寨村42号,31B0,144030217,大同,客服,AC00351,25050.0,山西,186900.0,2020-09-11
大同市云中水泥有限责任公司,300028719,6675496,山西省大同市南郊区口泉乡上窝寨村周家店第50号,31B0,144030217,大同,客服,AC00351,10350.0,山西,16240.0,2020-09-13
大同市云中水泥有限责任公司,315961791,1179957377,山西省大同市南郊区口泉乡上窝寨村42号,31B0,144030217,大同,客服,AC00351,25050.0,山西,338520.0,2020-09-17
大同市云中水泥有限责任公司,315961791,1179957377,山西省大同市南郊区口泉乡上窝寨村42号,31B0,144030217,大同,客服,AC00351,25050.0,山西,228060.0,2020-09-18
大同市云中水泥有限责任公司,300028719,6675496,山西省大同市南郊区口泉乡上窝寨村周家店第50号,31B0,144030217,大同,客服,AC00351,10350.0,山西,16940.0,2020-09-22
大同市云中水泥有限责任公司,315961791,1179957377,山西省大同市南郊区口泉乡上窝寨村42号,31B0,144030217,大同,客服,AC00351,25050.0,山西,330120.0,2020-09-23
大同市云中水泥有限责任公司,300028719,6675496,山西省大同市南郊区口泉乡上窝寨村周家店第50号,31B0,144030217,大同,客服,AC00351,10350.0,山西,10780.0,2020-09-25
大同市云中水泥有限责任公司,300028719,6675496,山西省大同市南郊区口泉乡上窝寨村周家店第50号,31B0,144030217,大同,客服,AC00351,10350.0,山西,10500.0,2020-09-26
大同市云中水泥有限责任公司,315961791,1179957377,山西省大同市南郊区口泉乡上窝寨村42号,31B0,144030217,大同,客服,AC00351,25050.0,山西,169680.0,2020-09-26
大同市云中水泥有限责任公司,315961791,1179957377,山西省大同市南郊区口泉乡上窝寨村42号,31B0,144030217,大同,客服,AC00351,25050.0,山西,381780.0,2020-10-02
大同市云中水泥有限责任公司,315961791,1179957377,山西省大同市南郊区口泉乡上窝寨村42号,31B0,144030217,大同,客服,AC00351,25050.0,山西,320880.0,2020-10-03
大同市云中水泥有限责任公司,300028719,6675496,山西省大同市南郊区口泉乡上窝寨村周家店第50号,31B0,144030217,大同,客服,AC00351,10350.0,山西,16660.0,2020-10-04
大同市云中水泥有限责任公司,315961791,1179957377,山西省大同市南郊区口泉乡上窝寨村42号,31B0,144030217,大同,客服,AC00351,25050.0,山西,357420.0,2020-10-05
大同市云中水泥有限责任公司,315961791,1179957377,山西省大同市南郊区口泉乡上窝寨村42号,31B0,144030217,大同,客服,AC00351,25050.0,山西,328020.0,2020-10-12
大同市云中水泥有限责任公司,300028719,6675496,山西省大同市南郊区口泉乡上窝寨村周家店第50号,31B0,144030217,大同,客服,AC00351,10350.0,山西,18760.0,2020-10-12
大同市云中水泥有限责任公司,315961791,1179957377,山西省大同市南郊区口泉乡上窝寨村42号,31B0,144030217,大同,客服,AC00351,25050.0,山西,324660.0,2020-10-24
大同市云中水泥有限责任公司,300028719,6675496,山西省大同市南郊区口泉乡上窝寨村周家店第50号,31B0,144030217,大同,客服,AC00351,10350.0,山西,7980.0,2020-10-29
大同市云中水泥有限责任公司,315961791,1179957377,山西省大同市南郊区口泉乡上窝寨村42号,31B0,144030217,大同,客服,AC00351,25050.0,山西,319620.0,2020-10-30
大同市云中水泥有限责任公司,315961791,1179957377,山西省大同市南郊区口泉乡上窝寨村42号,31B0,144030217,大同,客服,AC00351,25050.0,山西,325500.0,2020-10-31
大同市云中水泥有限责任公司,300028719,6675496,山西省大同市南郊区口泉乡上窝寨村周家店第50号,31B0,144030217,大同,客服,AC00351,10350.0,山西,7980.0,2020-11-01
大同市云中水泥有限责任公司,315961791,1179957377,山西省大同市南郊区口泉乡上窝寨村42号,31B0,144030217,大同,客服,AC00351,25050.0,山西,323820.0,2020-11-02
大同市云中水泥有限责任公司,315961791,1179957377,山西省大同市南郊区口泉乡上窝寨村42号,31B0,144030217,大同,客服,AC00351,25050.0,山西,174300.0,2020-11-03
大同市云中水泥有限责任公司,300028719,6675496,山西省大同市南郊区口泉乡上窝寨村周家店第50号,31B0,144030217,大同,客服,AC00351,10350.0,山西,18340.0,2020-11-12
大同市云中水泥有限责任公司,300028719,6675496,山西省大同市南郊区口泉乡上窝寨村周家店第50号,31B0,144030217,大同,客服,AC00351,10350.0,山西,16100.0,2020-11-16
大同市云中水泥有限责任公司,315961791,1179957377,山西省大同市南郊区口泉乡上窝寨村42号,31B0,144030217,大同,客服,AC00351,25050.0,山西,330960.0,2020-11-16
大同市云中水泥有限责任公司,300028719,6675496,山西省大同市南郊区口泉乡上窝寨村周家店第50号,31B0,144030217,大同,客服,AC00351,10350.0,山西,18620.0,2020-11-17
大同市云中水泥有限责任公司,300028719,6675496,山西省大同市南郊区口泉乡上窝寨村周家店第50号,31B0,144030217,大同,客服,AC00351,10350.0,山西,10640.0,2020-11-18
大同市云中水泥有限责任公司,315961791,1179957377,山西省大同市南郊区口泉乡上窝寨村42号,31B0,144030217,大同,客服,AC00351,25050.0,山西,238560.0,2020-07-04
大同市云中水泥有限责任公司,300028719,6675496,山西省大同市南郊区口泉乡上窝寨村周家店第50号,31B0,144030217,大同,客服,AC00351,10350.0,山西,14140.0,2020-07-01
大同市云中水泥有限责任公司,315961791,1179957377,山西省大同市南郊区口泉乡上窝寨村42号,31B0,144030217,大同,客服,AC00351,25050.0,山西,187320.0,2020-07-01
大同市云中水泥有限责任公司,300028719,6675496,山西省大同市南郊区口泉乡上窝寨村周家店第50号,31B0,144030217,大同,客服,AC00351,10350.0,山西,21000.0,2020-07-02
大同市云中水泥有限责任公司,315961791,1179957377,山西省大同市南郊区口泉乡上窝寨村42号,31B0,144030217,大同,客服,AC00351,25050.0,山西,280140.0,2020-07-02
大同市云中水泥有限责任公司,315961791,1179957377,山西省大同市南郊区口泉乡上窝寨村42号,31B0,144030217,大同,客服,AC00351,25050.0,山西,330120.0,2020-07-03
大同市云中水泥有限责任公司,300028719,6675496,山西省大同市南郊区口泉乡上窝寨村周家店第50号,31B0,144030217,大同,客服,AC00351,10350.0,山西,22820.0,2020-07-03
大同市云中水泥有限责任公司,300028719,6675496,山西省大同市南郊区口泉乡上窝寨村周家店第50号,31B0,144030217,大同,客服,AC00351,10350.0,山西,22820.0,2020-07-04
大同市云中水泥有限责任公司,315961791,1179957377,山西省大同市南郊区口泉乡上窝寨村42号,31B0,144030217,大同,客服,AC00351,25050.0,山西,86520.0,2020-07-09
大同市云中水泥有限责任公司,300028719,6675496,山西省大同市南郊区口泉乡上窝寨村周家店第50号,31B0,144030217,大同,客服,AC00351,10350.0,山西,20720.0,2020-07-05
大同市云中水泥有限责任公司,315961791,1179957377,山西省大同市南郊区口泉乡上窝寨村42号,31B0,144030217,大同,客服,AC00351,25050.0,山西,170940.0,2020-07-05
大同市云中水泥有限责任公司,300028719,6675496,山西省大同市南郊区口泉乡上窝寨村周家店第50号,31B0,144030217,大同,客服,AC00351,10350.0,山西,22960.0,2020-07-06
大同市云中水泥有限责任公司,315961791,1179957377,山西省大同市南郊区口泉乡上窝寨村42号,31B0,144030217,大同,客服,AC00351,25050.0,山西,160860.0,2020-07-06
大同市云中水泥有限责任公司,315961791,1179957377,山西省大同市南郊区口泉乡上窝寨村42号,31B0,144030217,大同,客服,AC00351,25050.0,山西,163380.0,2020-07-07
大同市云中水泥有限责任公司,300028719,6675496,山西省大同市南郊区口泉乡上窝寨村周家店第50号,31B0,144030217,大同,客服,AC00351,10350.0,山西,22820.0,2020-07-07
大同市云中水泥有限责任公司,300028719,6675496,山西省大同市南郊区口泉乡上窝寨村周家店第50号,31B0,144030217,大同,客服,AC00351,10350.0,山西,22260.0,2020-07-08
大同市云中水泥有限责任公司,315961791,1179957377,山西省大同市南郊区口泉乡上窝寨村42号,31B0,144030217,大同,客服,AC00351,25050.0,山西,136500.0,2020-07-08
大同市云中水泥有限责任公司,300028719,6675496,山西省大同市南郊区口泉乡上窝寨村周家店第50号,31B0,144030217,大同,客服,AC00351,10350.0,山西,17780.0,2020-07-09
大同市云中水泥有限责任公司,315961791,1179957377,山西省大同市南郊区口泉乡上窝寨村42号,31B0,144030217,大同,客服,AC00351,25050.0,山西,191520.0,2020-07-10
大同市云中水泥有限责任公司,300028719,6675496,山西省大同市南郊区口泉乡上窝寨村周家店第50号,31B0,144030217,大同,客服,AC00351,10350.0,山西,17500.0,2020-07-10
大同市云中水泥有限责任公司,300028719,6675496,山西省大同市南郊区口泉乡上窝寨村周家店第50号,31B0,144030217,大同,客服,AC00351,10350.0,山西,21280.0,2020-07-11
大同市云中水泥有限责任公司,315961791,1179957377,山西省大同市南郊区口泉乡上窝寨村42号,31B0,144030217,大同,客服,AC00351,25050.0,山西,179340.0,2020-07-11
大同市云中水泥有限责任公司,300028719,6675496,山西省大同市南郊区口泉乡上窝寨村周家店第50号,31B0,144030217,大同,客服,AC00351,10350.0,山西,8820.0,2020-07-12
大同市云中水泥有限责任公司,315961791,1179957377,山西省大同市南郊区口泉乡上窝寨村42号,31B0,144030217,大同,客服,AC00351,25050.0,山西,175140.0,2020-07-12
大同市云中水泥有限责任公司,300028719,6675496,山西省大同市南郊区口泉乡上窝寨村周家店第50号,31B0,144030217,大同,客服,AC00351,10350.0,山西,10500.0,2020-07-13
大同市云中水泥有限责任公司,315961791,1179957377,山西省大同市南郊区口泉乡上窝寨村42号,31B0,144030217,大同,客服,AC00351,25050.0,山西,181440.0,2020-07-13
大同市云中水泥有限责任公司,300028719,6675496,山西省大同市南郊区口泉乡上窝寨村周家店第50号,31B0,144030217,大同,客服,AC00351,10350.0,山西,14420.0,2020-07-14
大同市云中水泥有限责任公司,315961791,1179957377,山西省大同市南郊区口泉乡上窝寨村42号,31B0,144030217,大同,客服,AC00351,25050.0,山西,183540.0,2020-07-14
大同市云中水泥有限责任公司,315961791,1179957377,山西省大同市南郊区口泉乡上窝寨村42号,31B0,144030217,大同,客服,AC00351,25050.0,山西,194880.0,2020-07-15
大同市云中水泥有限责任公司,300028719,6675496,山西省大同市南郊区口泉乡上窝寨村周家店第50号,31B0,144030217,大同,客服,AC00351,10350.0,山西,18900.0,2020-07-16
大同市云中水泥有限责任公司,300028719,6675496,山西省大同市南郊区口泉乡上窝寨村周家店第50号,31B0,144030217,大同,客服,AC00351,10350.0,山西,12040.0,2020-07-17
大同市云中水泥有限责任公司,315961791,1179957377,山西省大同市南郊区口泉乡上窝寨村42号,31B0,144030217,大同,客服,AC00351,25050.0,山西,318360.0,2020-07-18
大同市云中水泥有限责任公司,300028719,6675496,山西省大同市南郊区口泉乡上窝寨村周家店第50号,31B0,144030217,大同,客服,AC00351,10350.0,山西,15960.0,2020-07-18
大同市云中水泥有限责任公司,315961791,1179957377,山西省大同市南郊区口泉乡上窝寨村42号,31B0,144030217,大同,客服,AC00351,25050.0,山西,328860.0,2020-07-19
大同市云中水泥有限责任公司,300028719,6675496,山西省大同市南郊区口泉乡上窝寨村周家店第50号,31B0,144030217,大同,客服,AC00351,10350.0,山西,23100.0,2020-07-19
大同市云中水泥有限责任公司,315961791,1179957377,山西省大同市南郊区口泉乡上窝寨村42号,31B0,144030217,大同,客服,AC00351,25050.0,山西,327600.0,2020-07-20
大同市云中水泥有限责任公司,300028719,6675496,山西省大同市南郊区口泉乡上窝寨村周家店第50号,31B0,144030217,大同,客服,AC00351,10350.0,山西,21280.0,2020-07-20
大同市云中水泥有限责任公司,315961791,1179957377,山西省大同市南郊区口泉乡上窝寨村42号,31B0,144030217,大同,客服,AC00351,25050.0,山西,308280.0,2020-07-21
大同市云中水泥有限责任公司,300028719,6675496,山西省大同市南郊区口泉乡上窝寨村周家店第50号,31B0,144030217,大同,客服,AC00351,10350.0,山西,17220.0,2020-07-21
大同市云中水泥有限责任公司,300028719,6675496,山西省大同市南郊区口泉乡上窝寨村周家店第50号,31B0,144030217,大同,客服,AC00351,10350.0,山西,19600.0,2020-07-22
大同市云中水泥有限责任公司,315961791,1179957377,山西省大同市南郊区口泉乡上窝寨村42号,31B0,144030217,大同,客服,AC00351,25050.0,山西,329280.0,2020-07-22
大同市云中水泥有限责任公司,300028719,6675496,山西省大同市南郊区口泉乡上窝寨村周家店第50号,31B0,144030217,大同,客服,AC00351,10350.0,山西,24500.0,2020-07-23
大同市云中水泥有限责任公司,315961791,1179957377,山西省大同市南郊区口泉乡上窝寨村42号,31B0,144030217,大同,客服,AC00351,25050.0,山西,330960.0,2020-07-23
大同市云中水泥有限责任公司,300028719,6675496,山西省大同市南郊区口泉乡上窝寨村周家店第50号,31B0,144030217,大同,客服,AC00351,10350.0,山西,25060.0,2020-07-24
大同市云中水泥有限责任公司,315961791,1179957377,山西省大同市南郊区口泉乡上窝寨村42号,31B0,144030217,大同,客服,AC00351,25050.0,山西,322560.0,2020-07-24
大同市云中水泥有限责任公司,315961791,1179957377,山西省大同市南郊区口泉乡上窝寨村42号,31B0,144030217,大同,客服,AC00351,25050.0,山西,332220.0,2020-07-25
大同市云中水泥有限责任公司,300028719,6675496,山西省大同市南郊区口泉乡上窝寨村周家店第50号,31B0,144030217,大同,客服,AC00351,10350.0,山西,23380.0,2020-07-25
大同市云中水泥有限责任公司,300028719,6675496,山西省大同市南郊区口泉乡上窝寨村周家店第50号,31B0,144030217,大同,客服,AC00351,10350.0,山西,19600.0,2020-07-26
大同市云中水泥有限责任公司,315961791,1179957377,山西省大同市南郊区口泉乡上窝寨村42号,31B0,144030217,大同,客服,AC00351,25050.0,山西,328860.0,2020-07-26
大同市云中水泥有限责任公司,300028719,6675496,山西省大同市南郊区口泉乡上窝寨村周家店第50号,31B0,144030217,大同,客服,AC00351,10350.0,山西,19740.0,2020-07-27
大同市云中水泥有限责任公司,315961791,1179957377,山西省大同市南郊区口泉乡上窝寨村42号,31B0,144030217,大同,客服,AC00351,25050.0,山西,222180.0,2020-07-27
大同市云中水泥有限责任公司,315961791,1179957377,山西省大同市南郊区口泉乡上窝寨村42号,31B0,144030217,大同,客服,AC00351,25050.0,山西,194880.0,2020-07-28
大同市云中水泥有限责任公司,300028719,6675496,山西省大同市南郊区口泉乡上窝寨村周家店第50号,31B0,144030217,大同,客服,AC00351,10350.0,山西,20440.0,2020-07-28
大同市云中水泥有限责任公司,315961791,1179957377,山西省大同市南郊区口泉乡上窝寨村42号,31B0,144030217,大同,客服,AC00351,25050.0,山西,250740.0,2020-07-29
大同市云中水泥有限责任公司,300028719,6675496,山西省大同市南郊区口泉乡上窝寨村周家店第50号,31B0,144030217,大同,客服,AC00351,10350.0,山西,20160.0,2020-07-29
大同市云中水泥有限责任公司,300028719,6675496,山西省大同市南郊区口泉乡上窝寨村周家店第50号,31B0,144030217,大同,客服,AC00351,10350.0,山西,20860.0,2020-07-30
大同市云中水泥有限责任公司,315961791,1179957377,山西省大同市南郊区口泉乡上窝寨村42号,31B0,144030217,大同,客服,AC00351,25050.0,山西,208740.0,2020-07-30
大同市云中水泥有限责任公司,300028719,6675496,山西省大同市南郊区口泉乡上窝寨村周家店第50号,31B0,144030217,大同,客服,AC00351,10350.0,山西,13440.0,2020-07-31
大同市云中水泥有限责任公司,315961791,1179957377,山西省大同市南郊区口泉乡上窝寨村42号,31B0,144030217,大同,客服,AC00351,25050.0,山西,330120.0,2020-07-31
大同市云中水泥有限责任公司,315961791,1179957377,山西省大同市南郊区口泉乡上窝寨村42号,31B0,144030217,大同,客服,AC00351,25050.0,山西,260400.0,2020-08-01
大同市云中水泥有限责任公司,300028719,6675496,山西省大同市南郊区口泉乡上窝寨村周家店第50号,31B0,144030217,大同,客服,AC00351,10350.0,山西,15820.0,2020-08-01
大同市云中水泥有限责任公司,315961791,1179957377,山西省大同市南郊区口泉乡上窝寨村42号,31B0,144030217,大同,客服,AC00351,25050.0,山西,325920.0,2020-08-02
大同市云中水泥有限责任公司,300028719,6675496,山西省大同市南郊区口泉乡上窝寨村周家店第50号,31B0,144030217,大同,客服,AC00351,10350.0,山西,16520.0,2020-08-02
大同市云中水泥有限责任公司,300028719,6675496,山西省大同市南郊区口泉乡上窝寨村周家店第50号,31B0,144030217,大同,客服,AC00351,10350.0,山西,20860.0,2020-08-03
大同市云中水泥有限责任公司,315961791,1179957377,山西省大同市南郊区口泉乡上窝寨村42号,31B0,144030217,大同,客服,AC00351,25050.0,山西,192780.0,2020-08-03
大同市云中水泥有限责任公司,315961791,1179957377,山西省大同市南郊区口泉乡上窝寨村42号,31B0,144030217,大同,客服,AC00351,25050.0,山西,186900.0,2020-08-04
大同市云中水泥有限责任公司,300028719,6675496,山西省大同市南郊区口泉乡上窝寨村周家店第50号,31B0,144030217,大同,客服,AC00351,10350.0,山西,15960.0,2020-08-04
大同市云中水泥有限责任公司,300028719,6675496,山西省大同市南郊区口泉乡上窝寨村周家店第50号,31B0,144030217,大同,客服,AC00351,10350.0,山西,17360.0,2020-08-05
大同市云中水泥有限责任公司,315961791,1179957377,山西省大同市南郊区口泉乡上窝寨村42号,31B0,144030217,大同,客服,AC00351,25050.0,山西,323400.0,2020-08-05
大同市云中水泥有限责任公司,300028719,6675496,山西省大同市南郊区口泉乡上窝寨村周家店第50号,31B0,144030217,大同,客服,AC00351,10350.0,山西,18900.0,2020-08-06
大同市云中水泥有限责任公司,315961791,1179957377,山西省大同市南郊区口泉乡上窝寨村42号,31B0,144030217,大同,客服,AC00351,25050.0,山西,219660.0,2020-08-06
大同市云中水泥有限责任公司,315961791,1179957377,山西省大同市南郊区口泉乡上窝寨村42号,31B0,144030217,大同,客服,AC00351,25050.0,山西,181860.0,2020-08-07
大同市云中水泥有限责任公司,300028719,6675496,山西省大同市南郊区口泉乡上窝寨村周家店第50号,31B0,144030217,大同,客服,AC00351,10350.0,山西,22120.0,2020-08-07
大同市云中水泥有限责任公司,300028719,6675496,山西省大同市南郊区口泉乡上窝寨村周家店第50号,31B0,144030217,大同,客服,AC00351,10350.0,山西,18340.0,2020-08-08
大同市云中水泥有限责任公司,315961791,1179957377,山西省大同市南郊区口泉乡上窝寨村42号,31B0,144030217,大同,客服,AC00351,25050.0,山西,183540.0,2020-08-08
大同市云中水泥有限责任公司,315961791,1179957377,山西省大同市南郊区口泉乡上窝寨村42号,31B0,144030217,大同,客服,AC00351,25050.0,山西,196140.0,2020-08-09
大同市云中水泥有限责任公司,300028719,6675496,山西省大同市南郊区口泉乡上窝寨村周家店第50号,31B0,144030217,大同,客服,AC00351,10350.0,山西,17220.0,2020-08-09
大同市云中水泥有限责任公司,315961791,1179957377,山西省大同市南郊区口泉乡上窝寨村42号,31B0,144030217,大同,客服,AC00351,25050.0,山西,326760.0,2020-08-10
大同市云中水泥有限责任公司,300028719,6675496,山西省大同市南郊区口泉乡上窝寨村周家店第50号,31B0,144030217,大同,客服,AC00351,10350.0,山西,19600.0,2020-08-10
大同市云中水泥有限责任公司,315961791,1179957377,山西省大同市南郊区口泉乡上窝寨村42号,31B0,144030217,大同,客服,AC00351,25050.0,山西,307020.0,2020-08-11
大同市云中水泥有限责任公司,300028719,6675496,山西省大同市南郊区口泉乡上窝寨村周家店第50号,31B0,144030217,大同,客服,AC00351,10350.0,山西,19320.0,2020-08-11
大同市云中水泥有限责任公司,300028719,6675496,山西省大同市南郊区口泉乡上窝寨村周家店第50号,31B0,144030217,大同,客服,AC00351,10350.0,山西,20440.0,2020-08-12
大同市云中水泥有限责任公司,315961791,1179957377,山西省大同市南郊区口泉乡上窝寨村42号,31B0,144030217,大同,客服,AC00351,25050.0,山西,322980.0,2020-08-12
大同市云中水泥有限责任公司,315961791,1179957377,山西省大同市南郊区口泉乡上窝寨村42号,31B0,144030217,大同,客服,AC00351,25050.0,山西,232680.0,2020-08-13
大同市云中水泥有限责任公司,300028719,6675496,山西省大同市南郊区口泉乡上窝寨村周家店第50号,31B0,144030217,大同,客服,AC00351,10350.0,山西,20020.0,2020-08-13
大同市云中水泥有限责任公司,315961791,1179957377,山西省大同市南郊区口泉乡上窝寨村42号,31B0,144030217,大同,客服,AC00351,25050.0,山西,178920.0,2020-08-14
大同市云中水泥有限责任公司,300028719,6675496,山西省大同市南郊区口泉乡上窝寨村周家店第50号,31B0,144030217,大同,客服,AC00351,10350.0,山西,21140.0,2020-08-14
大同市云中水泥有限责任公司,300028719,6675496,山西省大同市南郊区口泉乡上窝寨村周家店第50号,31B0,144030217,大同,客服,AC00351,10350.0,山西,20720.0,2020-08-15
大同市云中水泥有限责任公司,315961791,1179957377,山西省大同市南郊区口泉乡上窝寨村42号,31B0,144030217,大同,客服,AC00351,25050.0,山西,175140.0,2020-08-15
大同市云中水泥有限责任公司,315961791,1179957377,山西省大同市南郊区口泉乡上窝寨村42号,31B0,144030217,大同,客服,AC00351,25050.0,山西,235200.0,2020-08-16
大同市云中水泥有限责任公司,300028719,6675496,山西省大同市南郊区口泉乡上窝寨村周家店第50号,31B0,144030217,大同,客服,AC00351,10350.0,山西,19600.0,2020-08-16
大同市云中水泥有限责任公司,300028719,6675496,山西省大同市南郊区口泉乡上窝寨村周家店第50号,31B0,144030217,大同,客服,AC00351,10350.0,山西,18480.0,2020-08-17
大同市云中水泥有限责任公司,315961791,1179957377,山西省大同市南郊区口泉乡上窝寨村42号,31B0,144030217,大同,客服,AC00351,25050.0,山西,331380.0,2020-08-17
大同市云中水泥有限责任公司,315961791,1179957377,山西省大同市南郊区口泉乡上窝寨村42号,31B0,144030217,大同,客服,AC00351,25050.0,山西,298620.0,2020-08-18
大同市云中水泥有限责任公司,300028719,6675496,山西省大同市南郊区口泉乡上窝寨村周家店第50号,31B0,144030217,大同,客服,AC00351,10350.0,山西,15680.0,2020-08-18
大同市云中水泥有限责任公司,315961791,1179957377,山西省大同市南郊区口泉乡上窝寨村42号,31B0,144030217,大同,客服,AC00351,25050.0,山西,192360.0,2020-08-19
大同市云中水泥有限责任公司,300028719,6675496,山西省大同市南郊区口泉乡上窝寨村周家店第50号,31B0,144030217,大同,客服,AC00351,10350.0,山西,19320.0,2020-08-19
大同市云中水泥有限责任公司,315961791,1179957377,山西省大同市南郊区口泉乡上窝寨村42号,31B0,144030217,大同,客服,AC00351,25050.0,山西,174720.0,2020-08-20
大同市云中水泥有限责任公司,300028719,6675496,山西省大同市南郊区口泉乡上窝寨村周家店第50号,31B0,144030217,大同,客服,AC00351,10350.0,山西,18620.0,2020-08-20
大同市云中水泥有限责任公司,300028719,6675496,山西省大同市南郊区口泉乡上窝寨村周家店第50号,31B0,144030217,大同,客服,AC00351,10350.0,山西,19880.0,2020-08-21
大同市云中水泥有限责任公司,315961791,1179957377,山西省大同市南郊区口泉乡上窝寨村42号,31B0,144030217,大同,客服,AC00351,25050.0,山西,181020.0,2020-08-21
大同市云中水泥有限责任公司,315961791,1179957377,山西省大同市南郊区口泉乡上窝寨村42号,31B0,144030217,大同,客服,AC00351,25050.0,山西,181020.0,2020-08-22
大同市云中水泥有限责任公司,300028719,6675496,山西省大同市南郊区口泉乡上窝寨村周家店第50号,31B0,144030217,大同,客服,AC00351,10350.0,山西,22820.0,2020-08-22
大同市云中水泥有限责任公司,300028719,6675496,山西省大同市南郊区口泉乡上窝寨村周家店第50号,31B0,144030217,大同,客服,AC00351,10350.0,山西,16660.0,2020-08-23
大同市云中水泥有限责任公司,300028719,6675496,山西省大同市南郊区口泉乡上窝寨村周家店第50号,31B0,144030217,大同,客服,AC00351,10350.0,山西,15260.0,2020-08-25
大同市云中水泥有限责任公司,315961791,1179957377,山西省大同市南郊区口泉乡上窝寨村42号,31B0,144030217,大同,客服,AC00351,25050.0,山西,330540.0,2020-08-25
大同市云中水泥有限责任公司,300028719,6675496,山西省大同市南郊区口泉乡上窝寨村周家店第50号,31B0,144030217,大同,客服,AC00351,10350.0,山西,17360.0,2020-08-26
大同市云中水泥有限责任公司,315961791,1179957377,山西省大同市南郊区口泉乡上窝寨村42号,31B0,144030217,大同,客服,AC00351,25050.0,山西,328860.0,2020-08-26
大同市云中水泥有限责任公司,300028719,6675496,山西省大同市南郊区口泉乡上窝寨村周家店第50号,31B0,144030217,大同,客服,AC00351,10350.0,山西,16660.0,2020-08-28
大同市云中水泥有限责任公司,315961791,1179957377,山西省大同市南郊区口泉乡上窝寨村42号,31B0,144030217,大同,客服,AC00351,25050.0,山西,178080.0,2020-08-28
大同市云中水泥有限责任公司,300028719,6675496,山西省大同市南郊区口泉乡上窝寨村周家店第50号,31B0,144030217,大同,客服,AC00351,10350.0,山西,19320.0,2020-08-29
大同市云中水泥有限责任公司,315961791,1179957377,山西省大同市南郊区口泉乡上窝寨村42号,31B0,144030217,大同,客服,AC00351,25050.0,山西,190260.0,2020-08-29
大同市云中水泥有限责任公司,315961791,1179957377,山西省大同市南郊区口泉乡上窝寨村42号,31B0,144030217,大同,客服,AC00351,25050.0,山西,184380.0,2020-08-30
大同市云中水泥有限责任公司,315961791,1179957377,山西省大同市南郊区口泉乡上窝寨村42号,31B0,144030217,大同,客服,AC00351,25050.0,山西,185640.0,2020-09-01
大同市云中水泥有限责任公司,315961791,1179957377,山西省大同市南郊区口泉乡上窝寨村42号,31B0,144030217,大同,客服,AC00351,25050.0,山西,315000.0,2020-09-02
大同市云中水泥有限责任公司,300028719,6675496,山西省大同市南郊区口泉乡上窝寨村周家店第50号,31B0,144030217,大同,客服,AC00351,10350.0,山西,14700.0,2020-09-03
大同市云中水泥有限责任公司,315961791,1179957377,山西省大同市南郊区口泉乡上窝寨村42号,31B0,144030217,大同,客服,AC00351,25050.0,山西,337260.0,2020-09-03
大同市云中水泥有限责任公司,300028719,6675496,山西省大同市南郊区口泉乡上窝寨村周家店第50号,31B0,144030217,大同,客服,AC00351,10350.0,山西,15960.0,2020-09-04
大同市云中水泥有限责任公司,315961791,1179957377,山西省大同市南郊区口泉乡上窝寨村42号,31B0,144030217,大同,客服,AC00351,25050.0,山西,336840.0,2020-09-04
大同市云中水泥有限责任公司,300028719,6675496,山西省大同市南郊区口泉乡上窝寨村周家店第50号,31B0,144030217,大同,客服,AC00351,10350.0,山西,16660.0,2020-09-05
大同市云中水泥有限责任公司,315961791,1179957377,山西省大同市南郊区口泉乡上窝寨村42号,31B0,144030217,大同,客服,AC00351,25050.0,山西,328860.0,2020-09-05
大同市云中水泥有限责任公司,300028719,6675496,山西省大同市南郊区口泉乡上窝寨村周家店第50号,31B0,144030217,大同,客服,AC00351,10350.0,山西,10640.0,2020-09-08
大同市云中水泥有限责任公司,315961791,1179957377,山西省大同市南郊区口泉乡上窝寨村42号,31B0,144030217,大同,客服,AC00351,25050.0,山西,333900.0,2020-09-08
大同市云中水泥有限责任公司,315961791,1179957377,山西省大同市南郊区口泉乡上窝寨村42号,31B0,144030217,大同,客服,AC00351,25050.0,山西,185640.0,2020-09-10
大同市云中水泥有限责任公司,300028719,6675496,山西省大同市南郊区口泉乡上窝寨村周家店第50号,31B0,144030217,大同,客服,AC00351,10350.0,山西,18340.0,2020-09-12
大同市云中水泥有限责任公司,315961791,1179957377,山西省大同市南郊区口泉乡上窝寨村42号,31B0,144030217,大同,客服,AC00351,25050.0,山西,335580.0,2020-09-12
大同市云中水泥有限责任公司,315961791,1179957377,山西省大同市南郊区口泉乡上窝寨村42号,31B0,144030217,大同,客服,AC00351,25050.0,山西,331800.0,2020-09-13
大同市云中水泥有限责任公司,315961791,1179957377,山西省大同市南郊区口泉乡上窝寨村42号,31B0,144030217,大同,客服,AC00351,25050.0,山西,296940.0,2020-09-14
大同市云中水泥有限责任公司,300028719,6675496,山西省大同市南郊区口泉乡上窝寨村周家店第50号,31B0,144030217,大同,客服,AC00351,10350.0,山西,17640.0,2020-09-14
大同市云中水泥有限责任公司,315961791,1179957377,山西省大同市南郊区口泉乡上窝寨村42号,31B0,144030217,大同,客服,AC00351,25050.0,山西,331800.0,2020-09-15
大同市云中水泥有限责任公司,300028719,6675496,山西省大同市南郊区口泉乡上窝寨村周家店第50号,31B0,144030217,大同,客服,AC00351,10350.0,山西,16380.0,2020-09-15
大同市云中水泥有限责任公司,315961791,1179957377,山西省大同市南郊区口泉乡上窝寨村42号,31B0,144030217,大同,客服,AC00351,25050.0,山西,332640.0,2020-09-16
大同市云中水泥有限责任公司,300028719,6675496,山西省大同市南郊区口泉乡上窝寨村周家店第50号,31B0,144030217,大同,客服,AC00351,10350.0,山西,16240.0,2020-09-16
大同市云中水泥有限责任公司,300028719,6675496,山西省大同市南郊区口泉乡上窝寨村周家店第50号,31B0,144030217,大同,客服,AC00351,10350.0,山西,15400.0,2020-09-17
大同市云中水泥有限责任公司,300028719,6675496,山西省大同市南郊区口泉乡上窝寨村周家店第50号,31B0,144030217,大同,客服,AC00351,10350.0,山西,16240.0,2020-09-18
大同市云中水泥有限责任公司,300028719,6675496,山西省大同市南郊区口泉乡上窝寨村周家店第50号,31B0,144030217,大同,客服,AC00351,10350.0,山西,18060.0,2020-09-19
大同市云中水泥有限责任公司,315961791,1179957377,山西省大同市南郊区口泉乡上窝寨村42号,31B0,144030217,大同,客服,AC00351,25050.0,山西,187320.0,2020-09-19
大同市云中水泥有限责任公司,300028719,6675496,山西省大同市南郊区口泉乡上窝寨村周家店第50号,31B0,144030217,大同,客服,AC00351,10350.0,山西,15260.0,2020-09-20
大同市云中水泥有限责任公司,315961791,1179957377,山西省大同市南郊区口泉乡上窝寨村42号,31B0,144030217,大同,客服,AC00351,25050.0,山西,186480.0,2020-09-20
大同市云中水泥有限责任公司,300028719,6675496,山西省大同市南郊区口泉乡上窝寨村周家店第50号,31B0,144030217,大同,客服,AC00351,10350.0,山西,15120.0,2020-09-21
大同市云中水泥有限责任公司,315961791,1179957377,山西省大同市南郊区口泉乡上窝寨村42号,31B0,144030217,大同,客服,AC00351,25050.0,山西,305340.0,2020-09-21
大同市云中水泥有限责任公司,315961791,1179957377,山西省大同市南郊区口泉乡上窝寨村42号,31B0,144030217,大同,客服,AC00351,25050.0,山西,340620.0,2020-09-22
大同市云中水泥有限责任公司,300028719,6675496,山西省大同市南郊区口泉乡上窝寨村周家店第50号,31B0,144030217,大同,客服,AC00351,10350.0,山西,10640.0,2020-09-23
大同市云中水泥有限责任公司,315961791,1179957377,山西省大同市南郊区口泉乡上窝寨村42号,31B0,144030217,大同,客服,AC00351,25050.0,山西,337680.0,2020-09-24
大同市云中水泥有限责任公司,300028719,6675496,山西省大同市南郊区口泉乡上窝寨村周家店第50号,31B0,144030217,大同,客服,AC00351,10350.0,山西,7980.0,2020-09-24
大同市云中水泥有限责任公司,300028719,6675496,山西省大同市南郊区口泉乡上窝寨村周家店第50号,31B0,144030217,大同,客服,AC00351,10350.0,山西,9520.0,2020-09-27
大同市云中水泥有限责任公司,315961791,1179957377,山西省大同市南郊区口泉乡上窝寨村42号,31B0,144030217,大同,客服,AC00351,25050.0,山西,43260.0,2020-09-27
大同市云中水泥有限责任公司,300028719,6675496,山西省大同市南郊区口泉乡上窝寨村周家店第50号,31B0,144030217,大同,客服,AC00351,10350.0,山西,7700.0,2020-09-28
大同市云中水泥有限责任公司,315961791,1179957377,山西省大同市南郊区口泉乡上窝寨村42号,31B0,144030217,大同,客服,AC00351,25050.0,山西,20160.0,2020-09-28
大同市云中水泥有限责任公司,300028719,6675496,山西省大同市南郊区口泉乡上窝寨村周家店第50号,31B0,144030217,大同,客服,AC00351,10350.0,山西,7980.0,2020-09-29
大同市云中水泥有限责任公司,315961791,1179957377,山西省大同市南郊区口泉乡上窝寨村42号,31B0,144030217,大同,客服,AC00351,25050.0,山西,14280.0,2020-09-29
大同市云中水泥有限责任公司,315961791,1179957377,山西省大同市南郊区口泉乡上窝寨村42号,31B0,144030217,大同,客服,AC00351,25050.0,山西,18480.0,2020-09-30
大同市云中水泥有限责任公司,300028719,6675496,山西省大同市南郊区口泉乡上窝寨村周家店第50号,31B0,144030217,大同,客服,AC00351,10350.0,山西,12880.0,2020-09-30
大同市云中水泥有限责任公司,300028719,6675496,山西省大同市南郊区口泉乡上窝寨村周家店第50号,31B0,144030217,大同,客服,AC00351,10350.0,山西,11480.0,2020-10-01
大同市云中水泥有限责任公司,315961791,1179957377,山西省大同市南郊区口泉乡上窝寨村42号,31B0,144030217,大同,客服,AC00351,25050.0,山西,40320.0,2020-10-01
大同市云中水泥有限责任公司,300028719,6675496,山西省大同市南郊区口泉乡上窝寨村周家店第50号,31B0,144030217,大同,客服,AC00351,10350.0,山西,19040.0,2020-10-02
大同市云中水泥有限责任公司,300028719,6675496,山西省大同市南郊区口泉乡上窝寨村周家店第50号,31B0,144030217,大同,客服,AC00351,10350.0,山西,15820.0,2020-10-03
大同市云中水泥有限责任公司,315961791,1179957377,山西省大同市南郊区口泉乡上窝寨村42号,31B0,144030217,大同,客服,AC00351,25050.0,山西,336000.0,2020-10-04
大同市云中水泥有限责任公司,300028719,6675496,山西省大同市南郊区口泉乡上窝寨村周家店第50号,31B0,144030217,大同,客服,AC00351,10350.0,山西,15540.0,2020-10-05
大同市云中水泥有限责任公司,300028719,6675496,山西省大同市南郊区口泉乡上窝寨村周家店第50号,31B0,144030217,大同,客服,AC00351,10350.0,山西,15960.0,2020-10-06
大同市云中水泥有限责任公司,315961791,1179957377,山西省大同市南郊区口泉乡上窝寨村42号,31B0,144030217,大同,客服,AC00351,25050.0,山西,338520.0,2020-10-06
大同市云中水泥有限责任公司,315961791,1179957377,山西省大同市南郊区口泉乡上窝寨村42号,31B0,144030217,大同,客服,AC00351,25050.0,山西,334740.0,2020-10-07
大同市云中水泥有限责任公司,300028719,6675496,山西省大同市南郊区口泉乡上窝寨村周家店第50号,31B0,144030217,大同,客服,AC00351,10350.0,山西,16800.0,2020-10-07
大同市云中水泥有限责任公司,315961791,1179957377,山西省大同市南郊区口泉乡上窝寨村42号,31B0,144030217,大同,客服,AC00351,25050.0,山西,334320.0,2020-10-08
大同市云中水泥有限责任公司,300028719,6675496,山西省大同市南郊区口泉乡上窝寨村周家店第50号,31B0,144030217,大同,客服,AC00351,10350.0,山西,14700.0,2020-10-08
大同市云中水泥有限责任公司,315961791,1179957377,山西省大同市南郊区口泉乡上窝寨村42号,31B0,144030217,大同,客服,AC00351,25050.0,山西,321720.0,2020-10-09
大同市云中水泥有限责任公司,300028719,6675496,山西省大同市南郊区口泉乡上窝寨村周家店第50号,31B0,144030217,大同,客服,AC00351,10350.0,山西,15960.0,2020-10-09
大同市云中水泥有限责任公司,300028719,6675496,山西省大同市南郊区口泉乡上窝寨村周家店第50号,31B0,144030217,大同,客服,AC00351,10350.0,山西,16940.0,2020-10-10
大同市云中水泥有限责任公司,315961791,1179957377,山西省大同市南郊区口泉乡上窝寨村42号,31B0,144030217,大同,客服,AC00351,25050.0,山西,290220.0,2020-10-10
大同市云中水泥有限责任公司,300028719,6675496,山西省大同市南郊区口泉乡上窝寨村周家店第50号,31B0,144030217,大同,客服,AC00351,10350.0,山西,17780.0,2020-10-11
大同市云中水泥有限责任公司,315961791,1179957377,山西省大同市南郊区口泉乡上窝寨村42号,31B0,144030217,大同,客服,AC00351,25050.0,山西,333480.0,2020-10-11
大同市云中水泥有限责任公司,315961791,1179957377,山西省大同市南郊区口泉乡上窝寨村42号,31B0,144030217,大同,客服,AC00351,25050.0,山西,318780.0,2020-10-13
大同市云中水泥有限责任公司,300028719,6675496,山西省大同市南郊区口泉乡上窝寨村周家店第50号,31B0,144030217,大同,客服,AC00351,10350.0,山西,18620.0,2020-10-13
大同市云中水泥有限责任公司,300028719,6675496,山西省大同市南郊区口泉乡上窝寨村周家店第50号,31B0,144030217,大同,客服,AC00351,10350.0,山西,16240.0,2020-10-14
大同市云中水泥有限责任公司,315961791,1179957377,山西省大同市南郊区口泉乡上窝寨村42号,31B0,144030217,大同,客服,AC00351,25050.0,山西,332220.0,2020-10-14
大同市云中水泥有限责任公司,300028719,6675496,山西省大同市南郊区口泉乡上窝寨村周家店第50号,31B0,144030217,大同,客服,AC00351,10350.0,山西,13160.0,2020-10-15
大同市云中水泥有限责任公司,315961791,1179957377,山西省大同市南郊区口泉乡上窝寨村42号,31B0,144030217,大同,客服,AC00351,25050.0,山西,332220.0,2020-10-15
大同市云中水泥有限责任公司,315961791,1179957377,山西省大同市南郊区口泉乡上窝寨村42号,31B0,144030217,大同,客服,AC00351,25050.0,山西,334740.0,2020-10-16
大同市云中水泥有限责任公司,300028719,6675496,山西省大同市南郊区口泉乡上窝寨村周家店第50号,31B0,144030217,大同,客服,AC00351,10350.0,山西,16520.0,2020-10-16
大同市云中水泥有限责任公司,315961791,1179957377,山西省大同市南郊区口泉乡上窝寨村42号,31B0,144030217,大同,客服,AC00351,25050.0,山西,330960.0,2020-10-17
大同市云中水泥有限责任公司,300028719,6675496,山西省大同市南郊区口泉乡上窝寨村周家店第50号,31B0,144030217,大同,客服,AC00351,10350.0,山西,18480.0,2020-10-17
大同市云中水泥有限责任公司,300028719,6675496,山西省大同市南郊区口泉乡上窝寨村周家店第50号,31B0,144030217,大同,客服,AC00351,10350.0,山西,18760.0,2020-10-18
大同市云中水泥有限责任公司,315961791,1179957377,山西省大同市南郊区口泉乡上窝寨村42号,31B0,144030217,大同,客服,AC00351,25050.0,山西,323400.0,2020-10-18
大同市云中水泥有限责任公司,300028719,6675496,山西省大同市南郊区口泉乡上窝寨村周家店第50号,31B0,144030217,大同,客服,AC00351,10350.0,山西,18200.0,2020-10-19
大同市云中水泥有限责任公司,315961791,1179957377,山西省大同市南郊区口泉乡上窝寨村42号,31B0,144030217,大同,客服,AC00351,25050.0,山西,325920.0,2020-10-19
大同市云中水泥有限责任公司,300028719,6675496,山西省大同市南郊区口泉乡上窝寨村周家店第50号,31B0,144030217,大同,客服,AC00351,10350.0,山西,18060.0,2020-10-20
大同市云中水泥有限责任公司,315961791,1179957377,山西省大同市南郊区口泉乡上窝寨村42号,31B0,144030217,大同,客服,AC00351,25050.0,山西,326760.0,2020-10-20
大同市云中水泥有限责任公司,300028719,6675496,山西省大同市南郊区口泉乡上窝寨村周家店第50号,31B0,144030217,大同,客服,AC00351,10350.0,山西,19040.0,2020-10-21
大同市云中水泥有限责任公司,315961791,1179957377,山西省大同市南郊区口泉乡上窝寨村42号,31B0,144030217,大同,客服,AC00351,25050.0,山西,328440.0,2020-10-21
大同市云中水泥有限责任公司,315961791,1179957377,山西省大同市南郊区口泉乡上窝寨村42号,31B0,144030217,大同,客服,AC00351,25050.0,山西,320880.0,2020-10-22
大同市云中水泥有限责任公司,300028719,6675496,山西省大同市南郊区口泉乡上窝寨村周家店第50号,31B0,144030217,大同,客服,AC00351,10350.0,山西,15400.0,2020-10-22
大同市云中水泥有限责任公司,315961791,1179957377,山西省大同市南郊区口泉乡上窝寨村42号,31B0,144030217,大同,客服,AC00351,25050.0,山西,329700.0,2020-10-23
大同市云中水泥有限责任公司,300028719,6675496,山西省大同市南郊区口泉乡上窝寨村周家店第50号,31B0,144030217,大同,客服,AC00351,10350.0,山西,9800.0,2020-10-23
大同市云中水泥有限责任公司,300028719,6675496,山西省大同市南郊区口泉乡上窝寨村周家店第50号,31B0,144030217,大同,客服,AC00351,10350.0,山西,9940.0,2020-10-24
大同市云中水泥有限责任公司,300028719,6675496,山西省大同市南郊区口泉乡上窝寨村周家店第50号,31B0,144030217,大同,客服,AC00351,10350.0,山西,10360.0,2020-10-25
大同市云中水泥有限责任公司,315961791,1179957377,山西省大同市南郊区口泉乡上窝寨村42号,31B0,144030217,大同,客服,AC00351,25050.0,山西,344400.0,2020-10-25
大同市云中水泥有限责任公司,315961791,1179957377,山西省大同市南郊区口泉乡上窝寨村42号,31B0,144030217,大同,客服,AC00351,25050.0,山西,333480.0,2020-10-26
大同市云中水泥有限责任公司,300028719,6675496,山西省大同市南郊区口泉乡上窝寨村周家店第50号,31B0,144030217,大同,客服,AC00351,10350.0,山西,12040.0,2020-10-26
大同市云中水泥有限责任公司,315961791,1179957377,山西省大同市南郊区口泉乡上窝寨村42号,31B0,144030217,大同,客服,AC00351,25050.0,山西,311640.0,2020-10-27
大同市云中水泥有限责任公司,300028719,6675496,山西省大同市南郊区口泉乡上窝寨村周家店第50号,31B0,144030217,大同,客服,AC00351,10350.0,山西,7980.0,2020-10-27
大同市云中水泥有限责任公司,300028719,6675496,山西省大同市南郊区口泉乡上窝寨村周家店第50号,31B0,144030217,大同,客服,AC00351,10350.0,山西,8540.0,2020-10-28
大同市云中水泥有限责任公司,315961791,1179957377,山西省大同市南郊区口泉乡上窝寨村42号,31B0,144030217,大同,客服,AC00351,25050.0,山西,333900.0,2020-10-28
大同市云中水泥有限责任公司,315961791,1179957377,山西省大同市南郊区口泉乡上窝寨村42号,31B0,144030217,大同,客服,AC00351,25050.0,山西,315840.0,2020-10-29
大同市云中水泥有限责任公司,300028719,6675496,山西省大同市南郊区口泉乡上窝寨村周家店第50号,31B0,144030217,大同,客服,AC00351,10350.0,山西,7840.0,2020-10-30
大同市云中水泥有限责任公司,300028719,6675496,山西省大同市南郊区口泉乡上窝寨村周家店第50号,31B0,144030217,大同,客服,AC00351,10350.0,山西,7700.0,2020-10-31
大同市云中水泥有限责任公司,315961791,1179957377,山西省大同市南郊区口泉乡上窝寨村42号,31B0,144030217,大同,客服,AC00351,25050.0,山西,313740.0,2020-11-01
大同市云中水泥有限责任公司,300028719,6675496,山西省大同市南郊区口泉乡上窝寨村周家店第50号,31B0,144030217,大同,客服,AC00351,10350.0,山西,7980.0,2020-11-02
大同市云中水泥有限责任公司,300028719,6675496,山西省大同市南郊区口泉乡上窝寨村周家店第50号,31B0,144030217,大同,客服,AC00351,10350.0,山西,9240.0,2020-11-03
大同市云中水泥有限责任公司,315961791,1179957377,山西省大同市南郊区口泉乡上窝寨村42号,31B0,144030217,大同,客服,AC00351,25050.0,山西,173880.0,2020-11-04
大同市云中水泥有限责任公司,300028719,6675496,山西省大同市南郊区口泉乡上窝寨村周家店第50号,31B0,144030217,大同,客服,AC00351,10350.0,山西,8960.0,2020-11-04
大同市云中水泥有限责任公司,315961791,1179957377,山西省大同市南郊区口泉乡上窝寨村42号,31B0,144030217,大同,客服,AC00351,25050.0,山西,317100.0,2020-11-05
大同市云中水泥有限责任公司,300028719,6675496,山西省大同市南郊区口泉乡上窝寨村周家店第50号,31B0,144030217,大同,客服,AC00351,10350.0,山西,10080.0,2020-11-05
大同市云中水泥有限责任公司,300028719,6675496,山西省大同市南郊区口泉乡上窝寨村周家店第50号,31B0,144030217,大同,客服,AC00351,10350.0,山西,11340.0,2020-11-06
大同市云中水泥有限责任公司,315961791,1179957377,山西省大同市南郊区口泉乡上窝寨村42号,31B0,144030217,大同,客服,AC00351,25050.0,山西,310800.0,2020-11-06
大同市云中水泥有限责任公司,315961791,1179957377,山西省大同市南郊区口泉乡上窝寨村42号,31B0,144030217,大同,客服,AC00351,25050.0,山西,317520.0,2020-11-07
大同市云中水泥有限责任公司,300028719,6675496,山西省大同市南郊区口泉乡上窝寨村周家店第50号,31B0,144030217,大同,客服,AC00351,10350.0,山西,13300.0,2020-11-07
大同市云中水泥有限责任公司,300028719,6675496,山西省大同市南郊区口泉乡上窝寨村周家店第50号,31B0,144030217,大同,客服,AC00351,10350.0,山西,19040.0,2020-11-08
大同市云中水泥有限责任公司,315961791,1179957377,山西省大同市南郊区口泉乡上窝寨村42号,31B0,144030217,大同,客服,AC00351,25050.0,山西,332220.0,2020-11-08
大同市云中水泥有限责任公司,300028719,6675496,山西省大同市南郊区口泉乡上窝寨村周家店第50号,31B0,144030217,大同,客服,AC00351,10350.0,山西,19320.0,2020-11-09
大同市云中水泥有限责任公司,315961791,1179957377,山西省大同市南郊区口泉乡上窝寨村42号,31B0,144030217,大同,客服,AC00351,25050.0,山西,336000.0,2020-11-09
大同市云中水泥有限责任公司,300028719,6675496,山西省大同市南郊区口泉乡上窝寨村周家店第50号,31B0,144030217,大同,客服,AC00351,10350.0,山西,17920.0,2020-11-10
大同市云中水泥有限责任公司,315961791,1179957377,山西省大同市南郊区口泉乡上窝寨村42号,31B0,144030217,大同,客服,AC00351,25050.0,山西,336000.0,2020-11-10
大同市云中水泥有限责任公司,315961791,1179957377,山西省大同市南郊区口泉乡上窝寨村42号,31B0,144030217,大同,客服,AC00351,25050.0,山西,225960.0,2020-11-11
大同市云中水泥有限责任公司,300028719,6675496,山西省大同市南郊区口泉乡上窝寨村周家店第50号,31B0,144030217,大同,客服,AC00351,10350.0,山西,18480.0,2020-11-11
大同市云中水泥有限责任公司,315961791,1179957377,山西省大同市南郊区口泉乡上窝寨村42号,31B0,144030217,大同,客服,AC00351,25050.0,山西,185640.0,2020-11-12
大同市云中水泥有限责任公司,315961791,1179957377,山西省大同市南郊区口泉乡上窝寨村42号,31B0,144030217,大同,客服,AC00351,25050.0,山西,192780.0,2020-11-13
大同市云中水泥有限责任公司,300028719,6675496,山西省大同市南郊区口泉乡上窝寨村周家店第50号,31B0,144030217,大同,客服,AC00351,10350.0,山西,15759.01,2020-11-13
大同市云中水泥有限责任公司,315961791,1179957377,山西省大同市南郊区口泉乡上窝寨村42号,31B0,144030217,大同,客服,AC00351,25050.0,山西,204960.0,2020-11-14
大同市云中水泥有限责任公司,300028719,6675496,山西省大同市南郊区口泉乡上窝寨村周家店第50号,31B0,144030217,大同,客服,AC00351,10350.0,山西,19952.5,2020-11-14
大同市云中水泥有限责任公司,315961791,1179957377,山西省大同市南郊区口泉乡上窝寨村42号,31B0,144030217,大同,客服,AC00351,25050.0,山西,337680.0,2020-11-15
大同市云中水泥有限责任公司,300028719,6675496,山西省大同市南郊区口泉乡上窝寨村周家店第50号,31B0,144030217,大同,客服,AC00351,10350.0,山西,16380.0,2020-11-15
大同市云中水泥有限责任公司,315961791,1179957377,山西省大同市南郊区口泉乡上窝寨村42号,31B0,144030217,大同,客服,AC00351,25050.0,山西,294420.0,2020-11-17
大同市云中水泥有限责任公司,315961791,1179957377,山西省大同市南郊区口泉乡上窝寨村42号,31B0,144030217,大同,客服,AC00351,25050.0,山西,320040.0,2020-11-18
大同市云中水泥有限责任公司,300028719,6675496,山西省大同市南郊区口泉乡上窝寨村周家店第50号,31B0,144030217,大同,客服,AC00351,10350.0,山西,14700.0,2020-11-19
大同市云中水泥有限责任公司,315961791,1179957377,山西省大同市南郊区口泉乡上窝寨村42号,31B0,144030217,大同,客服,AC00351,25050.0,山西,335580.0,2020-11-19
大同市云中水泥有限责任公司,315961791,1179957377,山西省大同市南郊区口泉乡上窝寨村42号,31B0,144030217,大同,客服,AC00351,25050.0,山西,224700.0,2020-11-21
大同市云中水泥有限责任公司,300028719,6675496,山西省大同市南郊区口泉乡上窝寨村周家店第50号,31B0,144030217,大同,客服,AC00351,10350.0,山西,17220.0,2020-11-20
大同市云中水泥有限责任公司,315961791,1179957377,山西省大同市南郊区口泉乡上窝寨村42号,31B0,144030217,大同,客服,AC00351,25050.0,山西,338940.0,2020-11-20
大同市云中水泥有限责任公司,300028719,6675496,山西省大同市南郊区口泉乡上窝寨村周家店第50号,31B0,144030217,大同,客服,AC00351,10350.0,山西,14560.0,2020-11-21
大同市云中水泥有限责任公司,300028719,6675496,山西省大同市南郊区口泉乡上窝寨村周家店第50号,31B0,144030217,大同,客服,AC00351,10350.0,山西,11620.0,2020-11-22
大同市云中水泥有限责任公司,315961791,1179957377,山西省大同市南郊区口泉乡上窝寨村42号,31B0,144030217,大同,客服,AC00351,25050.0,山西,189000.0,2020-11-22
大同市云中水泥有限责任公司,315961791,1179957377,山西省大同市南郊区口泉乡上窝寨村42号,31B0,144030217,大同,客服,AC00351,25050.0,山西,184800.0,2020-11-23
大同市云中水泥有限责任公司,300028719,6675496,山西省大同市南郊区口泉乡上窝寨村周家店第50号,31B0,144030217,大同,客服,AC00351,10350.0,山西,14140.0,2020-11-23
大同市云中水泥有限责任公司,300028719,6675496,山西省大同市南郊区口泉乡上窝寨村周家店第50号,31B0,144030217,大同,客服,AC00351,10350.0,山西,17640.0,2020-11-24
大同市云中水泥有限责任公司,315961791,1179957377,山西省大同市南郊区口泉乡上窝寨村42号,31B0,144030217,大同,客服,AC00351,25050.0,山西,215040.0,2020-11-24
大同市云中水泥有限责任公司,315961791,1179957377,山西省大同市南郊区口泉乡上窝寨村42号,31B0,144030217,大同,客服,AC00351,25050.0,山西,187320.0,2020-11-25
大同市云中水泥有限责任公司,300028719,6675496,山西省大同市南郊区口泉乡上窝寨村周家店第50号,31B0,144030217,大同,客服,AC00351,10350.0,山西,11620.0,2020-11-25
大同市云中水泥有限责任公司,315961791,1179957377,山西省大同市南郊区口泉乡上窝寨村42号,31B0,144030217,大同,客服,AC00351,25050.0,山西,140280.0,2020-11-26
大同市云中水泥有限责任公司,300028719,6675496,山西省大同市南郊区口泉乡上窝寨村周家店第50号,31B0,144030217,大同,客服,AC00351,10350.0,山西,15680.0,2020-11-26
大同市云中水泥有限责任公司,315961791,1179957377,山西省大同市南郊区口泉乡上窝寨村42号,31B0,144030217,大同,客服,AC00351,25050.0,山西,143250.0,2020-11-27
大同市云中水泥有限责任公司,300028719,6675496,山西省大同市南郊区口泉乡上窝寨村周家店第50号,31B0,144030217,大同,客服,AC00351,10350.0,山西,19600.0,2020-11-27
大同市云中水泥有限责任公司,315961791,1179957377,山西省大同市南郊区口泉乡上窝寨村42号,31B0,144030217,大同,客服,AC00351,25050.0,山西,145430.0,2020-11-28
大同市云中水泥有限责任公司,300028719,6675496,山西省大同市南郊区口泉乡上窝寨村周家店第50号,31B0,144030217,大同,客服,AC00351,10350.0,山西,18900.0,2020-11-28
大同市云中水泥有限责任公司,315961791,1179957377,山西省大同市南郊区口泉乡上窝寨村42号,31B0,144030217,大同,客服,AC00351,25050.0,山西,141110.0,2020-11-29
大同市云中水泥有限责任公司,300028719,6675496,山西省大同市南郊区口泉乡上窝寨村周家店第50号,31B0,144030217,大同,客服,AC00351,10350.0,山西,20300.0,2020-11-29
大同市云中水泥有限责任公司,315961791,1179957377,山西省大同市南郊区口泉乡上窝寨村42号,31B0,144030217,大同,客服,AC00351,25050.0,山西,200110.0,2020-11-30
大同市云中水泥有限责任公司,300028719,6675496,山西省大同市南郊区口泉乡上窝寨村周家店第50号,31B0,144030217,大同,客服,AC00351,10350.0,山西,20020.0,2020-11-30
大同市云中水泥有限责任公司,315961791,1179957377,山西省大同市南郊区口泉乡上窝寨村42号,31B0,144030217,大同,客服,AC00351,25050.0,山西,205210.0,2020-12-01
大同市云中水泥有限责任公司,300028719,6675496,山西省大同市南郊区口泉乡上窝寨村周家店第50号,31B0,144030217,大同,客服,AC00351,10350.0,山西,20580.0,2020-12-01
大同市云中水泥有限责任公司,315961791,1179957377,山西省大同市南郊区口泉乡上窝寨村42号,31B0,144030217,大同,客服,AC00351,25050.0,山西,60834.5,2020-12-02
大同市云中水泥有限责任公司,300028719,6675496,山西省大同市南郊区口泉乡上窝寨村周家店第50号,31B0,144030217,大同,客服,AC00351,10350.0,山西,134260.0,2020-12-02
大同市云中水泥有限责任公司,315961791,1179957377,山西省大同市南郊区口泉乡上窝寨村42号,31B0,144030217,大同,客服,AC00351,25050.0,山西,200371.62,2020-12-03
大同市云中水泥有限责任公司,300028719,6675496,山西省大同市南郊区口泉乡上窝寨村周家店第50号,31B0,144030217,大同,客服,AC00351,10350.0,山西,193760.0,2020-12-03
大同市云中水泥有限责任公司,300028719,6675496,山西省大同市南郊区口泉乡上窝寨村周家店第50号,31B0,144030217,大同,客服,AC00351,10350.0,山西,193059.99,2020-12-04
大同市云中水泥有限责任公司,315961791,1179957377,山西省大同市南郊区口泉乡上窝寨村42号,31B0,144030217,大同,客服,AC00351,25050.0,山西,201483.73,2020-12-04
大同市云中水泥有限责任公司,300028719,6675496,山西省大同市南郊区口泉乡上窝寨村周家店第50号,31B0,144030217,大同,客服,AC00351,10350.0,山西,84000.0,2020-12-05
大同市云中水泥有限责任公司,315961791,1179957377,山西省大同市南郊区口泉乡上窝寨村42号,31B0,144030217,大同,客服,AC00351,25050.0,山西,199229.54,2020-12-05
大同市云中水泥有限责任公司,300028719,6675496,山西省大同市南郊区口泉乡上窝寨村周家店第50号,31B0,144030217,大同,客服,AC00351,10350.0,山西,45360.0,2020-12-06
大同市云中水泥有限责任公司,315961791,1179957377,山西省大同市南郊区口泉乡上窝寨村42号,31B0,144030217,大同,客服,AC00351,25050.0,山西,198470.97,2020-12-06
大同市云中水泥有限责任公司,315961791,1179957377,山西省大同市南郊区口泉乡上窝寨村42号,31B0,144030217,大同,客服,AC00351,25050.0,山西,197876.13,2020-12-07
大同市云中水泥有限责任公司,300028719,6675496,山西省大同市南郊区口泉乡上窝寨村周家店第50号,31B0,144030217,大同,客服,AC00351,10350.0,山西,47600.0,2020-12-07
大同市云中水泥有限责任公司,300028719,6675496,山西省大同市南郊区口泉乡上窝寨村周家店第50号,31B0,144030217,大同,客服,AC00351,10350.0,山西,44100.0,2020-12-08
大同市云中水泥有限责任公司,315961791,1179957377,山西省大同市南郊区口泉乡上窝寨村42号,31B0,144030217,大同,客服,AC00351,25050.0,山西,374576.84,2020-12-08
晋城山水水泥有限责任公司,1119394732,1187446248,山西省晋城市阳城县蟒河镇风门村村中路1号,31B0,144110601,晋城,客服,AC00351,16850.0,山西,257320.0,2020-11-19
朔州山水新时代水泥有限责任公司,1010272207,1186482277,山西省朔州市朔城区神头街道神头一电厂社区居委会新建路神头镇吉庄村北900米,31B0,144100701,朔州,神头,AC00101,1130.0,山西,0.0,2020-11-19
朔州山水新时代水泥有限责任公司,1010272207,1186482277,山西省朔州市朔城区神头街道神头一电厂社区居委会新建路神头镇吉庄村北900米,31B0,144100701,朔州,神头,AC00101,1130.0,山西,0.0,2020-10-12
朔州山水新时代水泥有限责任公司,1010723877,1467298176,山西省朔州市朔城区神头街道神头电建二公司社区居委会神朔路神头镇吉庄村,31B0,144100701,朔州,神头,AC01101,32500.0,山西,291720.0,2020-10-12
晋城山水水泥有限责任公司,1119394732,1187446248,山西省晋城市阳城县蟒河镇风门村村中路1号,31B0,144110601,晋城,客服,AC00351,16850.0,山西,227360.0,2020-10-12
朔州山水新时代水泥有限责任公司,1010272207,1186482277,山西省朔州市朔城区神头街道神头一电厂社区居委会新建路神头镇吉庄村北900米,31B0,144100701,朔州,神头,AC00101,1130.0,山西,0.0,2020-10-16
朔州山水新时代水泥有限责任公司,1010723877,1467298176,山西省朔州市朔城区神头街道神头电建二公司社区居委会神朔路神头镇吉庄村,31B0,144100701,朔州,神头,AC01101,32500.0,山西,242220.0,2020-10-16
晋城山水水泥有限责任公司,1119394732,1187446248,山西省晋城市阳城县蟒河镇风门村村中路1号,31B0,144110601,晋城,客服,AC00351,16850.0,山西,232120.0,2020-10-17
朔州山水新时代水泥有限责任公司,1010272207,1186482277,山西省朔州市朔城区神头街道神头一电厂社区居委会新建路神头镇吉庄村北900米,31B0,144100701,朔州,神头,AC00101,1130.0,山西,0.0,2020-10-20
朔州山水新时代水泥有限责任公司,1010723877,1467298176,山西省朔州市朔城区神头街道神头电建二公司社区居委会神朔路神头镇吉庄村,31B0,144100701,朔州,神头,AC01101,32500.0,山西,313500.0,2020-10-20
晋城山水水泥有限责任公司,1119394732,1187446248,山西省晋城市阳城县蟒河镇风门村村中路1号,31B0,144110601,晋城,客服,AC00351,16850.0,山西,107240.0,2020-07-08
朔州山水新时代水泥有限责任公司,1010272207,1186482277,山西省朔州市朔城区神头街道神头一电厂社区居委会新建路神头镇吉庄村北900米,31B0,144100701,朔州,神头,AC00101,1130.0,山西,0.0,2020-07-08
朔州山水新时代水泥有限责任公司,1010272207,1186482277,山西省朔州市朔城区神头街道神头一电厂社区居委会新建路神头镇吉庄村北900米,31B0,144100701,朔州,神头,AC00101,1130.0,山西,0.0,2020-11-01
朔州山水新时代水泥有限责任公司,1010723877,1467298176,山西省朔州市朔城区神头街道神头电建二公司社区居委会神朔路神头镇吉庄村,31B0,144100701,朔州,神头,AC01101,32500.0,山西,275220.0,2020-11-01
晋城山水水泥有限责任公司,1119394732,1187446248,山西省晋城市阳城县蟒河镇风门村村中路1号,31B0,144110601,晋城,客服,AC00351,16850.0,山西,104160.0,2020-07-12
晋城山水水泥有限责任公司,1119394732,1187446248,山西省晋城市阳城县蟒河镇风门村村中路1号,31B0,144110601,晋城,客服,AC00351,16850.0,山西,203560.0,2020-07-18
朔州山水新时代水泥有限责任公司,1010723877,1467298176,山西省朔州市朔城区神头街道神头电建二公司社区居委会神朔路神头镇吉庄村,31B0,144100701,朔州,神头,AC01101,32500.0,山西,215820.0,2020-07-18
晋城山水水泥有限责任公司,1119394732,1187446248,山西省晋城市阳城县蟒河镇风门村村中路1号,31B0,144110601,晋城,客服,AC00351,16850.0,山西,112560.0,2020-08-28
晋城山水水泥有限责任公司,1119394732,1187446248,山西省晋城市阳城县蟒河镇风门村村中路1号,31B0,144110601,晋城,客服,AC00351,16850.0,山西,108920.0,2020-08-29
朔州山水新时代水泥有限责任公司,1010272207,1186482277,山西省朔州市朔城区神头街道神头一电厂社区居委会新建路神头镇吉庄村北900米,31B0,144100701,朔州,神头,AC00101,1130.0,山西,0.0,2020-07-19
朔州山水新时代水泥有限责任公司,1010723877,1467298176,山西省朔州市朔城区神头街道神头电建二公司社区居委会神朔路神头镇吉庄村,31B0,144100701,朔州,神头,AC01101,32500.0,山西,112860.0,2020-07-19
朔州山水新时代水泥有限责任公司,1010272207,1186482277,山西省朔州市朔城区神头街道神头一电厂社区居委会新建路神头镇吉庄村北900米,31B0,144100701,朔州,神头,AC00101,1130.0,山西,0.0,2020-07-01
朔州山水新时代水泥有限责任公司,1010723877,1467298176,山西省朔州市朔城区神头街道神头电建二公司社区居委会神朔路神头镇吉庄村,31B0,144100701,朔州,神头,AC01101,32500.0,山西,154440.0,2020-07-01
晋城山水水泥有限责任公司,1119394732,1187446248,山西省晋城市阳城县蟒河镇风门村村中路1号,31B0,144110601,晋城,客服,AC00351,16850.0,山西,122080.0,2020-07-01
晋城山水水泥有限责任公司,1119394732,1187446248,山西省晋城市阳城县蟒河镇风门村村中路1号,31B0,144110601,晋城,客服,AC00351,16850.0,山西,116200.0,2020-07-02
朔州山水新时代水泥有限责任公司,1010272207,1186482277,山西省朔州市朔城区神头街道神头一电厂社区居委会新建路神头镇吉庄村北900米,31B0,144100701,朔州,神头,AC00101,1130.0,山西,0.0,2020-07-02
朔州山水新时代水泥有限责任公司,1010723877,1467298176,山西省朔州市朔城区神头街道神头电建二公司社区居委会神朔路神头镇吉庄村,31B0,144100701,朔州,神头,AC01101,32500.0,山西,192720.0,2020-07-02
朔州山水新时代水泥有限责任公司,1010723877,1467298176,山西省朔州市朔城区神头街道神头电建二公司社区居委会神朔路神头镇吉庄村,31B0,144100701,朔州,神头,AC01101,32500.0,山西,203940.0,2020-07-03
晋城山水水泥有限责任公司,1119394732,1187446248,山西省晋城市阳城县蟒河镇风门村村中路1号,31B0,144110601,晋城,客服,AC00351,16850.0,山西,112560.0,2020-07-03
朔州山水新时代水泥有限责任公司,1010272207,1186482277,山西省朔州市朔城区神头街道神头一电厂社区居委会新建路神头镇吉庄村北900米,31B0,144100701,朔州,神头,AC00101,1130.0,山西,0.0,2020-07-03
朔州山水新时代水泥有限责任公司,1010723877,1467298176,山西省朔州市朔城区神头街道神头电建二公司社区居委会神朔路神头镇吉庄村,31B0,144100701,朔州,神头,AC01101,32500.0,山西,199980.0,2020-07-04
晋城山水水泥有限责任公司,1119394732,1187446248,山西省晋城市阳城县蟒河镇风门村村中路1号,31B0,144110601,晋城,客服,AC00351,16850.0,山西,91840.0,2020-07-04
朔州山水新时代水泥有限责任公司,1010272207,1186482277,山西省朔州市朔城区神头街道神头一电厂社区居委会新建路神头镇吉庄村北900米,31B0,144100701,朔州,神头,AC00101,1130.0,山西,0.0,2020-07-04
朔州山水新时代水泥有限责任公司,1010272207,1186482277,山西省朔州市朔城区神头街道神头一电厂社区居委会新建路神头镇吉庄村北900米,31B0,144100701,朔州,神头,AC00101,1130.0,山西,0.0,2020-07-05
晋城山水水泥有限责任公司,1119394732,1187446248,山西省晋城市阳城县蟒河镇风门村村中路1号,31B0,144110601,晋城,客服,AC00351,16850.0,山西,110600.0,2020-07-05
朔州山水新时代水泥有限责任公司,1010723877,1467298176,山西省朔州市朔城区神头街道神头电建二公司社区居委会神朔路神头镇吉庄村,31B0,144100701,朔州,神头,AC01101,32500.0,山西,198660.0,2020-07-05
朔州山水新时代水泥有限责任公司,1010272207,1186482277,山西省朔州市朔城区神头街道神头一电厂社区居委会新建路神头镇吉庄村北900米,31B0,144100701,朔州,神头,AC00101,1130.0,山西,0.0,2020-07-06
晋城山水水泥有限责任公司,1119394732,1187446248,山西省晋城市阳城县蟒河镇风门村村中路1号,31B0,144110601,晋城,客服,AC00351,16850.0,山西,94360.0,2020-07-06
朔州山水新时代水泥有限责任公司,1010723877,1467298176,山西省朔州市朔城区神头街道神头电建二公司社区居委会神朔路神头镇吉庄村,31B0,144100701,朔州,神头,AC01101,32500.0,山西,175560.0,2020-07-06
晋城山水水泥有限责任公司,1119394732,1187446248,山西省晋城市阳城县蟒河镇风门村村中路1号,31B0,144110601,晋城,客服,AC00351,16850.0,山西,104720.0,2020-07-07
朔州山水新时代水泥有限责任公司,1010272207,1186482277,山西省朔州市朔城区神头街道神头一电厂社区居委会新建路神头镇吉庄村北900米,31B0,144100701,朔州,神头,AC00101,1130.0,山西,0.0,2020-07-07
朔州山水新时代水泥有限责任公司,1010723877,1467298176,山西省朔州市朔城区神头街道神头电建二公司社区居委会神朔路神头镇吉庄村,31B0,144100701,朔州,神头,AC01101,32500.0,山西,227040.0,2020-07-07
朔州山水新时代水泥有限责任公司,1010723877,1467298176,山西省朔州市朔城区神头街道神头电建二公司社区居委会神朔路神头镇吉庄村,31B0,144100701,朔州,神头,AC01101,32500.0,山西,202620.0,2020-07-08
晋城山水水泥有限责任公司,1119394732,1187446248,山西省晋城市阳城县蟒河镇风门村村中路1号,31B0,144110601,晋城,客服,AC00351,16850.0,山西,108640.0,2020-07-09
朔州山水新时代水泥有限责任公司,1010272207,1186482277,山西省朔州市朔城区神头街道神头一电厂社区居委会新建路神头镇吉庄村北900米,31B0,144100701,朔州,神头,AC00101,1130.0,山西,0.0,2020-07-09
朔州山水新时代水泥有限责任公司,1010723877,1467298176,山西省朔州市朔城区神头街道神头电建二公司社区居委会神朔路神头镇吉庄村,31B0,144100701,朔州,神头,AC01101,32500.0,山西,257400.0,2020-07-09
晋城山水水泥有限责任公司,1119394732,1187446248,山西省晋城市阳城县蟒河镇风门村村中路1号,31B0,144110601,晋城,客服,AC00351,16850.0,山西,109480.0,2020-07-10
朔州山水新时代水泥有限责任公司,1010272207,1186482277,山西省朔州市朔城区神头街道神头一电厂社区居委会新建路神头镇吉庄村北900米,31B0,144100701,朔州,神头,AC00101,1130.0,山西,0.0,2020-07-10
朔州山水新时代水泥有限责任公司,1010723877,1467298176,山西省朔州市朔城区神头街道神头电建二公司社区居委会神朔路神头镇吉庄村,31B0,144100701,朔州,神头,AC01101,32500.0,山西,222420.0,2020-07-10
晋城山水水泥有限责任公司,1119394732,1187446248,山西省晋城市阳城县蟒河镇风门村村中路1号,31B0,144110601,晋城,客服,AC00351,16850.0,山西,210280.0,2020-07-16
朔州山水新时代水泥有限责任公司,1010272207,1186482277,山西省朔州市朔城区神头街道神头一电厂社区居委会新建路神头镇吉庄村北900米,31B0,144100701,朔州,神头,AC00101,1130.0,山西,0.0,2020-07-11
朔州山水新时代水泥有限责任公司,1010723877,1467298176,山西省朔州市朔城区神头街道神头电建二公司社区居委会神朔路神头镇吉庄村,31B0,144100701,朔州,神头,AC01101,32500.0,山西,234300.0,2020-07-11
晋城山水水泥有限责任公司,1119394732,1187446248,山西省晋城市阳城县蟒河镇风门村村中路1号,31B0,144110601,晋城,客服,AC00351,16850.0,山西,108640.0,2020-07-11
朔州山水新时代水泥有限责任公司,1010272207,1186482277,山西省朔州市朔城区神头街道神头一电厂社区居委会新建路神头镇吉庄村北900米,31B0,144100701,朔州,神头,AC00101,1130.0,山西,0.0,2020-07-12
朔州山水新时代水泥有限责任公司,1010723877,1467298176,山西省朔州市朔城区神头街道神头电建二公司社区居委会神朔路神头镇吉庄村,31B0,144100701,朔州,神头,AC01101,32500.0,山西,161700.0,2020-07-12
晋城山水水泥有限责任公司,1119394732,1187446248,山西省晋城市阳城县蟒河镇风门村村中路1号,31B0,144110601,晋城,客服,AC00351,16850.0,山西,81200.0,2020-07-13
朔州山水新时代水泥有限责任公司,1010272207,1186482277,山西省朔州市朔城区神头街道神头一电厂社区居委会新建路神头镇吉庄村北900米,31B0,144100701,朔州,神头,AC00101,1130.0,山西,0.0,2020-07-13
朔州山水新时代水泥有限责任公司,1010723877,1467298176,山西省朔州市朔城区神头街道神头电建二公司社区居委会神朔路神头镇吉庄村,31B0,144100701,朔州,神头,AC01101,32500.0,山西,153120.0,2020-07-13
晋城山水水泥有限责任公司,1119394732,1187446248,山西省晋城市阳城县蟒河镇风门村村中路1号,31B0,144110601,晋城,客服,AC00351,16850.0,山西,110880.0,2020-07-14
朔州山水新时代水泥有限责任公司,1010723877,1467298176,山西省朔州市朔城区神头街道神头电建二公司社区居委会神朔路神头镇吉庄村,31B0,144100701,朔州,神头,AC01101,32500.0,山西,221100.0,2020-07-14
朔州山水新时代水泥有限责任公司,1010272207,1186482277,山西省朔州市朔城区神头街道神头一电厂社区居委会新建路神头镇吉庄村北900米,31B0,144100701,朔州,神头,AC00101,1130.0,山西,0.0,2020-07-14
晋城山水水泥有限责任公司,1119394732,1187446248,山西省晋城市阳城县蟒河镇风门村村中路1号,31B0,144110601,晋城,客服,AC00351,16850.0,山西,169120.0,2020-07-15
朔州山水新时代水泥有限责任公司,1010272207,1186482277,山西省朔州市朔城区神头街道神头一电厂社区居委会新建路神头镇吉庄村北900米,31B0,144100701,朔州,神头,AC00101,1130.0,山西,0.0,2020-07-15
朔州山水新时代水泥有限责任公司,1010723877,1467298176,山西省朔州市朔城区神头街道神头电建二公司社区居委会神朔路神头镇吉庄村,31B0,144100701,朔州,神头,AC01101,32500.0,山西,180840.0,2020-07-15
朔州山水新时代水泥有限责任公司,1010723877,1467298176,山西省朔州市朔城区神头街道神头电建二公司社区居委会神朔路神头镇吉庄村,31B0,144100701,朔州,神头,AC01101,32500.0,山西,180840.0,2020-07-16
朔州山水新时代水泥有限责任公司,1010272207,1186482277,山西省朔州市朔城区神头街道神头一电厂社区居委会新建路神头镇吉庄村北900米,31B0,144100701,朔州,神头,AC00101,1130.0,山西,0.0,2020-07-16
晋城山水水泥有限责任公司,1119394732,1187446248,山西省晋城市阳城县蟒河镇风门村村中路1号,31B0,144110601,晋城,客服,AC00351,16850.0,山西,173040.0,2020-07-17
朔州山水新时代水泥有限责任公司,1010272207,1186482277,山西省朔州市朔城区神头街道神头一电厂社区居委会新建路神头镇吉庄村北900米,31B0,144100701,朔州,神头,AC00101,1130.0,山西,0.0,2020-07-17
朔州山水新时代水泥有限责任公司,1010723877,1467298176,山西省朔州市朔城区神头街道神头电建二公司社区居委会神朔路神头镇吉庄村,31B0,144100701,朔州,神头,AC01101,32500.0,山西,228360.0,2020-07-17
朔州山水新时代水泥有限责任公司,1010272207,1186482277,山西省朔州市朔城区神头街道神头一电厂社区居委会新建路神头镇吉庄村北900米,31B0,144100701,朔州,神头,AC00101,1130.0,山西,0.0,2020-07-18
晋城山水水泥有限责任公司,1119394732,1187446248,山西省晋城市阳城县蟒河镇风门村村中路1号,31B0,144110601,晋城,客服,AC00351,16850.0,山西,200760.0,2020-07-19
晋城山水水泥有限责任公司,1119394732,1187446248,山西省晋城市阳城县蟒河镇风门村村中路1号,31B0,144110601,晋城,客服,AC00351,16850.0,山西,200480.0,2020-07-20
朔州山水新时代水泥有限责任公司,1010272207,1186482277,山西省朔州市朔城区神头街道神头一电厂社区居委会新建路神头镇吉庄村北900米,31B0,144100701,朔州,神头,AC00101,1130.0,山西,0.0,2020-07-20
朔州山水新时代水泥有限责任公司,1010272207,1186482277,山西省朔州市朔城区神头街道神头一电厂社区居委会新建路神头镇吉庄村北900米,31B0,144100701,朔州,神头,AC00101,1130.0,山西,0.0,2020-07-22
朔州山水新时代水泥有限责任公司,1010723877,1467298176,山西省朔州市朔城区神头街道神头电建二公司社区居委会神朔路神头镇吉庄村,31B0,144100701,朔州,神头,AC01101,32500.0,山西,198000.0,2020-07-20
朔州山水新时代水泥有限责任公司,1010272207,1186482277,山西省朔州市朔城区神头街道神头一电厂社区居委会新建路神头镇吉庄村北900米,31B0,144100701,朔州,神头,AC00101,1130.0,山西,0.0,2020-07-21
晋城山水水泥有限责任公司,1119394732,1187446248,山西省晋城市阳城县蟒河镇风门村村中路1号,31B0,144110601,晋城,客服,AC00351,16850.0,山西,211960.0,2020-07-21
朔州山水新时代水泥有限责任公司,1010723877,1467298176,山西省朔州市朔城区神头街道神头电建二公司社区居委会神朔路神头镇吉庄村,31B0,144100701,朔州,神头,AC01101,32500.0,山西,219780.0,2020-07-21
晋城山水水泥有限责任公司,1119394732,1187446248,山西省晋城市阳城县蟒河镇风门村村中路1号,31B0,144110601,晋城,客服,AC00351,16850.0,山西,210560.0,2020-07-22
朔州山水新时代水泥有限责任公司,1010723877,1467298176,山西省朔州市朔城区神头街道神头电建二公司社区居委会神朔路神头镇吉庄村,31B0,144100701,朔州,神头,AC01101,32500.0,山西,141900.0,2020-07-22
晋城山水水泥有限责任公司,1119394732,1187446248,山西省晋城市阳城县蟒河镇风门村村中路1号,31B0,144110601,晋城,客服,AC00351,16850.0,山西,210280.0,2020-07-23
朔州山水新时代水泥有限责任公司,1010723877,1467298176,山西省朔州市朔城区神头街道神头电建二公司社区居委会神朔路神头镇吉庄村,31B0,144100701,朔州,神头,AC01101,32500.0,山西,143220.0,2020-07-23
朔州山水新时代水泥有限责任公司,1010272207,1186482277,山西省朔州市朔城区神头街道神头一电厂社区居委会新建路神头镇吉庄村北900米,31B0,144100701,朔州,神头,AC00101,1130.0,山西,0.0,2020-07-23
朔州山水新时代水泥有限责任公司,1010272207,1186482277,山西省朔州市朔城区神头街道神头一电厂社区居委会新建路神头镇吉庄村北900米,31B0,144100701,朔州,神头,AC00101,1130.0,山西,0.0,2020-07-24
晋城山水水泥有限责任公司,1119394732,1187446248,山西省晋城市阳城县蟒河镇风门村村中路1号,31B0,144110601,晋城,客服,AC00351,16850.0,山西,217560.0,2020-07-24
朔州山水新时代水泥有限责任公司,1010723877,1467298176,山西省朔州市朔城区神头街道神头电建二公司社区居委会神朔路神头镇吉庄村,31B0,144100701,朔州,神头,AC01101,32500.0,山西,172920.0,2020-07-24
晋城山水水泥有限责任公司,1119394732,1187446248,山西省晋城市阳城县蟒河镇风门村村中路1号,31B0,144110601,晋城,客服,AC00351,16850.0,山西,218680.0,2020-07-25
朔州山水新时代水泥有限责任公司,1010272207,1186482277,山西省朔州市朔城区神头街道神头一电厂社区居委会新建路神头镇吉庄村北900米,31B0,144100701,朔州,神头,AC00101,1130.0,山西,0.0,2020-07-25
朔州山水新时代水泥有限责任公司,1010723877,1467298176,山西省朔州市朔城区神头街道神头电建二公司社区居委会神朔路神头镇吉庄村,31B0,144100701,朔州,神头,AC01101,32500.0,山西,227040.0,2020-07-25
晋城山水水泥有限责任公司,1119394732,1187446248,山西省晋城市阳城县蟒河镇风门村村中路1号,31B0,144110601,晋城,客服,AC00351,16850.0,山西,204120.0,2020-07-26
朔州山水新时代水泥有限责任公司,1010272207,1186482277,山西省朔州市朔城区神头街道神头一电厂社区居委会新建路神头镇吉庄村北900米,31B0,144100701,朔州,神头,AC00101,1130.0,山西,0.0,2020-07-26
朔州山水新时代水泥有限责任公司,1010723877,1467298176,山西省朔州市朔城区神头街道神头电建二公司社区居委会神朔路神头镇吉庄村,31B0,144100701,朔州,神头,AC01101,32500.0,山西,105600.0,2020-07-26
朔州山水新时代水泥有限责任公司,1010723877,1467298176,山西省朔州市朔城区神头街道神头电建二公司社区居委会神朔路神头镇吉庄村,31B0,144100701,朔州,神头,AC01101,32500.0,山西,116820.0,2020-07-27
朔州山水新时代水泥有限责任公司,1010272207,1186482277,山西省朔州市朔城区神头街道神头一电厂社区居委会新建路神头镇吉庄村北900米,31B0,144100701,朔州,神头,AC00101,1130.0,山西,0.0,2020-07-27
晋城山水水泥有限责任公司,1119394732,1187446248,山西省晋城市阳城县蟒河镇风门村村中路1号,31B0,144110601,晋城,客服,AC00351,16850.0,山西,221760.0,2020-07-27
晋城山水水泥有限责任公司,1119394732,1187446248,山西省晋城市阳城县蟒河镇风门村村中路1号,31B0,144110601,晋城,客服,AC00351,16850.0,山西,224840.0,2020-07-28
朔州山水新时代水泥有限责任公司,1010272207,1186482277,山西省朔州市朔城区神头街道神头一电厂社区居委会新建路神头镇吉庄村北900米,31B0,144100701,朔州,神头,AC00101,1130.0,山西,0.0,2020-07-28
朔州山水新时代水泥有限责任公司,1010723877,1467298176,山西省朔州市朔城区神头街道神头电建二公司社区居委会神朔路神头镇吉庄村,31B0,144100701,朔州,神头,AC01101,32500.0,山西,112200.0,2020-07-28
晋城山水水泥有限责任公司,1119394732,1187446248,山西省晋城市阳城县蟒河镇风门村村中路1号,31B0,144110601,晋城,客服,AC00351,16850.0,山西,225400.0,2020-07-29
朔州山水新时代水泥有限责任公司,1010723877,1467298176,山西省朔州市朔城区神头街道神头电建二公司社区居委会神朔路神头镇吉庄村,31B0,144100701,朔州,神头,AC01101,32500.0,山西,96360.0,2020-07-29
朔州山水新时代水泥有限责任公司,1010272207,1186482277,山西省朔州市朔城区神头街道神头一电厂社区居委会新建路神头镇吉庄村北900米,31B0,144100701,朔州,神头,AC00101,1130.0,山西,0.0,2020-07-29
朔州山水新时代水泥有限责任公司,1010272207,1186482277,山西省朔州市朔城区神头街道神头一电厂社区居委会新建路神头镇吉庄村北900米,31B0,144100701,朔州,神头,AC00101,1130.0,山西,0.0,2020-07-30
晋城山水水泥有限责任公司,1119394732,1187446248,山西省晋城市阳城县蟒河镇风门村村中路1号,31B0,144110601,晋城,客服,AC00351,16850.0,山西,224560.0,2020-07-30
朔州山水新时代水泥有限责任公司,1010723877,1467298176,山西省朔州市朔城区神头街道神头电建二公司社区居委会神朔路神头镇吉庄村,31B0,144100701,朔州,神头,AC01101,32500.0,山西,15840.0,2020-07-30
晋城山水水泥有限责任公司,1119394732,1187446248,山西省晋城市阳城县蟒河镇风门村村中路1号,31B0,144110601,晋城,客服,AC00351,16850.0,山西,219240.0,2020-07-31
朔州山水新时代水泥有限责任公司,1010723877,1467298176,山西省朔州市朔城区神头街道神头电建二公司社区居委会神朔路神头镇吉庄村,31B0,144100701,朔州,神头,AC01101,32500.0,山西,10560.0,2020-07-31
朔州山水新时代水泥有限责任公司,1010272207,1186482277,山西省朔州市朔城区神头街道神头一电厂社区居委会新建路神头镇吉庄村北900米,31B0,144100701,朔州,神头,AC00101,1130.0,山西,0.0,2020-07-31
朔州山水新时代水泥有限责任公司,1010723877,1467298176,山西省朔州市朔城区神头街道神头电建二公司社区居委会神朔路神头镇吉庄村,31B0,144100701,朔州,神头,AC01101,32500.0,山西,9900.0,2020-08-01
晋城山水水泥有限责任公司,1119394732,1187446248,山西省晋城市阳城县蟒河镇风门村村中路1号,31B0,144110601,晋城,客服,AC00351,16850.0,山西,220080.0,2020-08-01
朔州山水新时代水泥有限责任公司,1010272207,1186482277,山西省朔州市朔城区神头街道神头一电厂社区居委会新建路神头镇吉庄村北900米,31B0,144100701,朔州,神头,AC00101,1130.0,山西,0.0,2020-08-01
晋城山水水泥有限责任公司,1119394732,1187446248,山西省晋城市阳城县蟒河镇风门村村中路1号,31B0,144110601,晋城,客服,AC00351,16850.0,山西,222880.0,2020-08-02
朔州山水新时代水泥有限责任公司,1010272207,1186482277,山西省朔州市朔城区神头街道神头一电厂社区居委会新建路神头镇吉庄村北900米,31B0,144100701,朔州,神头,AC00101,1130.0,山西,0.0,2020-08-02
朔州山水新时代水泥有限责任公司,1010723877,1467298176,山西省朔州市朔城区神头街道神头电建二公司社区居委会神朔路神头镇吉庄村,31B0,144100701,朔州,神头,AC01101,32500.0,山西,10560.0,2020-08-02
朔州山水新时代水泥有限责任公司,1010272207,1186482277,山西省朔州市朔城区神头街道神头一电厂社区居委会新建路神头镇吉庄村北900米,31B0,144100701,朔州,神头,AC00101,1130.0,山西,0.0,2020-08-03
晋城山水水泥有限责任公司,1119394732,1187446248,山西省晋城市阳城县蟒河镇风门村村中路1号,31B0,144110601,晋城,客服,AC00351,16850.0,山西,229320.0,2020-08-03
朔州山水新时代水泥有限责任公司,1010723877,1467298176,山西省朔州市朔城区神头街道神头电建二公司社区居委会神朔路神头镇吉庄村,31B0,144100701,朔州,神头,AC01101,32500.0,山西,11880.0,2020-08-03
晋城山水水泥有限责任公司,1119394732,1187446248,山西省晋城市阳城县蟒河镇风门村村中路1号,31B0,144110601,晋城,客服,AC00351,16850.0,山西,220920.0,2020-08-04
朔州山水新时代水泥有限责任公司,1010272207,1186482277,山西省朔州市朔城区神头街道神头一电厂社区居委会新建路神头镇吉庄村北900米,31B0,144100701,朔州,神头,AC00101,1130.0,山西,0.0,2020-08-04
朔州山水新时代水泥有限责任公司,1010723877,1467298176,山西省朔州市朔城区神头街道神头电建二公司社区居委会神朔路神头镇吉庄村,31B0,144100701,朔州,神头,AC01101,32500.0,山西,54780.0,2020-08-04
晋城山水水泥有限责任公司,1119394732,1187446248,山西省晋城市阳城县蟒河镇风门村村中路1号,31B0,144110601,晋城,客服,AC00351,16850.0,山西,233240.0,2020-08-05
朔州山水新时代水泥有限责任公司,1010272207,1186482277,山西省朔州市朔城区神头街道神头一电厂社区居委会新建路神头镇吉庄村北900米,31B0,144100701,朔州,神头,AC00101,1130.0,山西,0.0,2020-08-05
朔州山水新时代水泥有限责任公司,1010723877,1467298176,山西省朔州市朔城区神头街道神头电建二公司社区居委会神朔路神头镇吉庄村,31B0,144100701,朔州,神头,AC01101,32500.0,山西,124080.0,2020-08-05
晋城山水水泥有限责任公司,1119394732,1187446248,山西省晋城市阳城县蟒河镇风门村村中路1号,31B0,144110601,晋城,客服,AC00351,16850.0,山西,236040.0,2020-08-06
朔州山水新时代水泥有限责任公司,1010723877,1467298176,山西省朔州市朔城区神头街道神头电建二公司社区居委会神朔路神头镇吉庄村,31B0,144100701,朔州,神头,AC01101,32500.0,山西,164340.0,2020-08-06
朔州山水新时代水泥有限责任公司,1010272207,1186482277,山西省朔州市朔城区神头街道神头一电厂社区居委会新建路神头镇吉庄村北900米,31B0,144100701,朔州,神头,AC00101,1130.0,山西,0.0,2020-08-06
晋城山水水泥有限责任公司,1119394732,1187446248,山西省晋城市阳城县蟒河镇风门村村中路1号,31B0,144110601,晋城,客服,AC00351,16850.0,山西,237440.0,2020-08-07
朔州山水新时代水泥有限责任公司,1010272207,1186482277,山西省朔州市朔城区神头街道神头一电厂社区居委会新建路神头镇吉庄村北900米,31B0,144100701,朔州,神头,AC00101,1130.0,山西,0.0,2020-08-07
朔州山水新时代水泥有限责任公司,1010723877,1467298176,山西省朔州市朔城区神头街道神头电建二公司社区居委会神朔路神头镇吉庄村,31B0,144100701,朔州,神头,AC01101,32500.0,山西,252120.0,2020-08-07
朔州山水新时代水泥有限责任公司,1010272207,1186482277,山西省朔州市朔城区神头街道神头一电厂社区居委会新建路神头镇吉庄村北900米,31B0,144100701,朔州,神头,AC00101,1130.0,山西,0.0,2020-08-08
晋城山水水泥有限责任公司,1119394732,1187446248,山西省晋城市阳城县蟒河镇风门村村中路1号,31B0,144110601,晋城,客服,AC00351,16850.0,山西,234920.0,2020-08-08
朔州山水新时代水泥有限责任公司,1010723877,1467298176,山西省朔州市朔城区神头街道神头电建二公司社区居委会神朔路神头镇吉庄村,31B0,144100701,朔州,神头,AC01101,32500.0,山西,245520.0,2020-08-08
晋城山水水泥有限责任公司,1119394732,1187446248,山西省晋城市阳城县蟒河镇风门村村中路1号,31B0,144110601,晋城,客服,AC00351,16850.0,山西,228480.0,2020-08-09
朔州山水新时代水泥有限责任公司,1010272207,1186482277,山西省朔州市朔城区神头街道神头一电厂社区居委会新建路神头镇吉庄村北900米,31B0,144100701,朔州,神头,AC00101,1130.0,山西,0.0,2020-08-09
朔州山水新时代水泥有限责任公司,1010723877,1467298176,山西省朔州市朔城区神头街道神头电建二公司社区居委会神朔路神头镇吉庄村,31B0,144100701,朔州,神头,AC01101,32500.0,山西,248820.0,2020-08-09
朔州山水新时代水泥有限责任公司,1010723877,1467298176,山西省朔州市朔城区神头街道神头电建二公司社区居委会神朔路神头镇吉庄村,31B0,144100701,朔州,神头,AC01101,32500.0,山西,255420.0,2020-08-10
晋城山水水泥有限责任公司,1119394732,1187446248,山西省晋城市阳城县蟒河镇风门村村中路1号,31B0,144110601,晋城,客服,AC00351,16850.0,山西,221480.0,2020-08-10
朔州山水新时代水泥有限责任公司,1010272207,1186482277,山西省朔州市朔城区神头街道神头一电厂社区居委会新建路神头镇吉庄村北900米,31B0,144100701,朔州,神头,AC00101,1130.0,山西,0.0,2020-08-10
晋城山水水泥有限责任公司,1119394732,1187446248,山西省晋城市阳城县蟒河镇风门村村中路1号,31B0,144110601,晋城,客服,AC00351,16850.0,山西,225960.0,2020-08-11
朔州山水新时代水泥有限责任公司,1010272207,1186482277,山西省朔州市朔城区神头街道神头一电厂社区居委会新建路神头镇吉庄村北900米,31B0,144100701,朔州,神头,AC00101,1130.0,山西,0.0,2020-08-11
朔州山水新时代水泥有限责任公司,1010723877,1467298176,山西省朔州市朔城区神头街道神头电建二公司社区居委会神朔路神头镇吉庄村,31B0,144100701,朔州,神头,AC01101,32500.0,山西,138600.0,2020-08-11
朔州山水新时代水泥有限责任公司,1010272207,1186482277,山西省朔州市朔城区神头街道神头一电厂社区居委会新建路神头镇吉庄村北900米,31B0,144100701,朔州,神头,AC00101,1130.0,山西,0.0,2020-08-12
朔州山水新时代水泥有限责任公司,1010723877,1467298176,山西省朔州市朔城区神头街道神头电建二公司社区居委会神朔路神头镇吉庄村,31B0,144100701,朔州,神头,AC01101,32500.0,山西,216480.0,2020-08-12
晋城山水水泥有限责任公司,1119394732,1187446248,山西省晋城市阳城县蟒河镇风门村村中路1号,31B0,144110601,晋城,客服,AC00351,16850.0,山西,231280.0,2020-08-12
晋城山水水泥有限责任公司,1119394732,1187446248,山西省晋城市阳城县蟒河镇风门村村中路1号,31B0,144110601,晋城,客服,AC00351,16850.0,山西,228480.0,2020-08-13
朔州山水新时代水泥有限责任公司,1010272207,1186482277,山西省朔州市朔城区神头街道神头一电厂社区居委会新建路神头镇吉庄村北900米,31B0,144100701,朔州,神头,AC00101,1130.0,山西,0.0,2020-08-13
朔州山水新时代水泥有限责任公司,1010723877,1467298176,山西省朔州市朔城区神头街道神头电建二公司社区居委会神朔路神头镇吉庄村,31B0,144100701,朔州,神头,AC01101,32500.0,山西,269940.0,2020-08-13
晋城山水水泥有限责任公司,1119394732,1187446248,山西省晋城市阳城县蟒河镇风门村村中路1号,31B0,144110601,晋城,客服,AC00351,16850.0,山西,225400.0,2020-08-14
朔州山水新时代水泥有限责任公司,1010272207,1186482277,山西省朔州市朔城区神头街道神头一电厂社区居委会新建路神头镇吉庄村北900米,31B0,144100701,朔州,神头,AC00101,1130.0,山西,0.0,2020-08-14
朔州山水新时代水泥有限责任公司,1010723877,1467298176,山西省朔州市朔城区神头街道神头电建二公司社区居委会神朔路神头镇吉庄村,31B0,144100701,朔州,神头,AC01101,32500.0,山西,190740.0,2020-08-14
朔州山水新时代水泥有限责任公司,1010272207,1186482277,山西省朔州市朔城区神头街道神头一电厂社区居委会新建路神头镇吉庄村北900米,31B0,144100701,朔州,神头,AC00101,1130.0,山西,0.0,2020-08-15
朔州山水新时代水泥有限责任公司,1010723877,1467298176,山西省朔州市朔城区神头街道神头电建二公司社区居委会神朔路神头镇吉庄村,31B0,144100701,朔州,神头,AC01101,32500.0,山西,269280.0,2020-08-15
晋城山水水泥有限责任公司,1119394732,1187446248,山西省晋城市阳城县蟒河镇风门村村中路1号,31B0,144110601,晋城,客服,AC00351,16850.0,山西,223160.0,2020-08-15
朔州山水新时代水泥有限责任公司,1010272207,1186482277,山西省朔州市朔城区神头街道神头一电厂社区居委会新建路神头镇吉庄村北900米,31B0,144100701,朔州,神头,AC00101,1130.0,山西,0.0,2020-08-16
晋城山水水泥有限责任公司,1119394732,1187446248,山西省晋城市阳城县蟒河镇风门村村中路1号,31B0,144110601,晋城,客服,AC00351,16850.0,山西,222600.0,2020-08-16
朔州山水新时代水泥有限责任公司,1010723877,1467298176,山西省朔州市朔城区神头街道神头电建二公司社区居委会神朔路神头镇吉庄村,31B0,144100701,朔州,神头,AC01101,32500.0,山西,191400.0,2020-08-16
朔州山水新时代水泥有限责任公司,1010272207,1186482277,山西省朔州市朔城区神头街道神头一电厂社区居委会新建路神头镇吉庄村北900米,31B0,144100701,朔州,神头,AC00101,1130.0,山西,0.0,2020-08-17
晋城山水水泥有限责任公司,1119394732,1187446248,山西省晋城市阳城县蟒河镇风门村村中路1号,31B0,144110601,晋城,客服,AC00351,16850.0,山西,221480.0,2020-08-17
朔州山水新时代水泥有限责任公司,1010723877,1467298176,山西省朔州市朔城区神头街道神头电建二公司社区居委会神朔路神头镇吉庄村,31B0,144100701,朔州,神头,AC01101,32500.0,山西,198660.0,2020-08-17
晋城山水水泥有限责任公司,1119394732,1187446248,山西省晋城市阳城县蟒河镇风门村村中路1号,31B0,144110601,晋城,客服,AC00351,16850.0,山西,220920.0,2020-08-18
朔州山水新时代水泥有限责任公司,1010272207,1186482277,山西省朔州市朔城区神头街道神头一电厂社区居委会新建路神头镇吉庄村北900米,31B0,144100701,朔州,神头,AC00101,1130.0,山西,0.0,2020-08-18
朔州山水新时代水泥有限责任公司,1010723877,1467298176,山西省朔州市朔城区神头街道神头电建二公司社区居委会神朔路神头镇吉庄村,31B0,144100701,朔州,神头,AC01101,32500.0,山西,257400.0,2020-08-18
朔州山水新时代水泥有限责任公司,1010272207,1186482277,山西省朔州市朔城区神头街道神头一电厂社区居委会新建路神头镇吉庄村北900米,31B0,144100701,朔州,神头,AC00101,1130.0,山西,0.0,2020-08-19
朔州山水新时代水泥有限责任公司,1010723877,1467298176,山西省朔州市朔城区神头街道神头电建二公司社区居委会神朔路神头镇吉庄村,31B0,144100701,朔州,神头,AC01101,32500.0,山西,196020.0,2020-08-19
晋城山水水泥有限责任公司,1119394732,1187446248,山西省晋城市阳城县蟒河镇风门村村中路1号,31B0,144110601,晋城,客服,AC00351,16850.0,山西,226520.0,2020-08-19
朔州山水新时代水泥有限责任公司,1010272207,1186482277,山西省朔州市朔城区神头街道神头一电厂社区居委会新建路神头镇吉庄村北900米,31B0,144100701,朔州,神头,AC00101,1130.0,山西,0.0,2020-08-20
晋城山水水泥有限责任公司,1119394732,1187446248,山西省晋城市阳城县蟒河镇风门村村中路1号,31B0,144110601,晋城,客服,AC00351,16850.0,山西,229880.0,2020-08-20
朔州山水新时代水泥有限责任公司,1010723877,1467298176,山西省朔州市朔城区神头街道神头电建二公司社区居委会神朔路神头镇吉庄村,31B0,144100701,朔州,神头,AC01101,32500.0,山西,266640.0,2020-08-20
朔州山水新时代水泥有限责任公司,1010272207,1186482277,山西省朔州市朔城区神头街道神头一电厂社区居委会新建路神头镇吉庄村北900米,31B0,144100701,朔州,神头,AC00101,1130.0,山西,0.0,2020-08-21
朔州山水新时代水泥有限责任公司,1010723877,1467298176,山西省朔州市朔城区神头街道神头电建二公司社区居委会神朔路神头镇吉庄村,31B0,144100701,朔州,神头,AC01101,32500.0,山西,246180.0,2020-08-21
晋城山水水泥有限责任公司,1119394732,1187446248,山西省晋城市阳城县蟒河镇风门村村中路1号,31B0,144110601,晋城,客服,AC00351,16850.0,山西,194320.0,2020-11-11
晋城山水水泥有限责任公司,1119394732,1187446248,山西省晋城市阳城县蟒河镇风门村村中路1号,31B0,144110601,晋城,客服,AC00351,16850.0,山西,224560.0,2020-08-21
朔州山水新时代水泥有限责任公司,1010272207,1186482277,山西省朔州市朔城区神头街道神头一电厂社区居委会新建路神头镇吉庄村北900米,31B0,144100701,朔州,神头,AC00101,1130.0,山西,0.0,2020-08-22
晋城山水水泥有限责任公司,1119394732,1187446248,山西省晋城市阳城县蟒河镇风门村村中路1号,31B0,144110601,晋城,客服,AC00351,16850.0,山西,229880.0,2020-08-22
朔州山水新时代水泥有限责任公司,1010723877,1467298176,山西省朔州市朔城区神头街道神头电建二公司社区居委会神朔路神头镇吉庄村,31B0,144100701,朔州,神头,AC01101,32500.0,山西,220440.0,2020-08-22
晋城山水水泥有限责任公司,1119394732,1187446248,山西省晋城市阳城县蟒河镇风门村村中路1号,31B0,144110601,晋城,客服,AC00351,16850.0,山西,227360.0,2020-08-23
朔州山水新时代水泥有限责任公司,1010272207,1186482277,山西省朔州市朔城区神头街道神头一电厂社区居委会新建路神头镇吉庄村北900米,31B0,144100701,朔州,神头,AC00101,1130.0,山西,0.0,2020-08-23
朔州山水新时代水泥有限责任公司,1010723877,1467298176,山西省朔州市朔城区神头街道神头电建二公司社区居委会神朔路神头镇吉庄村,31B0,144100701,朔州,神头,AC01101,32500.0,山西,227700.0,2020-08-23
朔州山水新时代水泥有限责任公司,1010272207,1186482277,山西省朔州市朔城区神头街道神头一电厂社区居委会新建路神头镇吉庄村北900米,31B0,144100701,朔州,神头,AC00101,1130.0,山西,0.0,2020-08-24
晋城山水水泥有限责任公司,1119394732,1187446248,山西省晋城市阳城县蟒河镇风门村村中路1号,31B0,144110601,晋城,客服,AC00351,16850.0,山西,225960.0,2020-08-24
朔州山水新时代水泥有限责任公司,1010723877,1467298176,山西省朔州市朔城区神头街道神头电建二公司社区居委会神朔路神头镇吉庄村,31B0,144100701,朔州,神头,AC01101,32500.0,山西,214500.0,2020-08-24
朔州山水新时代水泥有限责任公司,1010272207,1186482277,山西省朔州市朔城区神头街道神头一电厂社区居委会新建路神头镇吉庄村北900米,31B0,144100701,朔州,神头,AC00101,1130.0,山西,0.0,2020-08-25
晋城山水水泥有限责任公司,1119394732,1187446248,山西省晋城市阳城县蟒河镇风门村村中路1号,31B0,144110601,晋城,客服,AC00351,16850.0,山西,216440.0,2020-08-25
朔州山水新时代水泥有限责任公司,1010723877,1467298176,山西省朔州市朔城区神头街道神头电建二公司社区居委会神朔路神头镇吉庄村,31B0,144100701,朔州,神头,AC01101,32500.0,山西,258720.0,2020-08-25
朔州山水新时代水泥有限责任公司,1010723877,1467298176,山西省朔州市朔城区神头街道神头电建二公司社区居委会神朔路神头镇吉庄村,31B0,144100701,朔州,神头,AC01101,32500.0,山西,244860.0,2020-08-26
朔州山水新时代水泥有限责任公司,1010272207,1186482277,山西省朔州市朔城区神头街道神头一电厂社区居委会新建路神头镇吉庄村北900米,31B0,144100701,朔州,神头,AC00101,1130.0,山西,0.0,2020-08-26
晋城山水水泥有限责任公司,1119394732,1187446248,山西省晋城市阳城县蟒河镇风门村村中路1号,31B0,144110601,晋城,客服,AC00351,16850.0,山西,61040.0,2020-08-26
晋城山水水泥有限责任公司,1119394732,1187446248,山西省晋城市阳城县蟒河镇风门村村中路1号,31B0,144110601,晋城,客服,AC00351,16850.0,山西,73080.0,2020-08-27
朔州山水新时代水泥有限责任公司,1010272207,1186482277,山西省朔州市朔城区神头街道神头一电厂社区居委会新建路神头镇吉庄村北900米,31B0,144100701,朔州,神头,AC00101,1130.0,山西,0.0,2020-08-27
朔州山水新时代水泥有限责任公司,1010723877,1467298176,山西省朔州市朔城区神头街道神头电建二公司社区居委会神朔路神头镇吉庄村,31B0,144100701,朔州,神头,AC01101,32500.0,山西,249480.0,2020-08-27
朔州山水新时代水泥有限责任公司,1010723877,1467298176,山西省朔州市朔城区神头街道神头电建二公司社区居委会神朔路神头镇吉庄村,31B0,144100701,朔州,神头,AC01101,32500.0,山西,215820.0,2020-08-28
朔州山水新时代水泥有限责任公司,1010272207,1186482277,山西省朔州市朔城区神头街道神头一电厂社区居委会新建路神头镇吉庄村北900米,31B0,144100701,朔州,神头,AC00101,1130.0,山西,0.0,2020-08-28
朔州山水新时代水泥有限责任公司,1010272207,1186482277,山西省朔州市朔城区神头街道神头一电厂社区居委会新建路神头镇吉庄村北900米,31B0,144100701,朔州,神头,AC00101,1130.0,山西,0.0,2020-08-29
朔州山水新时代水泥有限责任公司,1010723877,1467298176,山西省朔州市朔城区神头街道神头电建二公司社区居委会神朔路神头镇吉庄村,31B0,144100701,朔州,神头,AC01101,32500.0,山西,248820.0,2020-08-29
晋城山水水泥有限责任公司,1119394732,1187446248,山西省晋城市阳城县蟒河镇风门村村中路1号,31B0,144110601,晋城,客服,AC00351,16850.0,山西,107800.0,2020-08-30
朔州山水新时代水泥有限责任公司,1010272207,1186482277,山西省朔州市朔城区神头街道神头一电厂社区居委会新建路神头镇吉庄村北900米,31B0,144100701,朔州,神头,AC00101,1130.0,山西,0.0,2020-08-30
朔州山水新时代水泥有限责任公司,1010723877,1467298176,山西省朔州市朔城区神头街道神头电建二公司社区居委会神朔路神头镇吉庄村,31B0,144100701,朔州,神头,AC01101,32500.0,山西,251460.0,2020-08-30
晋城山水水泥有限责任公司,1119394732,1187446248,山西省晋城市阳城县蟒河镇风门村村中路1号,31B0,144110601,晋城,客服,AC00351,16850.0,山西,112560.0,2020-08-31
朔州山水新时代水泥有限责任公司,1010272207,1186482277,山西省朔州市朔城区神头街道神头一电厂社区居委会新建路神头镇吉庄村北900米,31B0,144100701,朔州,神头,AC00101,1130.0,山西,0.0,2020-08-31
朔州山水新时代水泥有限责任公司,1010272207,1186482277,山西省朔州市朔城区神头街道神头一电厂社区居委会新建路神头镇吉庄村北900米,31B0,144100701,朔州,神头,AC00101,1130.0,山西,0.0,2020-09-04
朔州山水新时代水泥有限责任公司,1010723877,1467298176,山西省朔州市朔城区神头街道神头电建二公司社区居委会神朔路神头镇吉庄村,31B0,144100701,朔州,神头,AC01101,32500.0,山西,231660.0,2020-08-31
朔州山水新时代水泥有限责任公司,1010272207,1186482277,山西省朔州市朔城区神头街道神头一电厂社区居委会新建路神头镇吉庄村北900米,31B0,144100701,朔州,神头,AC00101,1130.0,山西,0.0,2020-09-01
晋城山水水泥有限责任公司,1119394732,1187446248,山西省晋城市阳城县蟒河镇风门村村中路1号,31B0,144110601,晋城,客服,AC00351,16850.0,山西,110880.0,2020-09-01
朔州山水新时代水泥有限责任公司,1010723877,1467298176,山西省朔州市朔城区神头街道神头电建二公司社区居委会神朔路神头镇吉庄村,31B0,144100701,朔州,神头,AC01101,32500.0,山西,234960.0,2020-09-01
朔州山水新时代水泥有限责任公司,1010272207,1186482277,山西省朔州市朔城区神头街道神头一电厂社区居委会新建路神头镇吉庄村北900米,31B0,144100701,朔州,神头,AC00101,1130.0,山西,0.0,2020-09-02
朔州山水新时代水泥有限责任公司,1010723877,1467298176,山西省朔州市朔城区神头街道神头电建二公司社区居委会神朔路神头镇吉庄村,31B0,144100701,朔州,神头,AC01101,32500.0,山西,255420.0,2020-09-02
晋城山水水泥有限责任公司,1119394732,1187446248,山西省晋城市阳城县蟒河镇风门村村中路1号,31B0,144110601,晋城,客服,AC00351,16850.0,山西,112560.0,2020-09-02
朔州山水新时代水泥有限责任公司,1010272207,1186482277,山西省朔州市朔城区神头街道神头一电厂社区居委会新建路神头镇吉庄村北900米,31B0,144100701,朔州,神头,AC00101,1130.0,山西,0.0,2020-09-03
晋城山水水泥有限责任公司,1119394732,1187446248,山西省晋城市阳城县蟒河镇风门村村中路1号,31B0,144110601,晋城,客服,AC00351,16850.0,山西,109480.0,2020-09-03
朔州山水新时代水泥有限责任公司,1010723877,1467298176,山西省朔州市朔城区神头街道神头电建二公司社区居委会神朔路神头镇吉庄村,31B0,144100701,朔州,神头,AC01101,32500.0,山西,188760.0,2020-09-03
晋城山水水泥有限责任公司,1119394732,1187446248,山西省晋城市阳城县蟒河镇风门村村中路1号,31B0,144110601,晋城,客服,AC00351,16850.0,山西,108080.0,2020-09-04
朔州山水新时代水泥有限责任公司,1010723877,1467298176,山西省朔州市朔城区神头街道神头电建二公司社区居委会神朔路神头镇吉庄村,31B0,144100701,朔州,神头,AC01101,32500.0,山西,257400.0,2020-09-04
朔州山水新时代水泥有限责任公司,1010272207,1186482277,山西省朔州市朔城区神头街道神头一电厂社区居委会新建路神头镇吉庄村北900米,31B0,144100701,朔州,神头,AC00101,1130.0,山西,0.0,2020-09-05
晋城山水水泥有限责任公司,1119394732,1187446248,山西省晋城市阳城县蟒河镇风门村村中路1号,31B0,144110601,晋城,客服,AC00351,16850.0,山西,110320.0,2020-09-05
朔州山水新时代水泥有限责任公司,1010723877,1467298176,山西省朔州市朔城区神头街道神头电建二公司社区居委会神朔路神头镇吉庄村,31B0,144100701,朔州,神头,AC01101,32500.0,山西,259380.0,2020-09-05
晋城山水水泥有限责任公司,1119394732,1187446248,山西省晋城市阳城县蟒河镇风门村村中路1号,31B0,144110601,晋城,客服,AC00351,16850.0,山西,112840.0,2020-09-06
朔州山水新时代水泥有限责任公司,1010272207,1186482277,山西省朔州市朔城区神头街道神头一电厂社区居委会新建路神头镇吉庄村北900米,31B0,144100701,朔州,神头,AC00101,1130.0,山西,0.0,2020-09-06
朔州山水新时代水泥有限责任公司,1010723877,1467298176,山西省朔州市朔城区神头街道神头电建二公司社区居委会神朔路神头镇吉庄村,31B0,144100701,朔州,神头,AC01101,32500.0,山西,263340.0,2020-09-06
晋城山水水泥有限责任公司,1119394732,1187446248,山西省晋城市阳城县蟒河镇风门村村中路1号,31B0,144110601,晋城,客服,AC00351,16850.0,山西,104160.0,2020-09-07
朔州山水新时代水泥有限责任公司,1010272207,1186482277,山西省朔州市朔城区神头街道神头一电厂社区居委会新建路神头镇吉庄村北900米,31B0,144100701,朔州,神头,AC00101,1130.0,山西,0.0,2020-09-07
朔州山水新时代水泥有限责任公司,1010723877,1467298176,山西省朔州市朔城区神头街道神头电建二公司社区居委会神朔路神头镇吉庄村,31B0,144100701,朔州,神头,AC01101,32500.0,山西,247500.0,2020-09-07
朔州山水新时代水泥有限责任公司,1010272207,1186482277,山西省朔州市朔城区神头街道神头一电厂社区居委会新建路神头镇吉庄村北900米,31B0,144100701,朔州,神头,AC00101,1130.0,山西,0.0,2020-09-08
朔州山水新时代水泥有限责任公司,1010723877,1467298176,山西省朔州市朔城区神头街道神头电建二公司社区居委会神朔路神头镇吉庄村,31B0,144100701,朔州,神头,AC01101,32500.0,山西,216480.0,2020-09-08
晋城山水水泥有限责任公司,1119394732,1187446248,山西省晋城市阳城县蟒河镇风门村村中路1号,31B0,144110601,晋城,客服,AC00351,16850.0,山西,22400.0,2020-09-08
朔州山水新时代水泥有限责任公司,1010272207,1186482277,山西省朔州市朔城区神头街道神头一电厂社区居委会新建路神头镇吉庄村北900米,31B0,144100701,朔州,神头,AC00101,1130.0,山西,0.0,2020-09-09
晋城山水水泥有限责任公司,1119394732,1187446248,山西省晋城市阳城县蟒河镇风门村村中路1号,31B0,144110601,晋城,客服,AC00351,16850.0,山西,174160.0,2020-09-09
朔州山水新时代水泥有限责任公司,1010723877,1467298176,山西省朔州市朔城区神头街道神头电建二公司社区居委会神朔路神头镇吉庄村,31B0,144100701,朔州,神头,AC01101,32500.0,山西,123420.0,2020-09-09
朔州山水新时代水泥有限责任公司,1010272207,1186482277,山西省朔州市朔城区神头街道神头一电厂社区居委会新建路神头镇吉庄村北900米,31B0,144100701,朔州,神头,AC00101,1130.0,山西,0.0,2020-09-10
晋城山水水泥有限责任公司,1119394732,1187446248,山西省晋城市阳城县蟒河镇风门村村中路1号,31B0,144110601,晋城,客服,AC00351,16850.0,山西,218680.0,2020-09-10
朔州山水新时代水泥有限责任公司,1010723877,1467298176,山西省朔州市朔城区神头街道神头电建二公司社区居委会神朔路神头镇吉庄村,31B0,144100701,朔州,神头,AC01101,32500.0,山西,108900.0,2020-09-10
朔州山水新时代水泥有限责任公司,1010272207,1186482277,山西省朔州市朔城区神头街道神头一电厂社区居委会新建路神头镇吉庄村北900米,31B0,144100701,朔州,神头,AC00101,1130.0,山西,0.0,2020-09-11
朔州山水新时代水泥有限责任公司,1010723877,1467298176,山西省朔州市朔城区神头街道神头电建二公司社区居委会神朔路神头镇吉庄村,31B0,144100701,朔州,神头,AC01101,32500.0,山西,127380.0,2020-09-11
晋城山水水泥有限责任公司,1119394732,1187446248,山西省晋城市阳城县蟒河镇风门村村中路1号,31B0,144110601,晋城,客服,AC00351,16850.0,山西,228200.0,2020-09-11
晋城山水水泥有限责任公司,1119394732,1187446248,山西省晋城市阳城县蟒河镇风门村村中路1号,31B0,144110601,晋城,客服,AC00351,16850.0,山西,227080.0,2020-09-12
朔州山水新时代水泥有限责任公司,1010272207,1186482277,山西省朔州市朔城区神头街道神头一电厂社区居委会新建路神头镇吉庄村北900米,31B0,144100701,朔州,神头,AC00101,1130.0,山西,0.0,2020-09-12
朔州山水新时代水泥有限责任公司,1010723877,1467298176,山西省朔州市朔城区神头街道神头电建二公司社区居委会神朔路神头镇吉庄村,31B0,144100701,朔州,神头,AC01101,32500.0,山西,133980.0,2020-09-12
朔州山水新时代水泥有限责任公司,1010272207,1186482277,山西省朔州市朔城区神头街道神头一电厂社区居委会新建路神头镇吉庄村北900米,31B0,144100701,朔州,神头,AC00101,1130.0,山西,0.0,2020-09-13
朔州山水新时代水泥有限责任公司,1010723877,1467298176,山西省朔州市朔城区神头街道神头电建二公司社区居委会神朔路神头镇吉庄村,31B0,144100701,朔州,神头,AC01101,32500.0,山西,145860.0,2020-09-13
晋城山水水泥有限责任公司,1119394732,1187446248,山西省晋城市阳城县蟒河镇风门村村中路1号,31B0,144110601,晋城,客服,AC00351,16850.0,山西,217560.0,2020-09-13
晋城山水水泥有限责任公司,1119394732,1187446248,山西省晋城市阳城县蟒河镇风门村村中路1号,31B0,144110601,晋城,客服,AC00351,16850.0,山西,240240.0,2020-09-14
朔州山水新时代水泥有限责任公司,1010272207,1186482277,山西省朔州市朔城区神头街道神头一电厂社区居委会新建路神头镇吉庄村北900米,31B0,144100701,朔州,神头,AC00101,1130.0,山西,0.0,2020-09-14
朔州山水新时代水泥有限责任公司,1010723877,1467298176,山西省朔州市朔城区神头街道神头电建二公司社区居委会神朔路神头镇吉庄村,31B0,144100701,朔州,神头,AC01101,32500.0,山西,142560.0,2020-09-14
朔州山水新时代水泥有限责任公司,1010723877,1467298176,山西省朔州市朔城区神头街道神头电建二公司社区居委会神朔路神头镇吉庄村,31B0,144100701,朔州,神头,AC01101,32500.0,山西,157740.0,2020-09-15
晋城山水水泥有限责任公司,1119394732,1187446248,山西省晋城市阳城县蟒河镇风门村村中路1号,31B0,144110601,晋城,客服,AC00351,16850.0,山西,231000.0,2020-09-15
朔州山水新时代水泥有限责任公司,1010272207,1186482277,山西省朔州市朔城区神头街道神头一电厂社区居委会新建路神头镇吉庄村北900米,31B0,144100701,朔州,神头,AC00101,1130.0,山西,0.0,2020-09-15
朔州山水新时代水泥有限责任公司,1010272207,1186482277,山西省朔州市朔城区神头街道神头一电厂社区居委会新建路神头镇吉庄村北900米,31B0,144100701,朔州,神头,AC00101,1130.0,山西,0.0,2020-09-16
晋城山水水泥有限责任公司,1119394732,1187446248,山西省晋城市阳城县蟒河镇风门村村中路1号,31B0,144110601,晋城,客服,AC00351,16850.0,山西,218680.0,2020-09-16
朔州山水新时代水泥有限责任公司,1010723877,1467298176,山西省朔州市朔城区神头街道神头电建二公司社区居委会神朔路神头镇吉庄村,31B0,144100701,朔州,神头,AC01101,32500.0,山西,157080.0,2020-09-16
朔州山水新时代水泥有限责任公司,1010272207,1186482277,山西省朔州市朔城区神头街道神头一电厂社区居委会新建路神头镇吉庄村北900米,31B0,144100701,朔州,神头,AC00101,1130.0,山西,0.0,2020-09-17
晋城山水水泥有限责任公司,1119394732,1187446248,山西省晋城市阳城县蟒河镇风门村村中路1号,31B0,144110601,晋城,客服,AC00351,16850.0,山西,226800.0,2020-09-17
朔州山水新时代水泥有限责任公司,1010272207,1186482277,山西省朔州市朔城区神头街道神头一电厂社区居委会新建路神头镇吉庄村北900米,31B0,144100701,朔州,神头,AC00101,1130.0,山西,0.0,2020-09-18
晋城山水水泥有限责任公司,1119394732,1187446248,山西省晋城市阳城县蟒河镇风门村村中路1号,31B0,144110601,晋城,客服,AC00351,16850.0,山西,219520.0,2020-09-18
朔州山水新时代水泥有限责任公司,1010272207,1186482277,山西省朔州市朔城区神头街道神头一电厂社区居委会新建路神头镇吉庄村北900米,31B0,144100701,朔州,神头,AC00101,1130.0,山西,0.0,2020-09-19
朔州山水新时代水泥有限责任公司,1010723877,1467298176,山西省朔州市朔城区神头街道神头电建二公司社区居委会神朔路神头镇吉庄村,31B0,144100701,朔州,神头,AC01101,32500.0,山西,229680.0,2020-09-19
晋城山水水泥有限责任公司,1119394732,1187446248,山西省晋城市阳城县蟒河镇风门村村中路1号,31B0,144110601,晋城,客服,AC00351,16850.0,山西,236600.0,2020-09-19
朔州山水新时代水泥有限责任公司,1010272207,1186482277,山西省朔州市朔城区神头街道神头一电厂社区居委会新建路神头镇吉庄村北900米,31B0,144100701,朔州,神头,AC00101,1130.0,山西,0.0,2020-09-20
晋城山水水泥有限责任公司,1119394732,1187446248,山西省晋城市阳城县蟒河镇风门村村中路1号,31B0,144110601,晋城,客服,AC00351,16850.0,山西,243320.0,2020-09-20
朔州山水新时代水泥有限责任公司,1010723877,1467298176,山西省朔州市朔城区神头街道神头电建二公司社区居委会神朔路神头镇吉庄村,31B0,144100701,朔州,神头,AC01101,32500.0,山西,283140.0,2020-09-20
朔州山水新时代水泥有限责任公司,1010272207,1186482277,山西省朔州市朔城区神头街道神头一电厂社区居委会新建路神头镇吉庄村北900米,31B0,144100701,朔州,神头,AC00101,1130.0,山西,0.0,2020-09-21
朔州山水新时代水泥有限责任公司,1010723877,1467298176,山西省朔州市朔城区神头街道神头电建二公司社区居委会神朔路神头镇吉庄村,31B0,144100701,朔州,神头,AC01101,32500.0,山西,272580.0,2020-09-21
晋城山水水泥有限责任公司,1119394732,1187446248,山西省晋城市阳城县蟒河镇风门村村中路1号,31B0,144110601,晋城,客服,AC00351,16850.0,山西,230440.0,2020-09-21
朔州山水新时代水泥有限责任公司,1010272207,1186482277,山西省朔州市朔城区神头街道神头一电厂社区居委会新建路神头镇吉庄村北900米,31B0,144100701,朔州,神头,AC00101,1130.0,山西,0.0,2020-09-22
晋城山水水泥有限责任公司,1119394732,1187446248,山西省晋城市阳城县蟒河镇风门村村中路1号,31B0,144110601,晋城,客服,AC00351,16850.0,山西,238840.0,2020-09-22
朔州山水新时代水泥有限责任公司,1010723877,1467298176,山西省朔州市朔城区神头街道神头电建二公司社区居委会神朔路神头镇吉庄村,31B0,144100701,朔州,神头,AC01101,32500.0,山西,281160.0,2020-09-22
晋城山水水泥有限责任公司,1119394732,1187446248,山西省晋城市阳城县蟒河镇风门村村中路1号,31B0,144110601,晋城,客服,AC00351,16850.0,山西,228200.0,2020-09-23
朔州山水新时代水泥有限责任公司,1010272207,1186482277,山西省朔州市朔城区神头街道神头一电厂社区居委会新建路神头镇吉庄村北900米,31B0,144100701,朔州,神头,AC00101,1130.0,山西,0.0,2020-09-23
朔州山水新时代水泥有限责任公司,1010723877,1467298176,山西省朔州市朔城区神头街道神头电建二公司社区居委会神朔路神头镇吉庄村,31B0,144100701,朔州,神头,AC01101,32500.0,山西,238260.0,2020-09-23
朔州山水新时代水泥有限责任公司,1010272207,1186482277,山西省朔州市朔城区神头街道神头一电厂社区居委会新建路神头镇吉庄村北900米,31B0,144100701,朔州,神头,AC00101,1130.0,山西,0.0,2020-09-24
朔州山水新时代水泥有限责任公司,1010723877,1467298176,山西省朔州市朔城区神头街道神头电建二公司社区居委会神朔路神头镇吉庄村,31B0,144100701,朔州,神头,AC01101,32500.0,山西,285120.0,2020-09-24
晋城山水水泥有限责任公司,1119394732,1187446248,山西省晋城市阳城县蟒河镇风门村村中路1号,31B0,144110601,晋城,客服,AC00351,16850.0,山西,236880.0,2020-09-24
晋城山水水泥有限责任公司,1119394732,1187446248,山西省晋城市阳城县蟒河镇风门村村中路1号,31B0,144110601,晋城,客服,AC00351,16850.0,山西,227920.0,2020-09-25
朔州山水新时代水泥有限责任公司,1010272207,1186482277,山西省朔州市朔城区神头街道神头一电厂社区居委会新建路神头镇吉庄村北900米,31B0,144100701,朔州,神头,AC00101,1130.0,山西,0.0,2020-09-25
朔州山水新时代水泥有限责任公司,1010723877,1467298176,山西省朔州市朔城区神头街道神头电建二公司社区居委会神朔路神头镇吉庄村,31B0,144100701,朔州,神头,AC01101,32500.0,山西,279840.0,2020-09-25
晋城山水水泥有限责任公司,1119394732,1187446248,山西省晋城市阳城县蟒河镇风门村村中路1号,31B0,144110601,晋城,客服,AC00351,16850.0,山西,231560.0,2020-09-26
朔州山水新时代水泥有限责任公司,1010272207,1186482277,山西省朔州市朔城区神头街道神头一电厂社区居委会新建路神头镇吉庄村北900米,31B0,144100701,朔州,神头,AC00101,1130.0,山西,0.0,2020-09-26
朔州山水新时代水泥有限责任公司,1010723877,1467298176,山西省朔州市朔城区神头街道神头电建二公司社区居委会神朔路神头镇吉庄村,31B0,144100701,朔州,神头,AC01101,32500.0,山西,277860.0,2020-09-26
朔州山水新时代水泥有限责任公司,1010272207,1186482277,山西省朔州市朔城区神头街道神头一电厂社区居委会新建路神头镇吉庄村北900米,31B0,144100701,朔州,神头,AC00101,1130.0,山西,0.0,2020-09-27
朔州山水新时代水泥有限责任公司,1010723877,1467298176,山西省朔州市朔城区神头街道神头电建二公司社区居委会神朔路神头镇吉庄村,31B0,144100701,朔州,神头,AC01101,32500.0,山西,289080.0,2020-09-27
晋城山水水泥有限责任公司,1119394732,1187446248,山西省晋城市阳城县蟒河镇风门村村中路1号,31B0,144110601,晋城,客服,AC00351,16850.0,山西,231560.0,2020-09-27
朔州山水新时代水泥有限责任公司,1010723877,1467298176,山西省朔州市朔城区神头街道神头电建二公司社区居委会神朔路神头镇吉庄村,31B0,144100701,朔州,神头,AC01101,32500.0,山西,311520.0,2020-09-28
晋城山水水泥有限责任公司,1119394732,1187446248,山西省晋城市阳城县蟒河镇风门村村中路1号,31B0,144110601,晋城,客服,AC00351,16850.0,山西,220640.0,2020-09-28
朔州山水新时代水泥有限责任公司,1010272207,1186482277,山西省朔州市朔城区神头街道神头一电厂社区居委会新建路神头镇吉庄村北900米,31B0,144100701,朔州,神头,AC00101,1130.0,山西,0.0,2020-09-28
晋城山水水泥有限责任公司,1119394732,1187446248,山西省晋城市阳城县蟒河镇风门村村中路1号,31B0,144110601,晋城,客服,AC00351,16850.0,山西,102480.0,2020-09-30
晋城山水水泥有限责任公司,1119394732,1187446248,山西省晋城市阳城县蟒河镇风门村村中路1号,31B0,144110601,晋城,客服,AC00351,16850.0,山西,127960.0,2020-09-29
朔州山水新时代水泥有限责任公司,1010272207,1186482277,山西省朔州市朔城区神头街道神头一电厂社区居委会新建路神头镇吉庄村北900米,31B0,144100701,朔州,神头,AC00101,1130.0,山西,0.0,2020-09-29
朔州山水新时代水泥有限责任公司,1010723877,1467298176,山西省朔州市朔城区神头街道神头电建二公司社区居委会神朔路神头镇吉庄村,31B0,144100701,朔州,神头,AC01101,32500.0,山西,289740.0,2020-09-29
朔州山水新时代水泥有限责任公司,1010723877,1467298176,山西省朔州市朔城区神头街道神头电建二公司社区居委会神朔路神头镇吉庄村,31B0,144100701,朔州,神头,AC01101,32500.0,山西,185460.0,2020-09-30
朔州山水新时代水泥有限责任公司,1010272207,1186482277,山西省朔州市朔城区神头街道神头一电厂社区居委会新建路神头镇吉庄村北900米,31B0,144100701,朔州,神头,AC00101,1130.0,山西,0.0,2020-09-30
晋城山水水泥有限责任公司,1119394732,1187446248,山西省晋城市阳城县蟒河镇风门村村中路1号,31B0,144110601,晋城,客服,AC00351,16850.0,山西,108080.0,2020-10-01
朔州山水新时代水泥有限责任公司,1010272207,1186482277,山西省朔州市朔城区神头街道神头一电厂社区居委会新建路神头镇吉庄村北900米,31B0,144100701,朔州,神头,AC00101,1130.0,山西,0.0,2020-10-01
朔州山水新时代水泥有限责任公司,1010723877,1467298176,山西省朔州市朔城区神头街道神头电建二公司社区居委会神朔路神头镇吉庄村,31B0,144100701,朔州,神头,AC01101,32500.0,山西,189420.0,2020-10-01
朔州山水新时代水泥有限责任公司,1010272207,1186482277,山西省朔州市朔城区神头街道神头一电厂社区居委会新建路神头镇吉庄村北900米,31B0,144100701,朔州,神头,AC00101,1130.0,山西,0.0,2020-10-02
晋城山水水泥有限责任公司,1119394732,1187446248,山西省晋城市阳城县蟒河镇风门村村中路1号,31B0,144110601,晋城,客服,AC00351,16850.0,山西,108640.0,2020-10-02
朔州山水新时代水泥有限责任公司,1010723877,1467298176,山西省朔州市朔城区神头街道神头电建二公司社区居委会神朔路神头镇吉庄村,31B0,144100701,朔州,神头,AC01101,32500.0,山西,298320.0,2020-10-02
朔州山水新时代水泥有限责任公司,1010723877,1467298176,山西省朔州市朔城区神头街道神头电建二公司社区居委会神朔路神头镇吉庄村,31B0,144100701,朔州,神头,AC01101,32500.0,山西,298980.0,2020-10-03
晋城山水水泥有限责任公司,1119394732,1187446248,山西省晋城市阳城县蟒河镇风门村村中路1号,31B0,144110601,晋城,客服,AC00351,16850.0,山西,102480.0,2020-10-03
朔州山水新时代水泥有限责任公司,1010272207,1186482277,山西省朔州市朔城区神头街道神头一电厂社区居委会新建路神头镇吉庄村北900米,31B0,144100701,朔州,神头,AC00101,1130.0,山西,0.0,2020-10-03
晋城山水水泥有限责任公司,1119394732,1187446248,山西省晋城市阳城县蟒河镇风门村村中路1号,31B0,144110601,晋城,客服,AC00351,16850.0,山西,105840.0,2020-10-04
朔州山水新时代水泥有限责任公司,1010272207,1186482277,山西省朔州市朔城区神头街道神头一电厂社区居委会新建路神头镇吉庄村北900米,31B0,144100701,朔州,神头,AC00101,1130.0,山西,0.0,2020-10-04
朔州山水新时代水泥有限责任公司,1010723877,1467298176,山西省朔州市朔城区神头街道神头电建二公司社区居委会神朔路神头镇吉庄村,31B0,144100701,朔州,神头,AC01101,32500.0,山西,293040.0,2020-10-04
朔州山水新时代水泥有限责任公司,1010272207,1186482277,山西省朔州市朔城区神头街道神头一电厂社区居委会新建路神头镇吉庄村北900米,31B0,144100701,朔州,神头,AC00101,1130.0,山西,0.0,2020-10-05
朔州山水新时代水泥有限责任公司,1010723877,1467298176,山西省朔州市朔城区神头街道神头电建二公司社区居委会神朔路神头镇吉庄村,31B0,144100701,朔州,神头,AC01101,32500.0,山西,297660.0,2020-10-05
晋城山水水泥有限责任公司,1119394732,1187446248,山西省晋城市阳城县蟒河镇风门村村中路1号,31B0,144110601,晋城,客服,AC00351,16850.0,山西,171640.0,2020-10-05
晋城山水水泥有限责任公司,1119394732,1187446248,山西省晋城市阳城县蟒河镇风门村村中路1号,31B0,144110601,晋城,客服,AC00351,16850.0,山西,225400.0,2020-10-06
朔州山水新时代水泥有限责任公司,1010272207,1186482277,山西省朔州市朔城区神头街道神头一电厂社区居委会新建路神头镇吉庄村北900米,31B0,144100701,朔州,神头,AC00101,1130.0,山西,0.0,2020-10-06
朔州山水新时代水泥有限责任公司,1010723877,1467298176,山西省朔州市朔城区神头街道神头电建二公司社区居委会神朔路神头镇吉庄村,31B0,144100701,朔州,神头,AC01101,32500.0,山西,287100.0,2020-10-06
朔州山水新时代水泥有限责任公司,1010272207,1186482277,山西省朔州市朔城区神头街道神头一电厂社区居委会新建路神头镇吉庄村北900米,31B0,144100701,朔州,神头,AC00101,1130.0,山西,0.0,2020-10-07
晋城山水水泥有限责任公司,1119394732,1187446248,山西省晋城市阳城县蟒河镇风门村村中路1号,31B0,144110601,晋城,客服,AC00351,16850.0,山西,215600.0,2020-10-07
朔州山水新时代水泥有限责任公司,1010723877,1467298176,山西省朔州市朔城区神头街道神头电建二公司社区居委会神朔路神头镇吉庄村,31B0,144100701,朔州,神头,AC01101,32500.0,山西,266640.0,2020-10-07
朔州山水新时代水泥有限责任公司,1010272207,1186482277,山西省朔州市朔城区神头街道神头一电厂社区居委会新建路神头镇吉庄村北900米,31B0,144100701,朔州,神头,AC00101,1130.0,山西,0.0,2020-10-08
晋城山水水泥有限责任公司,1119394732,1187446248,山西省晋城市阳城县蟒河镇风门村村中路1号,31B0,144110601,晋城,客服,AC00351,16850.0,山西,228200.0,2020-10-08
朔州山水新时代水泥有限责任公司,1010723877,1467298176,山西省朔州市朔城区神头街道神头电建二公司社区居委会神朔路神头镇吉庄村,31B0,144100701,朔州,神头,AC01101,32500.0,山西,318120.0,2020-10-08
朔州山水新时代水泥有限责任公司,1010272207,1186482277,山西省朔州市朔城区神头街道神头一电厂社区居委会新建路神头镇吉庄村北900米,31B0,144100701,朔州,神头,AC00101,1130.0,山西,0.0,2020-10-09
朔州山水新时代水泥有限责任公司,1010723877,1467298176,山西省朔州市朔城区神头街道神头电建二公司社区居委会神朔路神头镇吉庄村,31B0,144100701,朔州,神头,AC01101,32500.0,山西,288420.0,2020-10-09
晋城山水水泥有限责任公司,1119394732,1187446248,山西省晋城市阳城县蟒河镇风门村村中路1号,31B0,144110601,晋城,客服,AC00351,16850.0,山西,218680.0,2020-10-09
朔州山水新时代水泥有限责任公司,1010272207,1186482277,山西省朔州市朔城区神头街道神头一电厂社区居委会新建路神头镇吉庄村北900米,31B0,144100701,朔州,神头,AC00101,1130.0,山西,0.0,2020-10-10
朔州山水新时代水泥有限责任公司,1010723877,1467298176,山西省朔州市朔城区神头街道神头电建二公司社区居委会神朔路神头镇吉庄村,31B0,144100701,朔州,神头,AC01101,32500.0,山西,296340.0,2020-10-10
晋城山水水泥有限责任公司,1119394732,1187446248,山西省晋城市阳城县蟒河镇风门村村中路1号,31B0,144110601,晋城,客服,AC00351,16850.0,山西,233520.0,2020-10-10
晋城山水水泥有限责任公司,1119394732,1187446248,山西省晋城市阳城县蟒河镇风门村村中路1号,31B0,144110601,晋城,客服,AC00351,16850.0,山西,231560.0,2020-10-11
朔州山水新时代水泥有限责任公司,1010272207,1186482277,山西省朔州市朔城区神头街道神头一电厂社区居委会新建路神头镇吉庄村北900米,31B0,144100701,朔州,神头,AC00101,1130.0,山西,0.0,2020-10-11
朔州山水新时代水泥有限责任公司,1010723877,1467298176,山西省朔州市朔城区神头街道神头电建二公司社区居委会神朔路神头镇吉庄村,31B0,144100701,朔州,神头,AC01101,32500.0,山西,295680.0,2020-10-11
晋城山水水泥有限责任公司,1119394732,1187446248,山西省晋城市阳城县蟒河镇风门村村中路1号,31B0,144110601,晋城,客服,AC00351,16850.0,山西,235760.0,2020-10-13
朔州山水新时代水泥有限责任公司,1010272207,1186482277,山西省朔州市朔城区神头街道神头一电厂社区居委会新建路神头镇吉庄村北900米,31B0,144100701,朔州,神头,AC00101,1130.0,山西,0.0,2020-10-13
朔州山水新时代水泥有限责任公司,1010723877,1467298176,山西省朔州市朔城区神头街道神头电建二公司社区居委会神朔路神头镇吉庄村,31B0,144100701,朔州,神头,AC01101,32500.0,山西,294360.0,2020-10-13
晋城山水水泥有限责任公司,1119394732,1187446248,山西省晋城市阳城县蟒河镇风门村村中路1号,31B0,144110601,晋城,客服,AC00351,16850.0,山西,233800.0,2020-10-14
朔州山水新时代水泥有限责任公司,1010723877,1467298176,山西省朔州市朔城区神头街道神头电建二公司社区居委会神朔路神头镇吉庄村,31B0,144100701,朔州,神头,AC01101,32500.0,山西,224400.0,2020-10-14
朔州山水新时代水泥有限责任公司,1010272207,1186482277,山西省朔州市朔城区神头街道神头一电厂社区居委会新建路神头镇吉庄村北900米,31B0,144100701,朔州,神头,AC00101,1130.0,山西,0.0,2020-10-14
朔州山水新时代水泥有限责任公司,1010272207,1186482277,山西省朔州市朔城区神头街道神头一电厂社区居委会新建路神头镇吉庄村北900米,31B0,144100701,朔州,神头,AC00101,1130.0,山西,0.0,2020-10-15
晋城山水水泥有限责任公司,1119394732,1187446248,山西省晋城市阳城县蟒河镇风门村村中路1号,31B0,144110601,晋城,客服,AC00351,16850.0,山西,230160.0,2020-10-15
朔州山水新时代水泥有限责任公司,1010723877,1467298176,山西省朔州市朔城区神头街道神头电建二公司社区居委会神朔路神头镇吉庄村,31B0,144100701,朔州,神头,AC01101,32500.0,山西,256740.0,2020-10-15
晋城山水水泥有限责任公司,1119394732,1187446248,山西省晋城市阳城县蟒河镇风门村村中路1号,31B0,144110601,晋城,客服,AC00351,16850.0,山西,237440.0,2020-10-16
朔州山水新时代水泥有限责任公司,1010272207,1186482277,山西省朔州市朔城区神头街道神头一电厂社区居委会新建路神头镇吉庄村北900米,31B0,144100701,朔州,神头,AC00101,1130.0,山西,0.0,2020-10-17
朔州山水新时代水泥有限责任公司,1010723877,1467298176,山西省朔州市朔城区神头街道神头电建二公司社区居委会神朔路神头镇吉庄村,31B0,144100701,朔州,神头,AC01101,32500.0,山西,225720.0,2020-10-17
朔州山水新时代水泥有限责任公司,1010723877,1467298176,山西省朔州市朔城区神头街道神头电建二公司社区居委会神朔路神头镇吉庄村,31B0,144100701,朔州,神头,AC01101,32500.0,山西,278520.0,2020-10-18
朔州山水新时代水泥有限责任公司,1010272207,1186482277,山西省朔州市朔城区神头街道神头一电厂社区居委会新建路神头镇吉庄村北900米,31B0,144100701,朔州,神头,AC00101,1130.0,山西,0.0,2020-10-18
晋城山水水泥有限责任公司,1119394732,1187446248,山西省晋城市阳城县蟒河镇风门村村中路1号,31B0,144110601,晋城,客服,AC00351,16850.0,山西,224560.0,2020-10-18
朔州山水新时代水泥有限责任公司,1010272207,1186482277,山西省朔州市朔城区神头街道神头一电厂社区居委会新建路神头镇吉庄村北900米,31B0,144100701,朔州,神头,AC00101,1130.0,山西,0.0,2020-10-19
朔州山水新时代水泥有限责任公司,1010723877,1467298176,山西省朔州市朔城区神头街道神头电建二公司社区居委会神朔路神头镇吉庄村,31B0,144100701,朔州,神头,AC01101,32500.0,山西,303600.0,2020-10-19
晋城山水水泥有限责任公司,1119394732,1187446248,山西省晋城市阳城县蟒河镇风门村村中路1号,31B0,144110601,晋城,客服,AC00351,16850.0,山西,231000.0,2020-10-19
晋城山水水泥有限责任公司,1119394732,1187446248,山西省晋城市阳城县蟒河镇风门村村中路1号,31B0,144110601,晋城,客服,AC00351,16850.0,山西,234080.0,2020-10-20
晋城山水水泥有限责任公司,1119394732,1187446248,山西省晋城市阳城县蟒河镇风门村村中路1号,31B0,144110601,晋城,客服,AC00351,16850.0,山西,135520.0,2020-11-17
朔州山水新时代水泥有限责任公司,1010272207,1186482277,山西省朔州市朔城区神头街道神头一电厂社区居委会新建路神头镇吉庄村北900米,31B0,144100701,朔州,神头,AC00101,1130.0,山西,0.0,2020-10-21
朔州山水新时代水泥有限责任公司,1010723877,1467298176,山西省朔州市朔城区神头街道神头电建二公司社区居委会神朔路神头镇吉庄村,31B0,144100701,朔州,神头,AC01101,32500.0,山西,290400.0,2020-10-21
晋城山水水泥有限责任公司,1119394732,1187446248,山西省晋城市阳城县蟒河镇风门村村中路1号,31B0,144110601,晋城,客服,AC00351,16850.0,山西,233800.0,2020-10-21
晋城山水水泥有限责任公司,1119394732,1187446248,山西省晋城市阳城县蟒河镇风门村村中路1号,31B0,144110601,晋城,客服,AC00351,16850.0,山西,236600.0,2020-10-22
朔州山水新时代水泥有限责任公司,1010723877,1467298176,山西省朔州市朔城区神头街道神头电建二公司社区居委会神朔路神头镇吉庄村,31B0,144100701,朔州,神头,AC01101,32500.0,山西,308880.0,2020-10-22
朔州山水新时代水泥有限责任公司,1010272207,1186482277,山西省朔州市朔城区神头街道神头一电厂社区居委会新建路神头镇吉庄村北900米,31B0,144100701,朔州,神头,AC00101,1130.0,山西,0.0,2020-10-22
朔州山水新时代水泥有限责任公司,1010723877,1467298176,山西省朔州市朔城区神头街道神头电建二公司社区居委会神朔路神头镇吉庄村,31B0,144100701,朔州,神头,AC01101,32500.0,山西,287760.0,2020-10-23
晋城山水水泥有限责任公司,1119394732,1187446248,山西省晋城市阳城县蟒河镇风门村村中路1号,31B0,144110601,晋城,客服,AC00351,16850.0,山西,237440.0,2020-10-23
朔州山水新时代水泥有限责任公司,1010272207,1186482277,山西省朔州市朔城区神头街道神头一电厂社区居委会新建路神头镇吉庄村北900米,31B0,144100701,朔州,神头,AC00101,1130.0,山西,0.0,2020-10-23
朔州山水新时代水泥有限责任公司,1010723877,1467298176,山西省朔州市朔城区神头街道神头电建二公司社区居委会神朔路神头镇吉庄村,31B0,144100701,朔州,神头,AC01101,32500.0,山西,307560.0,2020-10-24
晋城山水水泥有限责任公司,1119394732,1187446248,山西省晋城市阳城县蟒河镇风门村村中路1号,31B0,144110601,晋城,客服,AC00351,16850.0,山西,244160.0,2020-10-24
朔州山水新时代水泥有限责任公司,1010272207,1186482277,山西省朔州市朔城区神头街道神头一电厂社区居委会新建路神头镇吉庄村北900米,31B0,144100701,朔州,神头,AC00101,1130.0,山西,0.0,2020-10-24
晋城山水水泥有限责任公司,1119394732,1187446248,山西省晋城市阳城县蟒河镇风门村村中路1号,31B0,144110601,晋城,客服,AC00351,16850.0,山西,245280.0,2020-10-25
朔州山水新时代水泥有限责任公司,1010272207,1186482277,山西省朔州市朔城区神头街道神头一电厂社区居委会新建路神头镇吉庄村北900米,31B0,144100701,朔州,神头,AC00101,1130.0,山西,0.0,2020-10-25
朔州山水新时代水泥有限责任公司,1010723877,1467298176,山西省朔州市朔城区神头街道神头电建二公司社区居委会神朔路神头镇吉庄村,31B0,144100701,朔州,神头,AC01101,32500.0,山西,291060.0,2020-10-25
朔州山水新时代水泥有限责任公司,1010723877,1467298176,山西省朔州市朔城区神头街道神头电建二公司社区居委会神朔路神头镇吉庄村,31B0,144100701,朔州,神头,AC01101,32500.0,山西,281820.0,2020-10-26
晋城山水水泥有限责任公司,1119394732,1187446248,山西省晋城市阳城县蟒河镇风门村村中路1号,31B0,144110601,晋城,客服,AC00351,16850.0,山西,234640.0,2020-10-26
朔州山水新时代水泥有限责任公司,1010272207,1186482277,山西省朔州市朔城区神头街道神头一电厂社区居委会新建路神头镇吉庄村北900米,31B0,144100701,朔州,神头,AC00101,1130.0,山西,0.0,2020-10-26
晋城山水水泥有限责任公司,1119394732,1187446248,山西省晋城市阳城县蟒河镇风门村村中路1号,31B0,144110601,晋城,客服,AC00351,16850.0,山西,176120.0,2020-10-27
朔州山水新时代水泥有限责任公司,1010723877,1467298176,山西省朔州市朔城区神头街道神头电建二公司社区居委会神朔路神头镇吉庄村,31B0,144100701,朔州,神头,AC01101,32500.0,山西,304920.0,2020-10-27
朔州山水新时代水泥有限责任公司,1010272207,1186482277,山西省朔州市朔城区神头街道神头一电厂社区居委会新建路神头镇吉庄村北900米,31B0,144100701,朔州,神头,AC00101,1130.0,山西,0.0,2020-10-27
朔州山水新时代水泥有限责任公司,1010723877,1467298176,山西省朔州市朔城区神头街道神头电建二公司社区居委会神朔路神头镇吉庄村,31B0,144100701,朔州,神头,AC01101,32500.0,山西,252120.0,2020-10-28
朔州山水新时代水泥有限责任公司,1010272207,1186482277,山西省朔州市朔城区神头街道神头一电厂社区居委会新建路神头镇吉庄村北900米,31B0,144100701,朔州,神头,AC00101,1130.0,山西,0.0,2020-10-28
晋城山水水泥有限责任公司,1119394732,1187446248,山西省晋城市阳城县蟒河镇风门村村中路1号,31B0,144110601,晋城,客服,AC00351,16850.0,山西,146440.0,2020-10-28
朔州山水新时代水泥有限责任公司,1010272207,1186482277,山西省朔州市朔城区神头街道神头一电厂社区居委会新建路神头镇吉庄村北900米,31B0,144100701,朔州,神头,AC00101,1130.0,山西,0.0,2020-10-29
晋城山水水泥有限责任公司,1119394732,1187446248,山西省晋城市阳城县蟒河镇风门村村中路1号,31B0,144110601,晋城,客服,AC00351,16850.0,山西,150360.0,2020-10-29
朔州山水新时代水泥有限责任公司,1010723877,1467298176,山西省朔州市朔城区神头街道神头电建二公司社区居委会神朔路神头镇吉庄村,31B0,144100701,朔州,神头,AC01101,32500.0,山西,295680.0,2020-10-29
晋城山水水泥有限责任公司,1119394732,1187446248,山西省晋城市阳城县蟒河镇风门村村中路1号,31B0,144110601,晋城,客服,AC00351,16850.0,山西,148960.0,2020-10-30
朔州山水新时代水泥有限责任公司,1010272207,1186482277,山西省朔州市朔城区神头街道神头一电厂社区居委会新建路神头镇吉庄村北900米,31B0,144100701,朔州,神头,AC00101,1130.0,山西,0.0,2020-10-30
朔州山水新时代水泥有限责任公司,1010723877,1467298176,山西省朔州市朔城区神头街道神头电建二公司社区居委会神朔路神头镇吉庄村,31B0,144100701,朔州,神头,AC01101,32500.0,山西,290400.0,2020-10-30
朔州山水新时代水泥有限责任公司,1010272207,1186482277,山西省朔州市朔城区神头街道神头一电厂社区居委会新建路神头镇吉庄村北900米,31B0,144100701,朔州,神头,AC00101,1130.0,山西,0.0,2020-10-31
晋城山水水泥有限责任公司,1119394732,1187446248,山西省晋城市阳城县蟒河镇风门村村中路1号,31B0,144110601,晋城,客服,AC00351,16850.0,山西,189280.0,2020-10-31
朔州山水新时代水泥有限责任公司,1010723877,1467298176,山西省朔州市朔城区神头街道神头电建二公司社区居委会神朔路神头镇吉庄村,31B0,144100701,朔州,神头,AC01101,32500.0,山西,277860.0,2020-10-31
晋城山水水泥有限责任公司,1119394732,1187446248,山西省晋城市阳城县蟒河镇风门村村中路1号,31B0,144110601,晋城,客服,AC00351,16850.0,山西,240800.0,2020-11-01
朔州山水新时代水泥有限责任公司,1010723877,1467298176,山西省朔州市朔城区神头街道神头电建二公司社区居委会神朔路神头镇吉庄村,31B0,144100701,朔州,神头,AC01101,32500.0,山西,297660.0,2020-11-02
晋城山水水泥有限责任公司,1119394732,1187446248,山西省晋城市阳城县蟒河镇风门村村中路1号,31B0,144110601,晋城,客服,AC00351,16850.0,山西,258160.0,2020-11-02
朔州山水新时代水泥有限责任公司,1010272207,1186482277,山西省朔州市朔城区神头街道神头一电厂社区居委会新建路神头镇吉庄村北900米,31B0,144100701,朔州,神头,AC00101,1130.0,山西,0.0,2020-11-02
晋城山水水泥有限责任公司,1119394732,1187446248,山西省晋城市阳城县蟒河镇风门村村中路1号,31B0,144110601,晋城,客服,AC00351,16850.0,山西,230160.0,2020-11-03
朔州山水新时代水泥有限责任公司,1010272207,1186482277,山西省朔州市朔城区神头街道神头一电厂社区居委会新建路神头镇吉庄村北900米,31B0,144100701,朔州,神头,AC00101,1130.0,山西,0.0,2020-11-03
朔州山水新时代水泥有限责任公司,1010723877,1467298176,山西省朔州市朔城区神头街道神头电建二公司社区居委会神朔路神头镇吉庄村,31B0,144100701,朔州,神头,AC01101,32500.0,山西,301620.0,2020-11-03
朔州山水新时代水泥有限责任公司,1010272207,1186482277,山西省朔州市朔城区神头街道神头一电厂社区居委会新建路神头镇吉庄村北900米,31B0,144100701,朔州,神头,AC00101,1130.0,山西,0.0,2020-11-04
晋城山水水泥有限责任公司,1119394732,1187446248,山西省晋城市阳城县蟒河镇风门村村中路1号,31B0,144110601,晋城,客服,AC00351,16850.0,山西,194600.0,2020-11-04
朔州山水新时代水泥有限责任公司,1010723877,1467298176,山西省朔州市朔城区神头街道神头电建二公司社区居委会神朔路神头镇吉庄村,31B0,144100701,朔州,神头,AC01101,32500.0,山西,227700.0,2020-11-04
晋城山水水泥有限责任公司,1119394732,1187446248,山西省晋城市阳城县蟒河镇风门村村中路1号,31B0,144110601,晋城,客服,AC00351,16850.0,山西,195160.0,2020-11-05
朔州山水新时代水泥有限责任公司,1010272207,1186482277,山西省朔州市朔城区神头街道神头一电厂社区居委会新建路神头镇吉庄村北900米,31B0,144100701,朔州,神头,AC00101,1130.0,山西,0.0,2020-11-05
朔州山水新时代水泥有限责任公司,1010723877,1467298176,山西省朔州市朔城区神头街道神头电建二公司社区居委会神朔路神头镇吉庄村,31B0,144100701,朔州,神头,AC01101,32500.0,山西,248820.0,2020-11-05
朔州山水新时代水泥有限责任公司,1010723877,1467298176,山西省朔州市朔城区神头街道神头电建二公司社区居委会神朔路神头镇吉庄村,31B0,144100701,朔州,神头,AC01101,32500.0,山西,278520.0,2020-11-06
晋城山水水泥有限责任公司,1119394732,1187446248,山西省晋城市阳城县蟒河镇风门村村中路1号,31B0,144110601,晋城,客服,AC00351,16850.0,山西,216160.0,2020-11-06
朔州山水新时代水泥有限责任公司,1010272207,1186482277,山西省朔州市朔城区神头街道神头一电厂社区居委会新建路神头镇吉庄村北900米,31B0,144100701,朔州,神头,AC00101,1130.0,山西,0.0,2020-11-06
晋城山水水泥有限责任公司,1119394732,1187446248,山西省晋城市阳城县蟒河镇风门村村中路1号,31B0,144110601,晋城,客服,AC00351,16850.0,山西,250320.0,2020-11-07
朔州山水新时代水泥有限责任公司,1010272207,1186482277,山西省朔州市朔城区神头街道神头一电厂社区居委会新建路神头镇吉庄村北900米,31B0,144100701,朔州,神头,AC00101,1130.0,山西,0.0,2020-11-07
朔州山水新时代水泥有限责任公司,1010723877,1467298176,山西省朔州市朔城区神头街道神头电建二公司社区居委会神朔路神头镇吉庄村,31B0,144100701,朔州,神头,AC01101,32500.0,山西,291060.0,2020-11-07
朔州山水新时代水泥有限责任公司,1010723877,1467298176,山西省朔州市朔城区神头街道神头电建二公司社区居委会神朔路神头镇吉庄村,31B0,144100701,朔州,神头,AC01101,32500.0,山西,288420.0,2020-11-08
晋城山水水泥有限责任公司,1119394732,1187446248,山西省晋城市阳城县蟒河镇风门村村中路1号,31B0,144110601,晋城,客服,AC00351,16850.0,山西,170240.0,2020-11-08
朔州山水新时代水泥有限责任公司,1010272207,1186482277,山西省朔州市朔城区神头街道神头一电厂社区居委会新建路神头镇吉庄村北900米,31B0,144100701,朔州,神头,AC00101,1130.0,山西,0.0,2020-11-08
晋城山水水泥有限责任公司,1119394732,1187446248,山西省晋城市阳城县蟒河镇风门村村中路1号,31B0,144110601,晋城,客服,AC00351,16850.0,山西,147000.0,2020-11-09
朔州山水新时代水泥有限责任公司,1010723877,1467298176,山西省朔州市朔城区神头街道神头电建二公司社区居委会神朔路神头镇吉庄村,31B0,144100701,朔州,神头,AC01101,32500.0,山西,211200.0,2020-11-09
朔州山水新时代水泥有限责任公司,1010272207,1186482277,山西省朔州市朔城区神头街道神头一电厂社区居委会新建路神头镇吉庄村北900米,31B0,144100701,朔州,神头,AC00101,1130.0,山西,0.0,2020-11-09
晋城山水水泥有限责任公司,1119394732,1187446248,山西省晋城市阳城县蟒河镇风门村村中路1号,31B0,144110601,晋城,客服,AC00351,16850.0,山西,195160.0,2020-11-10
朔州山水新时代水泥有限责任公司,1010272207,1186482277,山西省朔州市朔城区神头街道神头一电厂社区居委会新建路神头镇吉庄村北900米,31B0,144100701,朔州,神头,AC00101,1130.0,山西,0.0,2020-11-10
朔州山水新时代水泥有限责任公司,1010723877,1467298176,山西省朔州市朔城区神头街道神头电建二公司社区居委会神朔路神头镇吉庄村,31B0,144100701,朔州,神头,AC01101,32500.0,山西,322080.0,2020-11-10
朔州山水新时代水泥有限责任公司,1010272207,1186482277,山西省朔州市朔城区神头街道神头一电厂社区居委会新建路神头镇吉庄村北900米,31B0,144100701,朔州,神头,AC00101,1130.0,山西,0.0,2020-11-11
朔州山水新时代水泥有限责任公司,1010723877,1467298176,山西省朔州市朔城区神头街道神头电建二公司社区居委会神朔路神头镇吉庄村,31B0,144100701,朔州,神头,AC01101,32500.0,山西,311520.0,2020-11-11
晋城山水水泥有限责任公司,1119394732,1187446248,山西省晋城市阳城县蟒河镇风门村村中路1号,31B0,144110601,晋城,客服,AC00351,16850.0,山西,187320.0,2020-11-12
朔州山水新时代水泥有限责任公司,1010272207,1186482277,山西省朔州市朔城区神头街道神头一电厂社区居委会新建路神头镇吉庄村北900米,31B0,144100701,朔州,神头,AC00101,1130.0,山西,0.0,2020-11-12
朔州山水新时代水泥有限责任公司,1010723877,1467298176,山西省朔州市朔城区神头街道神头电建二公司社区居委会神朔路神头镇吉庄村,31B0,144100701,朔州,神头,AC01101,32500.0,山西,321420.0,2020-11-12
晋城山水水泥有限责任公司,1119394732,1187446248,山西省晋城市阳城县蟒河镇风门村村中路1号,31B0,144110601,晋城,客服,AC00351,16850.0,山西,205800.0,2020-11-13
朔州山水新时代水泥有限责任公司,1010272207,1186482277,山西省朔州市朔城区神头街道神头一电厂社区居委会新建路神头镇吉庄村北900米,31B0,144100701,朔州,神头,AC00101,1130.0,山西,0.0,2020-11-13
朔州山水新时代水泥有限责任公司,1010723877,1467298176,山西省朔州市朔城区神头街道神头电建二公司社区居委会神朔路神头镇吉庄村,31B0,144100701,朔州,神头,AC01101,32500.0,山西,278520.0,2020-11-13
晋城山水水泥有限责任公司,1119394732,1187446248,山西省晋城市阳城县蟒河镇风门村村中路1号,31B0,144110601,晋城,客服,AC00351,16850.0,山西,187600.0,2020-11-14
朔州山水新时代水泥有限责任公司,1010272207,1186482277,山西省朔州市朔城区神头街道神头一电厂社区居委会新建路神头镇吉庄村北900米,31B0,144100701,朔州,神头,AC00101,1130.0,山西,0.0,2020-11-14
朔州山水新时代水泥有限责任公司,1010723877,1467298176,山西省朔州市朔城区神头街道神头电建二公司社区居委会神朔路神头镇吉庄村,31B0,144100701,朔州,神头,AC01101,32500.0,山西,231660.0,2020-11-14
晋城山水水泥有限责任公司,1119394732,1187446248,山西省晋城市阳城县蟒河镇风门村村中路1号,31B0,144110601,晋城,客服,AC00351,16850.0,山西,144760.0,2020-11-15
朔州山水新时代水泥有限责任公司,1010272207,1186482277,山西省朔州市朔城区神头街道神头一电厂社区居委会新建路神头镇吉庄村北900米,31B0,144100701,朔州,神头,AC00101,1130.0,山西,0.0,2020-11-15
朔州山水新时代水泥有限责任公司,1010723877,1467298176,山西省朔州市朔城区神头街道神头电建二公司社区居委会神朔路神头镇吉庄村,31B0,144100701,朔州,神头,AC01101,32500.0,山西,285780.0,2020-11-15
朔州山水新时代水泥有限责任公司,1010272207,1186482277,山西省朔州市朔城区神头街道神头一电厂社区居委会新建路神头镇吉庄村北900米,31B0,144100701,朔州,神头,AC00101,1130.0,山西,0.0,2020-11-16
晋城山水水泥有限责任公司,1119394732,1187446248,山西省晋城市阳城县蟒河镇风门村村中路1号,31B0,144110601,晋城,客服,AC00351,16850.0,山西,140280.0,2020-11-16
朔州山水新时代水泥有限责任公司,1010723877,1467298176,山西省朔州市朔城区神头街道神头电建二公司社区居委会神朔路神头镇吉庄村,31B0,144100701,朔州,神头,AC01101,32500.0,山西,157740.0,2020-11-16
朔州山水新时代水泥有限责任公司,1010272207,1186482277,山西省朔州市朔城区神头街道神头一电厂社区居委会新建路神头镇吉庄村北900米,31B0,144100701,朔州,神头,AC00101,1130.0,山西,0.0,2020-11-17
朔州山水新时代水泥有限责任公司,1010723877,1467298176,山西省朔州市朔城区神头街道神头电建二公司社区居委会神朔路神头镇吉庄村,31B0,144100701,朔州,神头,AC01101,32500.0,山西,140580.0,2020-11-17
晋城山水水泥有限责任公司,1119394732,1187446248,山西省晋城市阳城县蟒河镇风门村村中路1号,31B0,144110601,晋城,客服,AC00351,16850.0,山西,173880.0,2020-11-18
朔州山水新时代水泥有限责任公司,1010272207,1186482277,山西省朔州市朔城区神头街道神头一电厂社区居委会新建路神头镇吉庄村北900米,31B0,144100701,朔州,神头,AC00101,1130.0,山西,0.0,2020-11-18
朔州山水新时代水泥有限责任公司,1010723877,1467298176,山西省朔州市朔城区神头街道神头电建二公司社区居委会神朔路神头镇吉庄村,31B0,144100701,朔州,神头,AC01101,32500.0,山西,172920.0,2020-11-18
朔州山水新时代水泥有限责任公司,1010723877,1467298176,山西省朔州市朔城区神头街道神头电建二公司社区居委会神朔路神头镇吉庄村,31B0,144100701,朔州,神头,AC01101,32500.0,山西,252120.0,2020-11-19
晋城山水水泥有限责任公司,1119394732,1187446248,山西省晋城市阳城县蟒河镇风门村村中路1号,31B0,144110601,晋城,客服,AC00351,16850.0,山西,244160.0,2020-11-20
晋城山水水泥有限责任公司,1119394732,1187446248,山西省晋城市阳城县蟒河镇风门村村中路1号,31B0,144110601,晋城,客服,AC00351,16850.0,山西,251720.0,2020-11-21
朔州山水新时代水泥有限责任公司,1010272207,1186482277,山西省朔州市朔城区神头街道神头一电厂社区居委会新建路神头镇吉庄村北900米,31B0,144100701,朔州,神头,AC00101,1130.0,山西,0.0,2020-11-20
朔州山水新时代水泥有限责任公司,1010723877,1467298176,山西省朔州市朔城区神头街道神头电建二公司社区居委会神朔路神头镇吉庄村,31B0,144100701,朔州,神头,AC01101,32500.0,山西,290400.0,2020-11-20
朔州山水新时代水泥有限责任公司,1010272207,1186482277,山西省朔州市朔城区神头街道神头一电厂社区居委会新建路神头镇吉庄村北900米,31B0,144100701,朔州,神头,AC00101,1130.0,山西,0.0,2020-11-21
朔州山水新时代水泥有限责任公司,1010723877,1467298176,山西省朔州市朔城区神头街道神头电建二公司社区居委会神朔路神头镇吉庄村,31B0,144100701,朔州,神头,AC01101,32500.0,山西,300960.0,2020-11-21
晋城山水水泥有限责任公司,1119394732,1187446248,山西省晋城市阳城县蟒河镇风门村村中路1号,31B0,144110601,晋城,客服,AC00351,16850.0,山西,256200.0,2020-11-22
朔州山水新时代水泥有限责任公司,1010272207,1186482277,山西省朔州市朔城区神头街道神头一电厂社区居委会新建路神头镇吉庄村北900米,31B0,144100701,朔州,神头,AC00101,1130.0,山西,0.0,2020-11-22
朔州山水新时代水泥有限责任公司,1010723877,1467298176,山西省朔州市朔城区神头街道神头电建二公司社区居委会神朔路神头镇吉庄村,31B0,144100701,朔州,神头,AC01101,32500.0,山西,252780.0,2020-11-22
朔州山水新时代水泥有限责任公司,1010272207,1186482277,山西省朔州市朔城区神头街道神头一电厂社区居委会新建路神头镇吉庄村北900米,31B0,144100701,朔州,神头,AC00101,1130.0,山西,0.0,2020-11-23
晋城山水水泥有限责任公司,1119394732,1187446248,山西省晋城市阳城县蟒河镇风门村村中路1号,31B0,144110601,晋城,客服,AC00351,16850.0,山西,252000.0,2020-11-23
朔州山水新时代水泥有限责任公司,1010723877,1467298176,山西省朔州市朔城区神头街道神头电建二公司社区居委会神朔路神头镇吉庄村,31B0,144100701,朔州,神头,AC01101,32500.0,山西,273240.0,2020-11-23
晋城山水水泥有限责任公司,1119394732,1187446248,山西省晋城市阳城县蟒河镇风门村村中路1号,31B0,144110601,晋城,客服,AC00351,16850.0,山西,212520.0,2020-11-24
朔州山水新时代水泥有限责任公司,1010272207,1186482277,山西省朔州市朔城区神头街道神头一电厂社区居委会新建路神头镇吉庄村北900米,31B0,144100701,朔州,神头,AC00101,1130.0,山西,0.0,2020-11-24
朔州山水新时代水泥有限责任公司,1010723877,1467298176,山西省朔州市朔城区神头街道神头电建二公司社区居委会神朔路神头镇吉庄村,31B0,144100701,朔州,神头,AC01101,32500.0,山西,213840.0,2020-11-24
晋城山水水泥有限责任公司,1119394732,1187446248,山西省晋城市阳城县蟒河镇风门村村中路1号,31B0,144110601,晋城,客服,AC00351,16850.0,山西,203560.0,2020-11-25
朔州山水新时代水泥有限责任公司,1010723877,1467298176,山西省朔州市朔城区神头街道神头电建二公司社区居委会神朔路神头镇吉庄村,31B0,144100701,朔州,神头,AC01101,32500.0,山西,254100.0,2020-11-25
朔州山水新时代水泥有限责任公司,1010272207,1186482277,山西省朔州市朔城区神头街道神头一电厂社区居委会新建路神头镇吉庄村北900米,31B0,144100701,朔州,神头,AC00101,1130.0,山西,0.0,2020-11-25
晋城山水水泥有限责任公司,1119394732,1187446248,山西省晋城市阳城县蟒河镇风门村村中路1号,31B0,144110601,晋城,客服,AC00351,16850.0,山西,188720.0,2020-11-26
朔州山水新时代水泥有限责任公司,1010272207,1186482277,山西省朔州市朔城区神头街道神头一电厂社区居委会新建路神头镇吉庄村北900米,31B0,144100701,朔州,神头,AC00101,1130.0,山西,0.0,2020-11-26
朔州山水新时代水泥有限责任公司,1010723877,1467298176,山西省朔州市朔城区神头街道神头电建二公司社区居委会神朔路神头镇吉庄村,31B0,144100701,朔州,神头,AC01101,32500.0,山西,252780.0,2020-11-26
晋城山水水泥有限责任公司,1119394732,1187446248,山西省晋城市阳城县蟒河镇风门村村中路1号,31B0,144110601,晋城,客服,AC00351,16850.0,山西,188430.0,2020-11-27
朔州山水新时代水泥有限责任公司,1010723877,1467298176,山西省朔州市朔城区神头街道神头电建二公司社区居委会神朔路神头镇吉庄村,31B0,144100701,朔州,神头,AC01101,32500.0,山西,287760.0,2020-11-27
朔州山水新时代水泥有限责任公司,1010272207,1186482277,山西省朔州市朔城区神头街道神头一电厂社区居委会新建路神头镇吉庄村北900米,31B0,144100701,朔州,神头,AC00101,1130.0,山西,0.0,2020-11-27
朔州山水新时代水泥有限责任公司,1010272207,1186482277,山西省朔州市朔城区神头街道神头一电厂社区居委会新建路神头镇吉庄村北900米,31B0,144100701,朔州,神头,AC00101,1130.0,山西,0.0,2020-11-28
晋城山水水泥有限责任公司,1119394732,1187446248,山西省晋城市阳城县蟒河镇风门村村中路1号,31B0,144110601,晋城,客服,AC00351,16850.0,山西,175420.0,2020-11-28
朔州山水新时代水泥有限责任公司,1010723877,1467298176,山西省朔州市朔城区神头街道神头电建二公司社区居委会神朔路神头镇吉庄村,31B0,144100701,朔州,神头,AC01101,32500.0,山西,179520.0,2020-11-28
朔州山水新时代水泥有限责任公司,1010272207,1186482277,山西省朔州市朔城区神头街道神头一电厂社区居委会新建路神头镇吉庄村北900米,31B0,144100701,朔州,神头,AC00101,1130.0,山西,0.0,2020-11-29
晋城山水水泥有限责任公司,1119394732,1187446248,山西省晋城市阳城县蟒河镇风门村村中路1号,31B0,144110601,晋城,客服,AC00351,16850.0,山西,176420.0,2020-11-29
朔州山水新时代水泥有限责任公司,1010723877,1467298176,山西省朔州市朔城区神头街道神头电建二公司社区居委会神朔路神头镇吉庄村,31B0,144100701,朔州,神头,AC01101,32500.0,山西,169620.0,2020-11-29
朔州山水新时代水泥有限责任公司,1010272207,1186482277,山西省朔州市朔城区神头街道神头一电厂社区居委会新建路神头镇吉庄村北900米,31B0,144100701,朔州,神头,AC00101,1130.0,山西,0.0,2020-11-30
晋城山水水泥有限责任公司,1119394732,1187446248,山西省晋城市阳城县蟒河镇风门村村中路1号,31B0,144110601,晋城,客服,AC00351,16850.0,山西,4080.0,2020-11-30
朔州山水新时代水泥有限责任公司,1010723877,1467298176,山西省朔州市朔城区神头街道神头电建二公司社区居委会神朔路神头镇吉庄村,31B0,144100701,朔州,神头,AC01101,32500.0,山西,168300.0,2020-11-30
晋城山水水泥有限责任公司,1119394732,1187446248,山西省晋城市阳城县蟒河镇风门村村中路1号,31B0,144110601,晋城,客服,AC00351,16850.0,山西,4080.0,2020-12-01
朔州山水新时代水泥有限责任公司,1010272207,1186482277,山西省朔州市朔城区神头街道神头一电厂社区居委会新建路神头镇吉庄村北900米,31B0,144100701,朔州,神头,AC00101,1130.0,山西,0.0,2020-12-01
朔州山水新时代水泥有限责任公司,1010723877,1467298176,山西省朔州市朔城区神头街道神头电建二公司社区居委会神朔路神头镇吉庄村,31B0,144100701,朔州,神头,AC01101,32500.0,山西,166980.0,2020-12-01
晋城山水水泥有限责任公司,1119394732,1187446248,山西省晋城市阳城县蟒河镇风门村村中路1号,31B0,144110601,晋城,客服,AC00351,16850.0,山西,1293.88,2020-12-02
朔州山水新时代水泥有限责任公司,1010272207,1186482277,山西省朔州市朔城区神头街道神头一电厂社区居委会新建路神头镇吉庄村北900米,31B0,144100701,朔州,神头,AC00101,1130.0,山西,0.0,2020-12-02
朔州山水新时代水泥有限责任公司,1010723877,1467298176,山西省朔州市朔城区神头街道神头电建二公司社区居委会神朔路神头镇吉庄村,31B0,144100701,朔州,神头,AC01101,32500.0,山西,185460.0,2020-12-02
朔州山水新时代水泥有限责任公司,1010272207,1186482277,山西省朔州市朔城区神头街道神头一电厂社区居委会新建路神头镇吉庄村北900米,31B0,144100701,朔州,神头,AC00101,1130.0,山西,0.0,2020-12-03
晋城山水水泥有限责任公司,1119394732,1187446248,山西省晋城市阳城县蟒河镇风门村村中路1号,31B0,144110601,晋城,客服,AC00351,16850.0,山西,4264.83,2020-12-03
朔州山水新时代水泥有限责任公司,1010723877,1467298176,山西省朔州市朔城区神头街道神头电建二公司社区居委会神朔路神头镇吉庄村,31B0,144100701,朔州,神头,AC01101,32500.0,山西,383460.0,2020-12-03
晋城山水水泥有限责任公司,1119394732,1187446248,山西省晋城市阳城县蟒河镇风门村村中路1号,31B0,144110601,晋城,客服,AC00351,16850.0,山西,4186.79,2020-12-04
朔州山水新时代水泥有限责任公司,1010272207,1186482277,山西省朔州市朔城区神头街道神头一电厂社区居委会新建路神头镇吉庄村北900米,31B0,144100701,朔州,神头,AC00101,1130.0,山西,0.0,2020-12-04
朔州山水新时代水泥有限责任公司,1010723877,1467298176,山西省朔州市朔城区神头街道神头电建二公司社区居委会神朔路神头镇吉庄村,31B0,144100701,朔州,神头,AC01101,32500.0,山西,255420.03,2020-12-04
晋城山水水泥有限责任公司,1119394732,1187446248,山西省晋城市阳城县蟒河镇风门村村中路1号,31B0,144110601,晋城,客服,AC00351,16850.0,山西,4178.97,2020-12-05
朔州山水新时代水泥有限责任公司,1010272207,1186482277,山西省朔州市朔城区神头街道神头一电厂社区居委会新建路神头镇吉庄村北900米,31B0,144100701,朔州,神头,AC00101,1130.0,山西,0.0,2020-12-05
朔州山水新时代水泥有限责任公司,1010723877,1467298176,山西省朔州市朔城区神头街道神头电建二公司社区居委会神朔路神头镇吉庄村,31B0,144100701,朔州,神头,AC01101,32500.0,山西,165000.0,2020-12-05
晋城山水水泥有限责任公司,1119394732,1187446248,山西省晋城市阳城县蟒河镇风门村村中路1号,31B0,144110601,晋城,客服,AC00351,16850.0,山西,4095.14,2020-12-06
朔州山水新时代水泥有限责任公司,1010272207,1186482277,山西省朔州市朔城区神头街道神头一电厂社区居委会新建路神头镇吉庄村北900米,31B0,144100701,朔州,神头,AC00101,1130.0,山西,0.0,2020-12-06
朔州山水新时代水泥有限责任公司,1010723877,1467298176,山西省朔州市朔城区神头街道神头电建二公司社区居委会神朔路神头镇吉庄村,31B0,144100701,朔州,神头,AC01101,32500.0,山西,156420.03,2020-12-06
晋城山水水泥有限责任公司,1119394732,1187446248,山西省晋城市阳城县蟒河镇风门村村中路1号,31B0,144110601,晋城,客服,AC00351,16850.0,山西,4087.8,2020-12-07
朔州山水新时代水泥有限责任公司,1010272207,1186482277,山西省朔州市朔城区神头街道神头一电厂社区居委会新建路神头镇吉庄村北900米,31B0,144100701,朔州,神头,AC00101,1130.0,山西,0.0,2020-12-07
朔州山水新时代水泥有限责任公司,1010723877,1467298176,山西省朔州市朔城区神头街道神头电建二公司社区居委会神朔路神头镇吉庄村,31B0,144100701,朔州,神头,AC01101,32500.0,山西,142560.0,2020-12-07
朔州山水新时代水泥有限责任公司,1010272207,1186482277,山西省朔州市朔城区神头街道神头一电厂社区居委会新建路神头镇吉庄村北900米,31B0,144100701,朔州,神头,AC00101,1130.0,山西,0.0,2020-12-08
朔州山水新时代水泥有限责任公司,1010723877,1467298176,山西省朔州市朔城区神头街道神头电建二公司社区居委会神朔路神头镇吉庄村,31B0,144100701,朔州,神头,AC01101,32500.0,山西,163020.0,2020-12-08
晋城山水水泥有限责任公司,1119394732,1187446248,山西省晋城市阳城县蟒河镇风门村村中路1号,31B0,144110601,晋城,客服,AC00351,16850.0,山西,259545.48,2020-12-08
临汾山水水泥有限责任公司,617983840,1557293578,山西省临汾市洪洞县明姜镇下柳树村村中路中段,31B0,144061501,临汾,客服,AC01101,35000.0,山西,336600.0,2020-10-17
晋城山水合聚水泥有限责任公司,1119609724,1324938211,山西省晋城市泽州县金村镇司家掌村1号,31B0,144110601,晋城,客服,AC01101,26000.0,山西,244200.0,2020-10-22
临汾山水水泥有限责任公司,617983840,1557293578,山西省临汾市洪洞县明姜镇下柳树村村中路中段,31B0,144061501,临汾,客服,AC01101,35000.0,山西,277200.0,2020-10-22
临汾山水水泥有限责任公司,617983840,1557293578,山西省临汾市洪洞县明姜镇下柳树村村中路中段,31B0,144061501,临汾,客服,AC01101,35000.0,山西,181500.0,2020-10-29
晋城山水合聚水泥有限责任公司,1119609724,1324938211,山西省晋城市泽州县金村镇司家掌村1号,31B0,144110601,晋城,客服,AC01101,26000.0,山西,277200.0,2020-11-01
晋城山水合聚水泥有限责任公司,1119609724,1324938211,山西省晋城市泽州县金村镇司家掌村1号,31B0,144110601,晋城,客服,AC01101,26000.0,山西,290400.0,2020-11-03
临汾山水水泥有限责任公司,617983840,1557293578,山西省临汾市洪洞县明姜镇下柳树村村中路中段,31B0,144061501,临汾,客服,AC01101,35000.0,山西,188100.0,2020-11-11
晋城山水合聚水泥有限责任公司,1119609724,1324938211,山西省晋城市泽州县金村镇司家掌村1号,31B0,144110601,晋城,客服,AC01101,26000.0,山西,270600.0,2020-11-05
临汾山水水泥有限责任公司,617983840,1557293578,山西省临汾市洪洞县明姜镇下柳树村村中路中段,31B0,144061501,临汾,客服,AC01101,35000.0,山西,161700.0,2020-11-05
临汾山水水泥有限责任公司,617983840,1557293578,山西省临汾市洪洞县明姜镇下柳树村村中路中段,31B0,144061501,临汾,客服,AC01101,35000.0,山西,224400.0,2020-11-06
晋城山水合聚水泥有限责任公司,1119609724,1324938211,山西省晋城市泽州县金村镇司家掌村1号,31B0,144110601,晋城,客服,AC01101,26000.0,山西,369600.0,2020-11-08
临汾山水水泥有限责任公司,617983840,1557293578,山西省临汾市洪洞县明姜镇下柳树村村中路中段,31B0,144061501,临汾,客服,AC01101,35000.0,山西,234300.0,2020-11-08
晋城山水合聚水泥有限责任公司,1119609724,1324938211,山西省晋城市泽州县金村镇司家掌村1号,31B0,144110601,晋城,客服,AC01101,26000.0,山西,26400.0,2020-11-13
临汾山水水泥有限责任公司,617983840,1557293578,山西省临汾市洪洞县明姜镇下柳树村村中路中段,31B0,144061501,临汾,客服,AC01101,35000.0,山西,181500.0,2020-11-13
临汾山水水泥有限责任公司,617983840,1557293578,山西省临汾市洪洞县明姜镇下柳树村村中路中段,31B0,144061501,临汾,客服,AC01101,35000.0,山西,168300.0,2020-11-14
晋城山水合聚水泥有限责任公司,1119609724,1324938211,山西省晋城市泽州县金村镇司家掌村1号,31B0,144110601,晋城,客服,AC01101,26000.0,山西,19800.0,2020-11-14
临汾山水水泥有限责任公司,617983840,1557293578,山西省临汾市洪洞县明姜镇下柳树村村中路中段,31B0,144061501,临汾,客服,AC01101,35000.0,山西,148500.0,2020-11-15
晋城山水合聚水泥有限责任公司,1119609724,1324938211,山西省晋城市泽州县金村镇司家掌村1号,31B0,144110601,晋城,客服,AC01101,26000.0,山西,26400.0,2020-11-15
临汾山水水泥有限责任公司,617983840,1557293578,山西省临汾市洪洞县明姜镇下柳树村村中路中段,31B0,144061501,临汾,客服,AC01101,35000.0,山西,46200.0,2020-11-16
临汾山水水泥有限责任公司,617983840,1557293578,山西省临汾市洪洞县明姜镇下柳树村村中路中段,31B0,144061501,临汾,客服,AC01101,35000.0,山西,23100.0,2020-11-17
临汾山水水泥有限责任公司,617983840,1557293578,山西省临汾市洪洞县明姜镇下柳树村村中路中段,31B0,144061501,临汾,客服,AC01101,35000.0,山西,112200.0,2020-11-18
晋城山水合聚水泥有限责任公司,1119609724,1324938211,山西省晋城市泽州县金村镇司家掌村1号,31B0,144110601,晋城,客服,AC01101,26000.0,山西,270600.0,2020-07-08
晋城山水合聚水泥有限责任公司,1119609724,1324938211,山西省晋城市泽州县金村镇司家掌村1号,31B0,144110601,晋城,客服,AC01101,26000.0,山西,112200.0,2020-07-09
临汾山水水泥有限责任公司,617983840,1557293578,山西省临汾市洪洞县明姜镇下柳树村村中路中段,31B0,144061501,临汾,客服,AC01101,35000.0,山西,148500.0,2020-07-08
晋城山水合聚水泥有限责任公司,1119609724,1324938211,山西省晋城市泽州县金村镇司家掌村1号,31B0,144110601,晋城,客服,AC01101,26000.0,山西,303600.0,2020-07-13
临汾山水水泥有限责任公司,617983840,1557293578,山西省临汾市洪洞县明姜镇下柳树村村中路中段,31B0,144061501,临汾,客服,AC01101,35000.0,山西,181500.0,2020-07-13
临汾山水水泥有限责任公司,617983840,1557293578,山西省临汾市洪洞县明姜镇下柳树村村中路中段,31B0,144061501,临汾,客服,AC01101,35000.0,山西,224400.0,2020-08-26
晋城山水合聚水泥有限责任公司,1119609724,1324938211,山西省晋城市泽州县金村镇司家掌村1号,31B0,144110601,晋城,客服,AC01101,26000.0,山西,356400.0,2020-09-08
晋城山水合聚水泥有限责任公司,1119609724,1324938211,山西省晋城市泽州县金村镇司家掌村1号,31B0,144110601,晋城,客服,AC01101,26000.0,山西,303600.0,2020-07-17
晋城山水合聚水泥有限责任公司,1119609724,1324938211,山西省晋城市泽州县金村镇司家掌村1号,31B0,144110601,晋城,客服,AC01101,26000.0,山西,316800.0,2020-09-14
晋城山水合聚水泥有限责任公司,1119609724,1324938211,山西省晋城市泽州县金村镇司家掌村1号,31B0,144110601,晋城,客服,AC01101,26000.0,山西,297000.0,2020-07-19
临汾山水水泥有限责任公司,617983840,1557293578,山西省临汾市洪洞县明姜镇下柳树村村中路中段,31B0,144061501,临汾,客服,AC01101,35000.0,山西,257400.0,2020-09-21
晋城山水合聚水泥有限责任公司,1119609724,1324938211,山西省晋城市泽州县金村镇司家掌村1号,31B0,144110601,晋城,客服,AC01101,26000.0,山西,343200.0,2020-07-23
晋城山水合聚水泥有限责任公司,1119609724,1324938211,山西省晋城市泽州县金村镇司家掌村1号,31B0,144110601,晋城,客服,AC01101,26000.0,山西,310200.0,2020-07-25
临汾山水水泥有限责任公司,617983840,1557293578,山西省临汾市洪洞县明姜镇下柳树村村中路中段,31B0,144061501,临汾,客服,AC01101,35000.0,山西,300300.0,2020-08-04
晋城山水合聚水泥有限责任公司,1119609724,1324938211,山西省晋城市泽州县金村镇司家掌村1号,31B0,144110601,晋城,客服,AC01101,26000.0,山西,151800.0,2020-08-25
临汾山水水泥有限责任公司,617983840,1557293578,山西省临汾市洪洞县明姜镇下柳树村村中路中段,31B0,144061501,临汾,客服,AC01101,35000.0,山西,75900.0,2020-07-01
晋城山水合聚水泥有限责任公司,1119609724,1324938211,山西省晋城市泽州县金村镇司家掌村1号,31B0,144110601,晋城,客服,AC01101,26000.0,山西,6600.0,2020-07-01
晋城山水合聚水泥有限责任公司,1119609724,1324938211,山西省晋城市泽州县金村镇司家掌村1号,31B0,144110601,晋城,客服,AC01101,26000.0,山西,158400.0,2020-07-02
临汾山水水泥有限责任公司,617983840,1557293578,山西省临汾市洪洞县明姜镇下柳树村村中路中段,31B0,144061501,临汾,客服,AC01101,35000.0,山西,69300.0,2020-07-02
晋城山水合聚水泥有限责任公司,1119609724,1324938211,山西省晋城市泽州县金村镇司家掌村1号,31B0,144110601,晋城,客服,AC01101,26000.0,山西,165000.0,2020-07-03
临汾山水水泥有限责任公司,617983840,1557293578,山西省临汾市洪洞县明姜镇下柳树村村中路中段,31B0,144061501,临汾,客服,AC01101,35000.0,山西,16500.0,2020-07-03
晋城山水合聚水泥有限责任公司,1119609724,1324938211,山西省晋城市泽州县金村镇司家掌村1号,31B0,144110601,晋城,客服,AC01101,26000.0,山西,171600.0,2020-07-04
临汾山水水泥有限责任公司,617983840,1557293578,山西省临汾市洪洞县明姜镇下柳树村村中路中段,31B0,144061501,临汾,客服,AC01101,35000.0,山西,13200.0,2020-07-04
晋城山水合聚水泥有限责任公司,1119609724,1324938211,山西省晋城市泽州县金村镇司家掌村1号,31B0,144110601,晋城,客服,AC01101,26000.0,山西,303600.0,2020-07-05
临汾山水水泥有限责任公司,617983840,1557293578,山西省临汾市洪洞县明姜镇下柳树村村中路中段,31B0,144061501,临汾,客服,AC01101,35000.0,山西,13200.0,2020-07-05
晋城山水合聚水泥有限责任公司,1119609724,1324938211,山西省晋城市泽州县金村镇司家掌村1号,31B0,144110601,晋城,客服,AC01101,26000.0,山西,283800.0,2020-07-06
临汾山水水泥有限责任公司,617983840,1557293578,山西省临汾市洪洞县明姜镇下柳树村村中路中段,31B0,144061501,临汾,客服,AC01101,35000.0,山西,62700.0,2020-07-06
临汾山水水泥有限责任公司,617983840,1557293578,山西省临汾市洪洞县明姜镇下柳树村村中路中段,31B0,144061501,临汾,客服,AC01101,35000.0,山西,26400.0,2020-07-07
晋城山水合聚水泥有限责任公司,1119609724,1324938211,山西省晋城市泽州县金村镇司家掌村1号,31B0,144110601,晋城,客服,AC01101,26000.0,山西,290400.0,2020-07-07
临汾山水水泥有限责任公司,617983840,1557293578,山西省临汾市洪洞县明姜镇下柳树村村中路中段,31B0,144061501,临汾,客服,AC01101,35000.0,山西,125400.0,2020-07-09
晋城山水合聚水泥有限责任公司,1119609724,1324938211,山西省晋城市泽州县金村镇司家掌村1号,31B0,144110601,晋城,客服,AC01101,26000.0,山西,171600.0,2020-07-10
临汾山水水泥有限责任公司,617983840,1557293578,山西省临汾市洪洞县明姜镇下柳树村村中路中段,31B0,144061501,临汾,客服,AC01101,35000.0,山西,204600.0,2020-07-10
晋城山水合聚水泥有限责任公司,1119609724,1324938211,山西省晋城市泽州县金村镇司家掌村1号,31B0,144110601,晋城,客服,AC01101,26000.0,山西,264000.0,2020-07-11
临汾山水水泥有限责任公司,617983840,1557293578,山西省临汾市洪洞县明姜镇下柳树村村中路中段,31B0,144061501,临汾,客服,AC01101,35000.0,山西,155100.0,2020-07-11
晋城山水合聚水泥有限责任公司,1119609724,1324938211,山西省晋城市泽州县金村镇司家掌村1号,31B0,144110601,晋城,客服,AC01101,26000.0,山西,191400.0,2020-07-12
临汾山水水泥有限责任公司,617983840,1557293578,山西省临汾市洪洞县明姜镇下柳树村村中路中段,31B0,144061501,临汾,客服,AC01101,35000.0,山西,188100.0,2020-07-12
晋城山水合聚水泥有限责任公司,1119609724,1324938211,山西省晋城市泽州县金村镇司家掌村1号,31B0,144110601,晋城,客服,AC01101,26000.0,山西,165000.0,2020-07-14
临汾山水水泥有限责任公司,617983840,1557293578,山西省临汾市洪洞县明姜镇下柳树村村中路中段,31B0,144061501,临汾,客服,AC01101,35000.0,山西,194700.0,2020-07-14
临汾山水水泥有限责任公司,617983840,1557293578,山西省临汾市洪洞县明姜镇下柳树村村中路中段,31B0,144061501,临汾,客服,AC01101,35000.0,山西,240900.0,2020-07-15
晋城山水合聚水泥有限责任公司,1119609724,1324938211,山西省晋城市泽州县金村镇司家掌村1号,31B0,144110601,晋城,客服,AC01101,26000.0,山西,290400.0,2020-07-15
晋城山水合聚水泥有限责任公司,1119609724,1324938211,山西省晋城市泽州县金村镇司家掌村1号,31B0,144110601,晋城,客服,AC01101,26000.0,山西,356400.0,2020-07-16
临汾山水水泥有限责任公司,617983840,1557293578,山西省临汾市洪洞县明姜镇下柳树村村中路中段,31B0,144061501,临汾,客服,AC01101,35000.0,山西,224400.0,2020-07-16
临汾山水水泥有限责任公司,617983840,1557293578,山西省临汾市洪洞县明姜镇下柳树村村中路中段,31B0,144061501,临汾,客服,AC01101,35000.0,山西,257400.0,2020-07-17
临汾山水水泥有限责任公司,617983840,1557293578,山西省临汾市洪洞县明姜镇下柳树村村中路中段,31B0,144061501,临汾,客服,AC01101,35000.0,山西,254100.0,2020-07-18
晋城山水合聚水泥有限责任公司,1119609724,1324938211,山西省晋城市泽州县金村镇司家掌村1号,31B0,144110601,晋城,客服,AC01101,26000.0,山西,336600.0,2020-07-18
临汾山水水泥有限责任公司,617983840,1557293578,山西省临汾市洪洞县明姜镇下柳树村村中路中段,31B0,144061501,临汾,客服,AC01101,35000.0,山西,237600.0,2020-07-19
临汾山水水泥有限责任公司,617983840,1557293578,山西省临汾市洪洞县明姜镇下柳树村村中路中段,31B0,144061501,临汾,客服,AC01101,35000.0,山西,277200.0,2020-07-20
晋城山水合聚水泥有限责任公司,1119609724,1324938211,山西省晋城市泽州县金村镇司家掌村1号,31B0,144110601,晋城,客服,AC01101,26000.0,山西,257400.0,2020-07-20
临汾山水水泥有限责任公司,617983840,1557293578,山西省临汾市洪洞县明姜镇下柳树村村中路中段,31B0,144061501,临汾,客服,AC01101,35000.0,山西,240900.0,2020-07-21
晋城山水合聚水泥有限责任公司,1119609724,1324938211,山西省晋城市泽州县金村镇司家掌村1号,31B0,144110601,晋城,客服,AC01101,26000.0,山西,250800.0,2020-07-21
晋城山水合聚水泥有限责任公司,1119609724,1324938211,山西省晋城市泽州县金村镇司家掌村1号,31B0,144110601,晋城,客服,AC01101,26000.0,山西,336600.0,2020-07-22
临汾山水水泥有限责任公司,617983840,1557293578,山西省临汾市洪洞县明姜镇下柳树村村中路中段,31B0,144061501,临汾,客服,AC01101,35000.0,山西,264000.0,2020-07-22
临汾山水水泥有限责任公司,617983840,1557293578,山西省临汾市洪洞县明姜镇下柳树村村中路中段,31B0,144061501,临汾,客服,AC01101,35000.0,山西,227700.0,2020-07-23
临汾山水水泥有限责任公司,617983840,1557293578,山西省临汾市洪洞县明姜镇下柳树村村中路中段,31B0,144061501,临汾,客服,AC01101,35000.0,山西,201300.0,2020-07-24
晋城山水合聚水泥有限责任公司,1119609724,1324938211,山西省晋城市泽州县金村镇司家掌村1号,31B0,144110601,晋城,客服,AC01101,26000.0,山西,396000.0,2020-07-24
临汾山水水泥有限责任公司,617983840,1557293578,山西省临汾市洪洞县明姜镇下柳树村村中路中段,31B0,144061501,临汾,客服,AC01101,35000.0,山西,174900.0,2020-07-25
晋城山水合聚水泥有限责任公司,1119609724,1324938211,山西省晋城市泽州县金村镇司家掌村1号,31B0,144110601,晋城,客服,AC01101,26000.0,山西,264000.0,2020-07-26
临汾山水水泥有限责任公司,617983840,1557293578,山西省临汾市洪洞县明姜镇下柳树村村中路中段,31B0,144061501,临汾,客服,AC01101,35000.0,山西,198000.0,2020-07-26
晋城山水合聚水泥有限责任公司,1119609724,1324938211,山西省晋城市泽州县金村镇司家掌村1号,31B0,144110601,晋城,客服,AC01101,26000.0,山西,151800.0,2020-07-27
临汾山水水泥有限责任公司,617983840,1557293578,山西省临汾市洪洞县明姜镇下柳树村村中路中段,31B0,144061501,临汾,客服,AC01101,35000.0,山西,270600.0,2020-07-27
临汾山水水泥有限责任公司,617983840,1557293578,山西省临汾市洪洞县明姜镇下柳树村村中路中段,31B0,144061501,临汾,客服,AC01101,35000.0,山西,247500.0,2020-07-28
晋城山水合聚水泥有限责任公司,1119609724,1324938211,山西省晋城市泽州县金村镇司家掌村1号,31B0,144110601,晋城,客服,AC01101,26000.0,山西,171600.0,2020-07-28
晋城山水合聚水泥有限责任公司,1119609724,1324938211,山西省晋城市泽州县金村镇司家掌村1号,31B0,144110601,晋城,客服,AC01101,26000.0,山西,125400.0,2020-07-29
临汾山水水泥有限责任公司,617983840,1557293578,山西省临汾市洪洞县明姜镇下柳树村村中路中段,31B0,144061501,临汾,客服,AC01101,35000.0,山西,264000.0,2020-07-29
晋城山水合聚水泥有限责任公司,1119609724,1324938211,山西省晋城市泽州县金村镇司家掌村1号,31B0,144110601,晋城,客服,AC01101,26000.0,山西,231000.0,2020-07-30
临汾山水水泥有限责任公司,617983840,1557293578,山西省临汾市洪洞县明姜镇下柳树村村中路中段,31B0,144061501,临汾,客服,AC01101,35000.0,山西,231000.0,2020-07-30
晋城山水合聚水泥有限责任公司,1119609724,1324938211,山西省晋城市泽州县金村镇司家掌村1号,31B0,144110601,晋城,客服,AC01101,26000.0,山西,165000.0,2020-07-31
临汾山水水泥有限责任公司,617983840,1557293578,山西省临汾市洪洞县明姜镇下柳树村村中路中段,31B0,144061501,临汾,客服,AC01101,35000.0,山西,198000.0,2020-07-31
晋城山水合聚水泥有限责任公司,1119609724,1324938211,山西省晋城市泽州县金村镇司家掌村1号,31B0,144110601,晋城,客服,AC01101,26000.0,山西,165000.0,2020-08-01
临汾山水水泥有限责任公司,617983840,1557293578,山西省临汾市洪洞县明姜镇下柳树村村中路中段,31B0,144061501,临汾,客服,AC01101,35000.0,山西,283800.0,2020-08-01
临汾山水水泥有限责任公司,617983840,1557293578,山西省临汾市洪洞县明姜镇下柳树村村中路中段,31B0,144061501,临汾,客服,AC01101,35000.0,山西,363000.0,2020-08-02
晋城山水合聚水泥有限责任公司,1119609724,1324938211,山西省晋城市泽州县金村镇司家掌村1号,31B0,144110601,晋城,客服,AC01101,26000.0,山西,171600.0,2020-08-02
晋城山水合聚水泥有限责任公司,1119609724,1324938211,山西省晋城市泽州县金村镇司家掌村1号,31B0,144110601,晋城,客服,AC01101,26000.0,山西,105600.0,2020-08-03
临汾山水水泥有限责任公司,617983840,1557293578,山西省临汾市洪洞县明姜镇下柳树村村中路中段,31B0,144061501,临汾,客服,AC01101,35000.0,山西,316800.0,2020-08-03
晋城山水合聚水泥有限责任公司,1119609724,1324938211,山西省晋城市泽州县金村镇司家掌村1号,31B0,144110601,晋城,客服,AC01101,26000.0,山西,151800.0,2020-08-04
临汾山水水泥有限责任公司,617983840,1557293578,山西省临汾市洪洞县明姜镇下柳树村村中路中段,31B0,144061501,临汾,客服,AC01101,35000.0,山西,300300.0,2020-08-05
晋城山水合聚水泥有限责任公司,1119609724,1324938211,山西省晋城市泽州县金村镇司家掌村1号,31B0,144110601,晋城,客服,AC01101,26000.0,山西,79200.0,2020-08-05
临汾山水水泥有限责任公司,617983840,1557293578,山西省临汾市洪洞县明姜镇下柳树村村中路中段,31B0,144061501,临汾,客服,AC01101,35000.0,山西,293700.0,2020-08-06
晋城山水合聚水泥有限责任公司,1119609724,1324938211,山西省晋城市泽州县金村镇司家掌村1号,31B0,144110601,晋城,客服,AC01101,26000.0,山西,92400.0,2020-08-06
晋城山水合聚水泥有限责任公司,1119609724,1324938211,山西省晋城市泽州县金村镇司家掌村1号,31B0,144110601,晋城,客服,AC01101,26000.0,山西,125400.0,2020-08-07
临汾山水水泥有限责任公司,617983840,1557293578,山西省临汾市洪洞县明姜镇下柳树村村中路中段,31B0,144061501,临汾,客服,AC01101,35000.0,山西,247500.0,2020-08-07
临汾山水水泥有限责任公司,617983840,1557293578,山西省临汾市洪洞县明姜镇下柳树村村中路中段,31B0,144061501,临汾,客服,AC01101,35000.0,山西,250800.0,2020-08-08
晋城山水合聚水泥有限责任公司,1119609724,1324938211,山西省晋城市泽州县金村镇司家掌村1号,31B0,144110601,晋城,客服,AC01101,26000.0,山西,151800.0,2020-08-08
晋城山水合聚水泥有限责任公司,1119609724,1324938211,山西省晋城市泽州县金村镇司家掌村1号,31B0,144110601,晋城,客服,AC01101,26000.0,山西,250800.0,2020-08-09
临汾山水水泥有限责任公司,617983840,1557293578,山西省临汾市洪洞县明姜镇下柳树村村中路中段,31B0,144061501,临汾,客服,AC01101,35000.0,山西,297000.0,2020-08-09
晋城山水合聚水泥有限责任公司,1119609724,1324938211,山西省晋城市泽州县金村镇司家掌村1号,31B0,144110601,晋城,客服,AC01101,26000.0,山西,323400.0,2020-08-10
临汾山水水泥有限责任公司,617983840,1557293578,山西省临汾市洪洞县明姜镇下柳树村村中路中段,31B0,144061501,临汾,客服,AC01101,35000.0,山西,191400.0,2020-08-10
晋城山水合聚水泥有限责任公司,1119609724,1324938211,山西省晋城市泽州县金村镇司家掌村1号,31B0,144110601,晋城,客服,AC01101,26000.0,山西,310200.0,2020-08-11
临汾山水水泥有限责任公司,617983840,1557293578,山西省临汾市洪洞县明姜镇下柳树村村中路中段,31B0,144061501,临汾,客服,AC01101,35000.0,山西,141900.0,2020-08-11
晋城山水合聚水泥有限责任公司,1119609724,1324938211,山西省晋城市泽州县金村镇司家掌村1号,31B0,144110601,晋城,客服,AC01101,26000.0,山西,330000.0,2020-08-12
临汾山水水泥有限责任公司,617983840,1557293578,山西省临汾市洪洞县明姜镇下柳树村村中路中段,31B0,144061501,临汾,客服,AC01101,35000.0,山西,72600.0,2020-08-12
临汾山水水泥有限责任公司,617983840,1557293578,山西省临汾市洪洞县明姜镇下柳树村村中路中段,31B0,144061501,临汾,客服,AC01101,35000.0,山西,16500.0,2020-08-13
晋城山水合聚水泥有限责任公司,1119609724,1324938211,山西省晋城市泽州县金村镇司家掌村1号,31B0,144110601,晋城,客服,AC01101,26000.0,山西,316800.0,2020-08-13
晋城山水合聚水泥有限责任公司,1119609724,1324938211,山西省晋城市泽州县金村镇司家掌村1号,31B0,144110601,晋城,客服,AC01101,26000.0,山西,257400.0,2020-08-14
临汾山水水泥有限责任公司,617983840,1557293578,山西省临汾市洪洞县明姜镇下柳树村村中路中段,31B0,144061501,临汾,客服,AC01101,35000.0,山西,26400.0,2020-08-14
晋城山水合聚水泥有限责任公司,1119609724,1324938211,山西省晋城市泽州县金村镇司家掌村1号,31B0,144110601,晋城,客服,AC01101,26000.0,山西,224400.0,2020-08-15
临汾山水水泥有限责任公司,617983840,1557293578,山西省临汾市洪洞县明姜镇下柳树村村中路中段,31B0,144061501,临汾,客服,AC01101,35000.0,山西,178200.0,2020-08-15
晋城山水合聚水泥有限责任公司,1119609724,1324938211,山西省晋城市泽州县金村镇司家掌村1号,31B0,144110601,晋城,客服,AC01101,26000.0,山西,303600.0,2020-08-16
临汾山水水泥有限责任公司,617983840,1557293578,山西省临汾市洪洞县明姜镇下柳树村村中路中段,31B0,144061501,临汾,客服,AC01101,35000.0,山西,151800.0,2020-08-16
晋城山水合聚水泥有限责任公司,1119609724,1324938211,山西省晋城市泽州县金村镇司家掌村1号,31B0,144110601,晋城,客服,AC01101,26000.0,山西,283800.0,2020-08-17
临汾山水水泥有限责任公司,617983840,1557293578,山西省临汾市洪洞县明姜镇下柳树村村中路中段,31B0,144061501,临汾,客服,AC01101,35000.0,山西,39600.0,2020-08-17
晋城山水合聚水泥有限责任公司,1119609724,1324938211,山西省晋城市泽州县金村镇司家掌村1号,31B0,144110601,晋城,客服,AC01101,26000.0,山西,257400.0,2020-08-18
临汾山水水泥有限责任公司,617983840,1557293578,山西省临汾市洪洞县明姜镇下柳树村村中路中段,31B0,144061501,临汾,客服,AC01101,35000.0,山西,19800.0,2020-08-18
晋城山水合聚水泥有限责任公司,1119609724,1324938211,山西省晋城市泽州县金村镇司家掌村1号,31B0,144110601,晋城,客服,AC01101,26000.0,山西,323400.0,2020-08-19
临汾山水水泥有限责任公司,617983840,1557293578,山西省临汾市洪洞县明姜镇下柳树村村中路中段,31B0,144061501,临汾,客服,AC01101,35000.0,山西,13200.0,2020-08-19
晋城山水合聚水泥有限责任公司,1119609724,1324938211,山西省晋城市泽州县金村镇司家掌村1号,31B0,144110601,晋城,客服,AC01101,26000.0,山西,277200.0,2020-08-20
临汾山水水泥有限责任公司,617983840,1557293578,山西省临汾市洪洞县明姜镇下柳树村村中路中段,31B0,144061501,临汾,客服,AC01101,35000.0,山西,79200.0,2020-08-20
临汾山水水泥有限责任公司,617983840,1557293578,山西省临汾市洪洞县明姜镇下柳树村村中路中段,31B0,144061501,临汾,客服,AC01101,35000.0,山西,89100.0,2020-08-21
晋城山水合聚水泥有限责任公司,1119609724,1324938211,山西省晋城市泽州县金村镇司家掌村1号,31B0,144110601,晋城,客服,AC01101,26000.0,山西,343200.0,2020-08-21
晋城山水合聚水泥有限责任公司,1119609724,1324938211,山西省晋城市泽州县金村镇司家掌村1号,31B0,144110601,晋城,客服,AC01101,26000.0,山西,270600.0,2020-08-22
临汾山水水泥有限责任公司,617983840,1557293578,山西省临汾市洪洞县明姜镇下柳树村村中路中段,31B0,144061501,临汾,客服,AC01101,35000.0,山西,13200.0,2020-08-22
晋城山水合聚水泥有限责任公司,1119609724,1324938211,山西省晋城市泽州县金村镇司家掌村1号,31B0,144110601,晋城,客服,AC01101,26000.0,山西,336600.0,2020-08-23
晋城山水合聚水泥有限责任公司,1119609724,1324938211,山西省晋城市泽州县金村镇司家掌村1号,31B0,144110601,晋城,客服,AC01101,26000.0,山西,257400.0,2020-08-24
临汾山水水泥有限责任公司,617983840,1557293578,山西省临汾市洪洞县明姜镇下柳树村村中路中段,31B0,144061501,临汾,客服,AC01101,35000.0,山西,125400.0,2020-08-25
晋城山水合聚水泥有限责任公司,1119609724,1324938211,山西省晋城市泽州县金村镇司家掌村1号,31B0,144110601,晋城,客服,AC01101,26000.0,山西,171600.0,2020-08-26
晋城山水合聚水泥有限责任公司,1119609724,1324938211,山西省晋城市泽州县金村镇司家掌村1号,31B0,144110601,晋城,客服,AC01101,26000.0,山西,264000.0,2020-08-27
临汾山水水泥有限责任公司,617983840,1557293578,山西省临汾市洪洞县明姜镇下柳树村村中路中段,31B0,144061501,临汾,客服,AC01101,35000.0,山西,283800.0,2020-08-27
晋城山水合聚水泥有限责任公司,1119609724,1324938211,山西省晋城市泽州县金村镇司家掌村1号,31B0,144110601,晋城,客服,AC01101,26000.0,山西,277200.0,2020-08-28
临汾山水水泥有限责任公司,617983840,1557293578,山西省临汾市洪洞县明姜镇下柳树村村中路中段,31B0,144061501,临汾,客服,AC01101,35000.0,山西,283800.0,2020-08-28
晋城山水合聚水泥有限责任公司,1119609724,1324938211,山西省晋城市泽州县金村镇司家掌村1号,31B0,144110601,晋城,客服,AC01101,26000.0,山西,264000.0,2020-08-29
临汾山水水泥有限责任公司,617983840,1557293578,山西省临汾市洪洞县明姜镇下柳树村村中路中段,31B0,144061501,临汾,客服,AC01101,35000.0,山西,234300.0,2020-08-29
临汾山水水泥有限责任公司,617983840,1557293578,山西省临汾市洪洞县明姜镇下柳树村村中路中段,31B0,144061501,临汾,客服,AC01101,35000.0,山西,300300.0,2020-08-30
晋城山水合聚水泥有限责任公司,1119609724,1324938211,山西省晋城市泽州县金村镇司家掌村1号,31B0,144110601,晋城,客服,AC01101,26000.0,山西,217800.0,2020-08-30
临汾山水水泥有限责任公司,617983840,1557293578,山西省临汾市洪洞县明姜镇下柳树村村中路中段,31B0,144061501,临汾,客服,AC01101,35000.0,山西,273900.0,2020-08-31
晋城山水合聚水泥有限责任公司,1119609724,1324938211,山西省晋城市泽州县金村镇司家掌村1号,31B0,144110601,晋城,客服,AC01101,26000.0,山西,290400.0,2020-08-31
临汾山水水泥有限责任公司,617983840,1557293578,山西省临汾市洪洞县明姜镇下柳树村村中路中段,31B0,144061501,临汾,客服,AC01101,35000.0,山西,283800.0,2020-09-01
晋城山水合聚水泥有限责任公司,1119609724,1324938211,山西省晋城市泽州县金村镇司家掌村1号,31B0,144110601,晋城,客服,AC01101,26000.0,山西,277200.0,2020-09-01
临汾山水水泥有限责任公司,617983840,1557293578,山西省临汾市洪洞县明姜镇下柳树村村中路中段,31B0,144061501,临汾,客服,AC01101,35000.0,山西,277200.0,2020-09-02
晋城山水合聚水泥有限责任公司,1119609724,1324938211,山西省晋城市泽州县金村镇司家掌村1号,31B0,144110601,晋城,客服,AC01101,26000.0,山西,382800.0,2020-09-02
临汾山水水泥有限责任公司,617983840,1557293578,山西省临汾市洪洞县明姜镇下柳树村村中路中段,31B0,144061501,临汾,客服,AC01101,35000.0,山西,260700.0,2020-09-03
晋城山水合聚水泥有限责任公司,1119609724,1324938211,山西省晋城市泽州县金村镇司家掌村1号,31B0,144110601,晋城,客服,AC01101,26000.0,山西,349800.0,2020-09-03
晋城山水合聚水泥有限责任公司,1119609724,1324938211,山西省晋城市泽州县金村镇司家掌村1号,31B0,144110601,晋城,客服,AC01101,26000.0,山西,290400.0,2020-09-04
临汾山水水泥有限责任公司,617983840,1557293578,山西省临汾市洪洞县明姜镇下柳树村村中路中段,31B0,144061501,临汾,客服,AC01101,35000.0,山西,234300.0,2020-09-04
晋城山水合聚水泥有限责任公司,1119609724,1324938211,山西省晋城市泽州县金村镇司家掌村1号,31B0,144110601,晋城,客服,AC01101,26000.0,山西,204600.0,2020-09-05
临汾山水水泥有限责任公司,617983840,1557293578,山西省临汾市洪洞县明姜镇下柳树村村中路中段,31B0,144061501,临汾,客服,AC01101,35000.0,山西,214500.0,2020-09-05
晋城山水合聚水泥有限责任公司,1119609724,1324938211,山西省晋城市泽州县金村镇司家掌村1号,31B0,144110601,晋城,客服,AC01101,26000.0,山西,290400.0,2020-09-06
临汾山水水泥有限责任公司,617983840,1557293578,山西省临汾市洪洞县明姜镇下柳树村村中路中段,31B0,144061501,临汾,客服,AC01101,35000.0,山西,277200.0,2020-09-06
晋城山水合聚水泥有限责任公司,1119609724,1324938211,山西省晋城市泽州县金村镇司家掌村1号,31B0,144110601,晋城,客服,AC01101,26000.0,山西,297000.0,2020-09-07
临汾山水水泥有限责任公司,617983840,1557293578,山西省临汾市洪洞县明姜镇下柳树村村中路中段,31B0,144061501,临汾,客服,AC01101,35000.0,山西,283800.0,2020-09-07
临汾山水水泥有限责任公司,617983840,1557293578,山西省临汾市洪洞县明姜镇下柳树村村中路中段,31B0,144061501,临汾,客服,AC01101,35000.0,山西,260700.0,2020-09-08
临汾山水水泥有限责任公司,617983840,1557293578,山西省临汾市洪洞县明姜镇下柳树村村中路中段,31B0,144061501,临汾,客服,AC01101,35000.0,山西,254100.0,2020-09-09
晋城山水合聚水泥有限责任公司,1119609724,1324938211,山西省晋城市泽州县金村镇司家掌村1号,31B0,144110601,晋城,客服,AC01101,26000.0,山西,316800.0,2020-09-09
临汾山水水泥有限责任公司,617983840,1557293578,山西省临汾市洪洞县明姜镇下柳树村村中路中段,31B0,144061501,临汾,客服,AC01101,35000.0,山西,237600.0,2020-09-10
晋城山水合聚水泥有限责任公司,1119609724,1324938211,山西省晋城市泽州县金村镇司家掌村1号,31B0,144110601,晋城,客服,AC01101,26000.0,山西,277200.0,2020-09-10
临汾山水水泥有限责任公司,617983840,1557293578,山西省临汾市洪洞县明姜镇下柳树村村中路中段,31B0,144061501,临汾,客服,AC01101,35000.0,山西,283800.0,2020-09-11
晋城山水合聚水泥有限责任公司,1119609724,1324938211,山西省晋城市泽州县金村镇司家掌村1号,31B0,144110601,晋城,客服,AC01101,26000.0,山西,270600.0,2020-09-11
晋城山水合聚水泥有限责任公司,1119609724,1324938211,山西省晋城市泽州县金村镇司家掌村1号,31B0,144110601,晋城,客服,AC01101,26000.0,山西,316800.0,2020-09-12
临汾山水水泥有限责任公司,617983840,1557293578,山西省临汾市洪洞县明姜镇下柳树村村中路中段,31B0,144061501,临汾,客服,AC01101,35000.0,山西,297000.0,2020-09-12
临汾山水水泥有限责任公司,617983840,1557293578,山西省临汾市洪洞县明姜镇下柳树村村中路中段,31B0,144061501,临汾,客服,AC01101,35000.0,山西,316800.0,2020-09-13
晋城山水合聚水泥有限责任公司,1119609724,1324938211,山西省晋城市泽州县金村镇司家掌村1号,31B0,144110601,晋城,客服,AC01101,26000.0,山西,356400.0,2020-09-13
临汾山水水泥有限责任公司,617983840,1557293578,山西省临汾市洪洞县明姜镇下柳树村村中路中段,31B0,144061501,临汾,客服,AC01101,35000.0,山西,323400.0,2020-09-14
临汾山水水泥有限责任公司,617983840,1557293578,山西省临汾市洪洞县明姜镇下柳树村村中路中段,31B0,144061501,临汾,客服,AC01101,35000.0,山西,264000.0,2020-09-15
晋城山水合聚水泥有限责任公司,1119609724,1324938211,山西省晋城市泽州县金村镇司家掌村1号,31B0,144110601,晋城,客服,AC01101,26000.0,山西,310200.0,2020-09-15
晋城山水合聚水泥有限责任公司,1119609724,1324938211,山西省晋城市泽州县金村镇司家掌村1号,31B0,144110601,晋城,客服,AC01101,26000.0,山西,270600.0,2020-09-16
临汾山水水泥有限责任公司,617983840,1557293578,山西省临汾市洪洞县明姜镇下柳树村村中路中段,31B0,144061501,临汾,客服,AC01101,35000.0,山西,290400.0,2020-09-16
晋城山水合聚水泥有限责任公司,1119609724,1324938211,山西省晋城市泽州县金村镇司家掌村1号,31B0,144110601,晋城,客服,AC01101,26000.0,山西,323400.0,2020-09-17
临汾山水水泥有限责任公司,617983840,1557293578,山西省临汾市洪洞县明姜镇下柳树村村中路中段,31B0,144061501,临汾,客服,AC01101,35000.0,山西,211200.0,2020-09-17
晋城山水合聚水泥有限责任公司,1119609724,1324938211,山西省晋城市泽州县金村镇司家掌村1号,31B0,144110601,晋城,客服,AC01101,26000.0,山西,303600.0,2020-09-18
临汾山水水泥有限责任公司,617983840,1557293578,山西省临汾市洪洞县明姜镇下柳树村村中路中段,31B0,144061501,临汾,客服,AC01101,35000.0,山西,237600.0,2020-09-18
晋城山水合聚水泥有限责任公司,1119609724,1324938211,山西省晋城市泽州县金村镇司家掌村1号,31B0,144110601,晋城,客服,AC01101,26000.0,山西,231000.0,2020-09-19
临汾山水水泥有限责任公司,617983840,1557293578,山西省临汾市洪洞县明姜镇下柳树村村中路中段,31B0,144061501,临汾,客服,AC01101,35000.0,山西,287100.0,2020-09-19
晋城山水合聚水泥有限责任公司,1119609724,1324938211,山西省晋城市泽州县金村镇司家掌村1号,31B0,144110601,晋城,客服,AC01101,26000.0,山西,316800.0,2020-09-20
临汾山水水泥有限责任公司,617983840,1557293578,山西省临汾市洪洞县明姜镇下柳树村村中路中段,31B0,144061501,临汾,客服,AC01101,35000.0,山西,297000.0,2020-09-20
晋城山水合聚水泥有限责任公司,1119609724,1324938211,山西省晋城市泽州县金村镇司家掌村1号,31B0,144110601,晋城,客服,AC01101,26000.0,山西,323400.0,2020-09-21
临汾山水水泥有限责任公司,617983840,1557293578,山西省临汾市洪洞县明姜镇下柳树村村中路中段,31B0,144061501,临汾,客服,AC01101,35000.0,山西,349800.0,2020-09-22
晋城山水合聚水泥有限责任公司,1119609724,1324938211,山西省晋城市泽州县金村镇司家掌村1号,31B0,144110601,晋城,客服,AC01101,26000.0,山西,224400.0,2020-09-22
晋城山水合聚水泥有限责任公司,1119609724,1324938211,山西省晋城市泽州县金村镇司家掌村1号,31B0,144110601,晋城,客服,AC01101,26000.0,山西,151800.0,2020-09-23
临汾山水水泥有限责任公司,617983840,1557293578,山西省临汾市洪洞县明姜镇下柳树村村中路中段,31B0,144061501,临汾,客服,AC01101,35000.0,山西,224400.0,2020-09-23
晋城山水合聚水泥有限责任公司,1119609724,1324938211,山西省晋城市泽州县金村镇司家掌村1号,31B0,144110601,晋城,客服,AC01101,26000.0,山西,132000.0,2020-09-24
临汾山水水泥有限责任公司,617983840,1557293578,山西省临汾市洪洞县明姜镇下柳树村村中路中段,31B0,144061501,临汾,客服,AC01101,35000.0,山西,343200.0,2020-09-24
晋城山水合聚水泥有限责任公司,1119609724,1324938211,山西省晋城市泽州县金村镇司家掌村1号,31B0,144110601,晋城,客服,AC01101,26000.0,山西,165000.0,2020-09-25
临汾山水水泥有限责任公司,617983840,1557293578,山西省临汾市洪洞县明姜镇下柳树村村中路中段,31B0,144061501,临汾,客服,AC01101,35000.0,山西,237600.0,2020-09-25
晋城山水合聚水泥有限责任公司,1119609724,1324938211,山西省晋城市泽州县金村镇司家掌村1号,31B0,144110601,晋城,客服,AC01101,26000.0,山西,118800.0,2020-09-26
临汾山水水泥有限责任公司,617983840,1557293578,山西省临汾市洪洞县明姜镇下柳树村村中路中段,31B0,144061501,临汾,客服,AC01101,35000.0,山西,247500.0,2020-09-26
晋城山水合聚水泥有限责任公司,1119609724,1324938211,山西省晋城市泽州县金村镇司家掌村1号,31B0,144110601,晋城,客服,AC01101,26000.0,山西,151800.0,2020-09-27
临汾山水水泥有限责任公司,617983840,1557293578,山西省临汾市洪洞县明姜镇下柳树村村中路中段,31B0,144061501,临汾,客服,AC01101,35000.0,山西,181500.0,2020-09-27
晋城山水合聚水泥有限责任公司,1119609724,1324938211,山西省晋城市泽州县金村镇司家掌村1号,31B0,144110601,晋城,客服,AC01101,26000.0,山西,184800.0,2020-09-28
临汾山水水泥有限责任公司,617983840,1557293578,山西省临汾市洪洞县明姜镇下柳树村村中路中段,31B0,144061501,临汾,客服,AC01101,35000.0,山西,369600.0,2020-09-28
临汾山水水泥有限责任公司,617983840,1557293578,山西省临汾市洪洞县明姜镇下柳树村村中路中段,31B0,144061501,临汾,客服,AC01101,35000.0,山西,283800.0,2020-09-29
晋城山水合聚水泥有限责任公司,1119609724,1324938211,山西省晋城市泽州县金村镇司家掌村1号,31B0,144110601,晋城,客服,AC01101,26000.0,山西,310200.0,2020-09-29
晋城山水合聚水泥有限责任公司,1119609724,1324938211,山西省晋城市泽州县金村镇司家掌村1号,31B0,144110601,晋城,客服,AC01101,26000.0,山西,343200.0,2020-09-30
临汾山水水泥有限责任公司,617983840,1557293578,山西省临汾市洪洞县明姜镇下柳树村村中路中段,31B0,144061501,临汾,客服,AC01101,35000.0,山西,306900.0,2020-09-30
晋城山水合聚水泥有限责任公司,1119609724,1324938211,山西省晋城市泽州县金村镇司家掌村1号,31B0,144110601,晋城,客服,AC01101,26000.0,山西,264000.0,2020-10-01
临汾山水水泥有限责任公司,617983840,1557293578,山西省临汾市洪洞县明姜镇下柳树村村中路中段,31B0,144061501,临汾,客服,AC01101,35000.0,山西,297000.0,2020-10-01
临汾山水水泥有限责任公司,617983840,1557293578,山西省临汾市洪洞县明姜镇下柳树村村中路中段,31B0,144061501,临汾,客服,AC01101,35000.0,山西,293700.0,2020-10-02
晋城山水合聚水泥有限责任公司,1119609724,1324938211,山西省晋城市泽州县金村镇司家掌村1号,31B0,144110601,晋城,客服,AC01101,26000.0,山西,264000.0,2020-10-02
临汾山水水泥有限责任公司,617983840,1557293578,山西省临汾市洪洞县明姜镇下柳树村村中路中段,31B0,144061501,临汾,客服,AC01101,35000.0,山西,260700.0,2020-10-03
晋城山水合聚水泥有限责任公司,1119609724,1324938211,山西省晋城市泽州县金村镇司家掌村1号,31B0,144110601,晋城,客服,AC01101,26000.0,山西,277200.0,2020-10-03
临汾山水水泥有限责任公司,617983840,1557293578,山西省临汾市洪洞县明姜镇下柳树村村中路中段,31B0,144061501,临汾,客服,AC01101,35000.0,山西,244200.0,2020-10-04
晋城山水合聚水泥有限责任公司,1119609724,1324938211,山西省晋城市泽州县金村镇司家掌村1号,31B0,144110601,晋城,客服,AC01101,26000.0,山西,290400.0,2020-10-04
临汾山水水泥有限责任公司,617983840,1557293578,山西省临汾市洪洞县明姜镇下柳树村村中路中段,31B0,144061501,临汾,客服,AC01101,35000.0,山西,247500.0,2020-10-05
晋城山水合聚水泥有限责任公司,1119609724,1324938211,山西省晋城市泽州县金村镇司家掌村1号,31B0,144110601,晋城,客服,AC01101,26000.0,山西,244200.0,2020-10-05
临汾山水水泥有限责任公司,617983840,1557293578,山西省临汾市洪洞县明姜镇下柳树村村中路中段,31B0,144061501,临汾,客服,AC01101,35000.0,山西,264000.0,2020-10-06
晋城山水合聚水泥有限责任公司,1119609724,1324938211,山西省晋城市泽州县金村镇司家掌村1号,31B0,144110601,晋城,客服,AC01101,26000.0,山西,356400.0,2020-10-06
晋城山水合聚水泥有限责任公司,1119609724,1324938211,山西省晋城市泽州县金村镇司家掌村1号,31B0,144110601,晋城,客服,AC01101,26000.0,山西,303600.0,2020-10-07
临汾山水水泥有限责任公司,617983840,1557293578,山西省临汾市洪洞县明姜镇下柳树村村中路中段,31B0,144061501,临汾,客服,AC01101,35000.0,山西,280500.0,2020-10-07
临汾山水水泥有限责任公司,617983840,1557293578,山西省临汾市洪洞县明姜镇下柳树村村中路中段,31B0,144061501,临汾,客服,AC01101,35000.0,山西,290400.0,2020-10-08
晋城山水合聚水泥有限责任公司,1119609724,1324938211,山西省晋城市泽州县金村镇司家掌村1号,31B0,144110601,晋城,客服,AC01101,26000.0,山西,310200.0,2020-10-08
临汾山水水泥有限责任公司,617983840,1557293578,山西省临汾市洪洞县明姜镇下柳树村村中路中段,31B0,144061501,临汾,客服,AC01101,35000.0,山西,290400.0,2020-10-09
晋城山水合聚水泥有限责任公司,1119609724,1324938211,山西省晋城市泽州县金村镇司家掌村1号,31B0,144110601,晋城,客服,AC01101,26000.0,山西,277200.0,2020-10-09
临汾山水水泥有限责任公司,617983840,1557293578,山西省临汾市洪洞县明姜镇下柳树村村中路中段,31B0,144061501,临汾,客服,AC01101,35000.0,山西,198000.0,2020-10-10
晋城山水合聚水泥有限责任公司,1119609724,1324938211,山西省晋城市泽州县金村镇司家掌村1号,31B0,144110601,晋城,客服,AC01101,26000.0,山西,297000.0,2020-10-10
晋城山水合聚水泥有限责任公司,1119609724,1324938211,山西省晋城市泽州县金村镇司家掌村1号,31B0,144110601,晋城,客服,AC01101,26000.0,山西,336600.0,2020-10-11
临汾山水水泥有限责任公司,617983840,1557293578,山西省临汾市洪洞县明姜镇下柳树村村中路中段,31B0,144061501,临汾,客服,AC01101,35000.0,山西,204600.0,2020-10-11
晋城山水合聚水泥有限责任公司,1119609724,1324938211,山西省晋城市泽州县金村镇司家掌村1号,31B0,144110601,晋城,客服,AC01101,26000.0,山西,297000.0,2020-10-12
临汾山水水泥有限责任公司,617983840,1557293578,山西省临汾市洪洞县明姜镇下柳树村村中路中段,31B0,144061501,临汾,客服,AC01101,35000.0,山西,174900.0,2020-10-12
临汾山水水泥有限责任公司,617983840,1557293578,山西省临汾市洪洞县明姜镇下柳树村村中路中段,31B0,144061501,临汾,客服,AC01101,35000.0,山西,313500.0,2020-10-13
晋城山水合聚水泥有限责任公司,1119609724,1324938211,山西省晋城市泽州县金村镇司家掌村1号,31B0,144110601,晋城,客服,AC01101,26000.0,山西,231000.0,2020-10-13
晋城山水合聚水泥有限责任公司,1119609724,1324938211,山西省晋城市泽州县金村镇司家掌村1号,31B0,144110601,晋城,客服,AC01101,26000.0,山西,297000.0,2020-10-14
临汾山水水泥有限责任公司,617983840,1557293578,山西省临汾市洪洞县明姜镇下柳树村村中路中段,31B0,144061501,临汾,客服,AC01101,35000.0,山西,313500.0,2020-10-14
晋城山水合聚水泥有限责任公司,1119609724,1324938211,山西省晋城市泽州县金村镇司家掌村1号,31B0,144110601,晋城,客服,AC01101,26000.0,山西,250800.0,2020-10-15
临汾山水水泥有限责任公司,617983840,1557293578,山西省临汾市洪洞县明姜镇下柳树村村中路中段,31B0,144061501,临汾,客服,AC01101,35000.0,山西,297000.0,2020-10-15
晋城山水合聚水泥有限责任公司,1119609724,1324938211,山西省晋城市泽州县金村镇司家掌村1号,31B0,144110601,晋城,客服,AC01101,26000.0,山西,343200.0,2020-10-16
临汾山水水泥有限责任公司,617983840,1557293578,山西省临汾市洪洞县明姜镇下柳树村村中路中段,31B0,144061501,临汾,客服,AC01101,35000.0,山西,346500.0,2020-10-16
晋城山水合聚水泥有限责任公司,1119609724,1324938211,山西省晋城市泽州县金村镇司家掌村1号,31B0,144110601,晋城,客服,AC01101,26000.0,山西,303600.0,2020-10-17
临汾山水水泥有限责任公司,617983840,1557293578,山西省临汾市洪洞县明姜镇下柳树村村中路中段,31B0,144061501,临汾,客服,AC01101,35000.0,山西,260700.0,2020-10-18
晋城山水合聚水泥有限责任公司,1119609724,1324938211,山西省晋城市泽州县金村镇司家掌村1号,31B0,144110601,晋城,客服,AC01101,26000.0,山西,303600.0,2020-10-18
晋城山水合聚水泥有限责任公司,1119609724,1324938211,山西省晋城市泽州县金村镇司家掌村1号,31B0,144110601,晋城,客服,AC01101,26000.0,山西,277200.0,2020-10-19
临汾山水水泥有限责任公司,617983840,1557293578,山西省临汾市洪洞县明姜镇下柳树村村中路中段,31B0,144061501,临汾,客服,AC01101,35000.0,山西,264000.0,2020-10-19
晋城山水合聚水泥有限责任公司,1119609724,1324938211,山西省晋城市泽州县金村镇司家掌村1号,31B0,144110601,晋城,客服,AC01101,26000.0,山西,231000.0,2020-10-20
临汾山水水泥有限责任公司,617983840,1557293578,山西省临汾市洪洞县明姜镇下柳树村村中路中段,31B0,144061501,临汾,客服,AC01101,35000.0,山西,280500.0,2020-10-20
临汾山水水泥有限责任公司,617983840,1557293578,山西省临汾市洪洞县明姜镇下柳树村村中路中段,31B0,144061501,临汾,客服,AC01101,35000.0,山西,244200.0,2020-10-21
晋城山水合聚水泥有限责任公司,1119609724,1324938211,山西省晋城市泽州县金村镇司家掌村1号,31B0,144110601,晋城,客服,AC01101,26000.0,山西,270600.0,2020-10-21
临汾山水水泥有限责任公司,617983840,1557293578,山西省临汾市洪洞县明姜镇下柳树村村中路中段,31B0,144061501,临汾,客服,AC01101,35000.0,山西,171600.0,2020-10-23
晋城山水合聚水泥有限责任公司,1119609724,1324938211,山西省晋城市泽州县金村镇司家掌村1号,31B0,144110601,晋城,客服,AC01101,26000.0,山西,250800.0,2020-10-23
晋城山水合聚水泥有限责任公司,1119609724,1324938211,山西省晋城市泽州县金村镇司家掌村1号,31B0,144110601,晋城,客服,AC01101,26000.0,山西,250800.0,2020-10-24
临汾山水水泥有限责任公司,617983840,1557293578,山西省临汾市洪洞县明姜镇下柳树村村中路中段,31B0,144061501,临汾,客服,AC01101,35000.0,山西,161700.0,2020-10-24
晋城山水合聚水泥有限责任公司,1119609724,1324938211,山西省晋城市泽州县金村镇司家掌村1号,31B0,144110601,晋城,客服,AC01101,26000.0,山西,310200.0,2020-10-25
临汾山水水泥有限责任公司,617983840,1557293578,山西省临汾市洪洞县明姜镇下柳树村村中路中段,31B0,144061501,临汾,客服,AC01101,35000.0,山西,178200.0,2020-10-25
临汾山水水泥有限责任公司,617983840,1557293578,山西省临汾市洪洞县明姜镇下柳树村村中路中段,31B0,144061501,临汾,客服,AC01101,35000.0,山西,171600.0,2020-10-26
晋城山水合聚水泥有限责任公司,1119609724,1324938211,山西省晋城市泽州县金村镇司家掌村1号,31B0,144110601,晋城,客服,AC01101,26000.0,山西,264000.0,2020-10-26
临汾山水水泥有限责任公司,617983840,1557293578,山西省临汾市洪洞县明姜镇下柳树村村中路中段,31B0,144061501,临汾,客服,AC01101,35000.0,山西,174900.0,2020-10-27
晋城山水合聚水泥有限责任公司,1119609724,1324938211,山西省晋城市泽州县金村镇司家掌村1号,31B0,144110601,晋城,客服,AC01101,26000.0,山西,270600.0,2020-10-27
临汾山水水泥有限责任公司,617983840,1557293578,山西省临汾市洪洞县明姜镇下柳树村村中路中段,31B0,144061501,临汾,客服,AC01101,35000.0,山西,178200.0,2020-10-28
晋城山水合聚水泥有限责任公司,1119609724,1324938211,山西省晋城市泽州县金村镇司家掌村1号,31B0,144110601,晋城,客服,AC01101,26000.0,山西,165000.0,2020-10-28
晋城山水合聚水泥有限责任公司,1119609724,1324938211,山西省晋城市泽州县金村镇司家掌村1号,31B0,144110601,晋城,客服,AC01101,26000.0,山西,158400.0,2020-10-29
晋城山水合聚水泥有限责任公司,1119609724,1324938211,山西省晋城市泽州县金村镇司家掌村1号,31B0,144110601,晋城,客服,AC01101,26000.0,山西,165000.0,2020-10-30
临汾山水水泥有限责任公司,617983840,1557293578,山西省临汾市洪洞县明姜镇下柳树村村中路中段,31B0,144061501,临汾,客服,AC01101,35000.0,山西,165000.0,2020-10-30
晋城山水合聚水泥有限责任公司,1119609724,1324938211,山西省晋城市泽州县金村镇司家掌村1号,31B0,144110601,晋城,客服,AC01101,26000.0,山西,231000.0,2020-10-31
临汾山水水泥有限责任公司,617983840,1557293578,山西省临汾市洪洞县明姜镇下柳树村村中路中段,31B0,144061501,临汾,客服,AC01101,35000.0,山西,148500.0,2020-10-31
临汾山水水泥有限责任公司,617983840,1557293578,山西省临汾市洪洞县明姜镇下柳树村村中路中段,31B0,144061501,临汾,客服,AC01101,35000.0,山西,316800.0,2020-11-01
晋城山水合聚水泥有限责任公司,1119609724,1324938211,山西省晋城市泽州县金村镇司家掌村1号,31B0,144110601,晋城,客服,AC01101,26000.0,山西,270600.0,2020-11-02
临汾山水水泥有限责任公司,617983840,1557293578,山西省临汾市洪洞县明姜镇下柳树村村中路中段,31B0,144061501,临汾,客服,AC01101,35000.0,山西,217800.0,2020-11-02
临汾山水水泥有限责任公司,617983840,1557293578,山西省临汾市洪洞县明姜镇下柳树村村中路中段,31B0,144061501,临汾,客服,AC01101,35000.0,山西,254100.0,2020-11-03
晋城山水合聚水泥有限责任公司,1119609724,1324938211,山西省晋城市泽州县金村镇司家掌村1号,31B0,144110601,晋城,客服,AC01101,26000.0,山西,297000.0,2020-11-04
临汾山水水泥有限责任公司,617983840,1557293578,山西省临汾市洪洞县明姜镇下柳树村村中路中段,31B0,144061501,临汾,客服,AC01101,35000.0,山西,316800.0,2020-11-04
晋城山水合聚水泥有限责任公司,1119609724,1324938211,山西省晋城市泽州县金村镇司家掌村1号,31B0,144110601,晋城,客服,AC01101,26000.0,山西,204600.0,2020-11-06
临汾山水水泥有限责任公司,617983840,1557293578,山西省临汾市洪洞县明姜镇下柳树村村中路中段,31B0,144061501,临汾,客服,AC01101,35000.0,山西,330000.0,2020-11-07
晋城山水合聚水泥有限责任公司,1119609724,1324938211,山西省晋城市泽州县金村镇司家掌村1号,31B0,144110601,晋城,客服,AC01101,26000.0,山西,224400.0,2020-11-07
晋城山水合聚水泥有限责任公司,1119609724,1324938211,山西省晋城市泽州县金村镇司家掌村1号,31B0,144110601,晋城,客服,AC01101,26000.0,山西,19800.0,2020-11-11
临汾山水水泥有限责任公司,617983840,1557293578,山西省临汾市洪洞县明姜镇下柳树村村中路中段,31B0,144061501,临汾,客服,AC01101,35000.0,山西,39600.0,2020-11-09
晋城山水合聚水泥有限责任公司,1119609724,1324938211,山西省晋城市泽州县金村镇司家掌村1号,31B0,144110601,晋城,客服,AC01101,26000.0,山西,171600.0,2020-11-09
临汾山水水泥有限责任公司,617983840,1557293578,山西省临汾市洪洞县明姜镇下柳树村村中路中段,31B0,144061501,临汾,客服,AC01101,35000.0,山西,132000.0,2020-11-10
晋城山水合聚水泥有限责任公司,1119609724,1324938211,山西省晋城市泽州县金村镇司家掌村1号,31B0,144110601,晋城,客服,AC01101,26000.0,山西,33000.0,2020-11-10
临汾山水水泥有限责任公司,617983840,1557293578,山西省临汾市洪洞县明姜镇下柳树村村中路中段,31B0,144061501,临汾,客服,AC01101,35000.0,山西,198000.0,2020-11-12
晋城山水合聚水泥有限责任公司,1119609724,1324938211,山西省晋城市泽州县金村镇司家掌村1号,31B0,144110601,晋城,客服,AC01101,26000.0,山西,19800.0,2020-11-12
晋城山水合聚水泥有限责任公司,1119609724,1324938211,山西省晋城市泽州县金村镇司家掌村1号,31B0,144110601,晋城,客服,AC01101,26000.0,山西,26400.0,2020-11-17
晋城山水合聚水泥有限责任公司,1119609724,1324938211,山西省晋城市泽州县金村镇司家掌村1号,31B0,144110601,晋城,客服,AC01101,26000.0,山西,19800.0,2020-11-16
晋城山水合聚水泥有限责任公司,1119609724,1324938211,山西省晋城市泽州县金村镇司家掌村1号,31B0,144110601,晋城,客服,AC01101,26000.0,山西,158400.0,2020-11-18
晋城山水合聚水泥有限责任公司,1119609724,1324938211,山西省晋城市泽州县金村镇司家掌村1号,31B0,144110601,晋城,客服,AC01101,26000.0,山西,389400.0,2020-11-19
临汾山水水泥有限责任公司,617983840,1557293578,山西省临汾市洪洞县明姜镇下柳树村村中路中段,31B0,144061501,临汾,客服,AC01101,35000.0,山西,178200.0,2020-11-19
临汾山水水泥有限责任公司,617983840,1557293578,山西省临汾市洪洞县明姜镇下柳树村村中路中段,31B0,144061501,临汾,客服,AC01101,35000.0,山西,184800.0,2020-11-21
临汾山水水泥有限责任公司,617983840,1557293578,山西省临汾市洪洞县明姜镇下柳树村村中路中段,31B0,144061501,临汾,客服,AC01101,35000.0,山西,188100.0,2020-11-20
晋城山水合聚水泥有限责任公司,1119609724,1324938211,山西省晋城市泽州县金村镇司家掌村1号,31B0,144110601,晋城,客服,AC01101,26000.0,山西,389400.0,2020-11-20
晋城山水合聚水泥有限责任公司,1119609724,1324938211,山西省晋城市泽州县金村镇司家掌村1号,31B0,144110601,晋城,客服,AC01101,26000.0,山西,442200.0,2020-11-21
晋城山水合聚水泥有限责任公司,1119609724,1324938211,山西省晋城市泽州县金村镇司家掌村1号,31B0,144110601,晋城,客服,AC01101,26000.0,山西,455400.0,2020-11-22
临汾山水水泥有限责任公司,617983840,1557293578,山西省临汾市洪洞县明姜镇下柳树村村中路中段,31B0,144061501,临汾,客服,AC01101,35000.0,山西,181500.0,2020-11-22
晋城山水合聚水泥有限责任公司,1119609724,1324938211,山西省晋城市泽州县金村镇司家掌村1号,31B0,144110601,晋城,客服,AC01101,26000.0,山西,330000.0,2020-11-23
临汾山水水泥有限责任公司,617983840,1557293578,山西省临汾市洪洞县明姜镇下柳树村村中路中段,31B0,144061501,临汾,客服,AC01101,35000.0,山西,188100.0,2020-11-23
晋城山水合聚水泥有限责任公司,1119609724,1324938211,山西省晋城市泽州县金村镇司家掌村1号,31B0,144110601,晋城,客服,AC01101,26000.0,山西,204600.0,2020-11-24
临汾山水水泥有限责任公司,617983840,1557293578,山西省临汾市洪洞县明姜镇下柳树村村中路中段,31B0,144061501,临汾,客服,AC01101,35000.0,山西,145200.0,2020-11-24
晋城山水合聚水泥有限责任公司,1119609724,1324938211,山西省晋城市泽州县金村镇司家掌村1号,31B0,144110601,晋城,客服,AC01101,26000.0,山西,19800.0,2020-11-25
临汾山水水泥有限责任公司,617983840,1557293578,山西省临汾市洪洞县明姜镇下柳树村村中路中段,31B0,144061501,临汾,客服,AC01101,35000.0,山西,148500.0,2020-11-25
临汾山水水泥有限责任公司,617983840,1557293578,山西省临汾市洪洞县明姜镇下柳树村村中路中段,31B0,144061501,临汾,客服,AC01101,35000.0,山西,148500.0,2020-11-26
晋城山水合聚水泥有限责任公司,1119609724,1324938211,山西省晋城市泽州县金村镇司家掌村1号,31B0,144110601,晋城,客服,AC01101,26000.0,山西,19800.0,2020-11-26
临汾山水水泥有限责任公司,617983840,1557293578,山西省临汾市洪洞县明姜镇下柳树村村中路中段,31B0,144061501,临汾,客服,AC01101,35000.0,山西,146540.0,2020-11-27
晋城山水合聚水泥有限责任公司,1119609724,1324938211,山西省晋城市泽州县金村镇司家掌村1号,31B0,144110601,晋城,客服,AC01101,26000.0,山西,19550.0,2020-11-27
临汾山水水泥有限责任公司,617983840,1557293578,山西省临汾市洪洞县明姜镇下柳树村村中路中段,31B0,144061501,临汾,客服,AC01101,35000.0,山西,178560.0,2020-11-28
晋城山水合聚水泥有限责任公司,1119609724,1324938211,山西省晋城市泽州县金村镇司家掌村1号,31B0,144110601,晋城,客服,AC01101,26000.0,山西,14560.0,2020-11-28
晋城山水合聚水泥有限责任公司,1119609724,1324938211,山西省晋城市泽州县金村镇司家掌村1号,31B0,144110601,晋城,客服,AC01101,26000.0,山西,16540.0,2020-11-29
临汾山水水泥有限责任公司,617983840,1557293578,山西省临汾市洪洞县明姜镇下柳树村村中路中段,31B0,144061501,临汾,客服,AC01101,35000.0,山西,174060.0,2020-11-29
晋城山水合聚水泥有限责任公司,1119609724,1324938211,山西省晋城市泽州县金村镇司家掌村1号,31B0,144110601,晋城,客服,AC01101,26000.0,山西,18740.0,2020-11-30
临汾山水水泥有限责任公司,617983840,1557293578,山西省临汾市洪洞县明姜镇下柳树村村中路中段,31B0,144061501,临汾,客服,AC01101,35000.0,山西,174250.0,2020-11-30
晋城山水合聚水泥有限责任公司,1119609724,1324938211,山西省晋城市泽州县金村镇司家掌村1号,31B0,144110601,晋城,客服,AC01101,26000.0,山西,18650.0,2020-12-01
临汾山水水泥有限责任公司,617983840,1557293578,山西省临汾市洪洞县明姜镇下柳树村村中路中段,31B0,144061501,临汾,客服,AC01101,35000.0,山西,174220.0,2020-12-01
临汾山水水泥有限责任公司,617983840,1557293578,山西省临汾市洪洞县明姜镇下柳树村村中路中段,31B0,144061501,临汾,客服,AC01101,35000.0,山西,42767.46,2020-12-02
晋城山水合聚水泥有限责任公司,1119609724,1324938211,山西省晋城市泽州县金村镇司家掌村1号,31B0,144110601,晋城,客服,AC01101,26000.0,山西,20652.87,2020-12-02
临汾山水水泥有限责任公司,617983840,1557293578,山西省临汾市洪洞县明姜镇下柳树村村中路中段,31B0,144061501,临汾,客服,AC01101,35000.0,山西,174320.85,2020-12-03
晋城山水合聚水泥有限责任公司,1119609724,1324938211,山西省晋城市泽州县金村镇司家掌村1号,31B0,144110601,晋城,客服,AC01101,26000.0,山西,18567.85,2020-12-03
晋城山水合聚水泥有限责任公司,1119609724,1324938211,山西省晋城市泽州县金村镇司家掌村1号,31B0,144110601,晋城,客服,AC01101,26000.0,山西,20552.38,2020-12-04
临汾山水水泥有限责任公司,617983840,1557293578,山西省临汾市洪洞县明姜镇下柳树村村中路中段,31B0,144061501,临汾,客服,AC01101,35000.0,山西,176085.99,2020-12-04
晋城山水合聚水泥有限责任公司,1119609724,1324938211,山西省晋城市泽州县金村镇司家掌村1号,31B0,144110601,晋城,客服,AC01101,26000.0,山西,20290.6,2020-12-05
临汾山水水泥有限责任公司,617983840,1557293578,山西省临汾市洪洞县明姜镇下柳树村村中路中段,31B0,144061501,临汾,客服,AC01101,35000.0,山西,175651.2,2020-12-05
临汾山水水泥有限责任公司,617983840,1557293578,山西省临汾市洪洞县明姜镇下柳树村村中路中段,31B0,144061501,临汾,客服,AC01101,35000.0,山西,174865.22,2020-12-06
晋城山水合聚水泥有限责任公司,1119609724,1324938211,山西省晋城市泽州县金村镇司家掌村1号,31B0,144110601,晋城,客服,AC01101,26000.0,山西,20247.62,2020-12-06
临汾山水水泥有限责任公司,617983840,1557293578,山西省临汾市洪洞县明姜镇下柳树村村中路中段,31B0,144061501,临汾,客服,AC01101,35000.0,山西,174534.07,2020-12-07
晋城山水合聚水泥有限责任公司,1119609724,1324938211,山西省晋城市泽州县金村镇司家掌村1号,31B0,144110601,晋城,客服,AC01101,26000.0,山西,19477.57,2020-12-07
临汾山水水泥有限责任公司,617983840,1557293578,山西省临汾市洪洞县明姜镇下柳树村村中路中段,31B0,144061501,临汾,客服,AC01101,35000.0,山西,537025.52,2020-12-08
晋城山水合聚水泥有限责任公司,1119609724,1324938211,山西省晋城市泽州县金村镇司家掌村1号,31B0,144110601,晋城,客服,AC01101,26000.0,山西,407773.2,2020-12-08
山西南娄集团水泥有限责任公司,207767052,1185506003,山西省阳泉市盂县南娄镇南娄村南娄路,31B0,144020401,阳泉,盂县,AC00101,8660.0,山西,7440.0,2020-09-25
山西南娄集团水泥有限责任公司,207854358,1195425849,山西省阳泉市盂县南娄镇南娄村南娄路,31B0,144020401,阳泉,盂县,AC00101,9500.0,山西,37920.0,2020-09-25
山西南娄集团水泥有限责任公司,207854358,1195425849,山西省阳泉市盂县南娄镇南娄村南娄路,31B0,144020401,阳泉,盂县,AC00101,9500.0,山西,39240.0,2020-07-17
山西南娄集团水泥有限责任公司,207767052,1185506003,山西省阳泉市盂县南娄镇南娄村南娄路,31B0,144020401,阳泉,盂县,AC00101,8660.0,山西,0.0,2020-10-05
山西南娄集团水泥有限责任公司,207854358,1195425849,山西省阳泉市盂县南娄镇南娄村南娄路,31B0,144020401,阳泉,盂县,AC00101,9500.0,山西,51480.0,2020-10-05
山西南娄集团水泥有限责任公司,207767052,1185506003,山西省阳泉市盂县南娄镇南娄村南娄路,31B0,144020401,阳泉,盂县,AC00101,8660.0,山西,0.0,2020-10-06
山西南娄集团水泥有限责任公司,207854358,1195425849,山西省阳泉市盂县南娄镇南娄村南娄路,31B0,144020401,阳泉,盂县,AC00101,9500.0,山西,25440.0,2020-10-07
山西南娄集团水泥有限责任公司,207767052,1185506003,山西省阳泉市盂县南娄镇南娄村南娄路,31B0,144020401,阳泉,盂县,AC00101,8660.0,山西,9960.0,2020-07-18
山西南娄集团水泥有限责任公司,207767052,1185506003,山西省阳泉市盂县南娄镇南娄村南娄路,31B0,144020401,阳泉,盂县,AC00101,8660.0,山西,149040.0,2020-07-26
山西南娄集团水泥有限责任公司,207854358,1195425849,山西省阳泉市盂县南娄镇南娄村南娄路,31B0,144020401,阳泉,盂县,AC00101,9500.0,山西,93360.0,2020-07-27
山西南娄集团水泥有限责任公司,207767052,1185506003,山西省阳泉市盂县南娄镇南娄村南娄路,31B0,144020401,阳泉,盂县,AC00101,8660.0,山西,158280.0,2020-07-28
山西南娄集团水泥有限责任公司,207854358,1195425849,山西省阳泉市盂县南娄镇南娄村南娄路,31B0,144020401,阳泉,盂县,AC00101,9500.0,山西,95760.0,2020-08-12
山西南娄集团水泥有限责任公司,207854358,1195425849,山西省阳泉市盂县南娄镇南娄村南娄路,31B0,144020401,阳泉,盂县,AC00101,9500.0,山西,83640.0,2020-11-11
山西南娄集团水泥有限责任公司,207854358,1195425849,山西省阳泉市盂县南娄镇南娄村南娄路,31B0,144020401,阳泉,盂县,AC00101,9500.0,山西,100200.0,2020-11-19
山西南娄集团水泥有限责任公司,207767052,1185506003,山西省阳泉市盂县南娄镇南娄村南娄路,31B0,144020401,阳泉,盂县,AC00101,8660.0,山西,130320.0,2020-08-13
山西南娄集团水泥有限责任公司,207854358,1195425849,山西省阳泉市盂县南娄镇南娄村南娄路,31B0,144020401,阳泉,盂县,AC00101,9500.0,山西,104160.0,2020-08-14
山西南娄集团水泥有限责任公司,207767052,1185506003,山西省阳泉市盂县南娄镇南娄村南娄路,31B0,144020401,阳泉,盂县,AC00101,8660.0,山西,150840.0,2020-08-15
山西南娄集团水泥有限责任公司,207854358,1195425849,山西省阳泉市盂县南娄镇南娄村南娄路,31B0,144020401,阳泉,盂县,AC00101,9500.0,山西,69000.0,2020-08-18
山西南娄集团水泥有限责任公司,207767052,1185506003,山西省阳泉市盂县南娄镇南娄村南娄路,31B0,144020401,阳泉,盂县,AC00101,8660.0,山西,159240.0,2020-08-18
山西南娄集团水泥有限责任公司,207767052,1185506003,山西省阳泉市盂县南娄镇南娄村南娄路,31B0,144020401,阳泉,盂县,AC00101,8660.0,山西,158880.0,2020-08-20
山西南娄集团水泥有限责任公司,207767052,1185506003,山西省阳泉市盂县南娄镇南娄村南娄路,31B0,144020401,阳泉,盂县,AC00101,8660.0,山西,147360.0,2020-08-22
山西南娄集团水泥有限责任公司,207854358,1195425849,山西省阳泉市盂县南娄镇南娄村南娄路,31B0,144020401,阳泉,盂县,AC00101,9500.0,山西,72600.0,2020-08-22
山西南娄集团水泥有限责任公司,207767052,1185506003,山西省阳泉市盂县南娄镇南娄村南娄路,31B0,144020401,阳泉,盂县,AC00101,8660.0,山西,158400.0,2020-08-23
山西南娄集团水泥有限责任公司,207854358,1195425849,山西省阳泉市盂县南娄镇南娄村南娄路,31B0,144020401,阳泉,盂县,AC00101,9500.0,山西,108240.0,2020-08-27
山西南娄集团水泥有限责任公司,207767052,1185506003,山西省阳泉市盂县南娄镇南娄村南娄路,31B0,144020401,阳泉,盂县,AC00101,8660.0,山西,139440.0,2020-08-27
山西南娄集团水泥有限责任公司,207854358,1195425849,山西省阳泉市盂县南娄镇南娄村南娄路,31B0,144020401,阳泉,盂县,AC00101,9500.0,山西,105480.0,2020-08-28
山西南娄集团水泥有限责任公司,207767052,1185506003,山西省阳泉市盂县南娄镇南娄村南娄路,31B0,144020401,阳泉,盂县,AC00101,8660.0,山西,161760.0,2020-08-28
山西南娄集团水泥有限责任公司,207854358,1195425849,山西省阳泉市盂县南娄镇南娄村南娄路,31B0,144020401,阳泉,盂县,AC00101,9500.0,山西,49560.0,2020-08-29
山西南娄集团水泥有限责任公司,207767052,1185506003,山西省阳泉市盂县南娄镇南娄村南娄路,31B0,144020401,阳泉,盂县,AC00101,8660.0,山西,68760.0,2020-08-29
山西南娄集团水泥有限责任公司,207854358,1195425849,山西省阳泉市盂县南娄镇南娄村南娄路,31B0,144020401,阳泉,盂县,AC00101,9500.0,山西,8160.0,2020-08-30
山西南娄集团水泥有限责任公司,207854358,1195425849,山西省阳泉市盂县南娄镇南娄村南娄路,31B0,144020401,阳泉,盂县,AC00101,9500.0,山西,93960.0,2020-09-07
山西南娄集团水泥有限责任公司,207767052,1185506003,山西省阳泉市盂县南娄镇南娄村南娄路,31B0,144020401,阳泉,盂县,AC00101,8660.0,山西,153720.0,2020-09-08
山西南娄集团水泥有限责任公司,207854358,1195425849,山西省阳泉市盂县南娄镇南娄村南娄路,31B0,144020401,阳泉,盂县,AC00101,9500.0,山西,100200.0,2020-09-08
山西南娄集团水泥有限责任公司,207854358,1195425849,山西省阳泉市盂县南娄镇南娄村南娄路,31B0,144020401,阳泉,盂县,AC00101,9500.0,山西,102960.0,2020-09-09
山西南娄集团水泥有限责任公司,207767052,1185506003,山西省阳泉市盂县南娄镇南娄村南娄路,31B0,144020401,阳泉,盂县,AC00101,8660.0,山西,149520.0,2020-09-09
山西南娄集团水泥有限责任公司,207767052,1185506003,山西省阳泉市盂县南娄镇南娄村南娄路,31B0,144020401,阳泉,盂县,AC00101,8660.0,山西,131280.0,2020-09-10
山西南娄集团水泥有限责任公司,207854358,1195425849,山西省阳泉市盂县南娄镇南娄村南娄路,31B0,144020401,阳泉,盂县,AC00101,9500.0,山西,105360.0,2020-09-10
山西南娄集团水泥有限责任公司,207854358,1195425849,山西省阳泉市盂县南娄镇南娄村南娄路,31B0,144020401,阳泉,盂县,AC00101,9500.0,山西,104160.0,2020-09-11
山西南娄集团水泥有限责任公司,207767052,1185506003,山西省阳泉市盂县南娄镇南娄村南娄路,31B0,144020401,阳泉,盂县,AC00101,8660.0,山西,138480.0,2020-09-11
山西南娄集团水泥有限责任公司,207767052,1185506003,山西省阳泉市盂县南娄镇南娄村南娄路,31B0,144020401,阳泉,盂县,AC00101,8660.0,山西,152880.0,2020-09-12
山西南娄集团水泥有限责任公司,207854358,1195425849,山西省阳泉市盂县南娄镇南娄村南娄路,31B0,144020401,阳泉,盂县,AC00101,9500.0,山西,106800.0,2020-09-12
山西南娄集团水泥有限责任公司,207767052,1185506003,山西省阳泉市盂县南娄镇南娄村南娄路,31B0,144020401,阳泉,盂县,AC00101,8660.0,山西,166560.0,2020-09-13
山西南娄集团水泥有限责任公司,207767052,1185506003,山西省阳泉市盂县南娄镇南娄村南娄路,31B0,144020401,阳泉,盂县,AC00101,8660.0,山西,122040.0,2020-09-16
山西南娄集团水泥有限责任公司,207767052,1185506003,山西省阳泉市盂县南娄镇南娄村南娄路,31B0,144020401,阳泉,盂县,AC00101,8660.0,山西,120720.0,2020-09-17
山西南娄集团水泥有限责任公司,207767052,1185506003,山西省阳泉市盂县南娄镇南娄村南娄路,31B0,144020401,阳泉,盂县,AC00101,8660.0,山西,161040.0,2020-09-18
山西南娄集团水泥有限责任公司,207854358,1195425849,山西省阳泉市盂县南娄镇南娄村南娄路,31B0,144020401,阳泉,盂县,AC00101,9500.0,山西,112800.0,2020-09-19
山西南娄集团水泥有限责任公司,207854358,1195425849,山西省阳泉市盂县南娄镇南娄村南娄路,31B0,144020401,阳泉,盂县,AC00101,9500.0,山西,40920.0,2020-07-02
山西南娄集团水泥有限责任公司,207854358,1195425849,山西省阳泉市盂县南娄镇南娄村南娄路,31B0,144020401,阳泉,盂县,AC00101,9500.0,山西,112560.0,2020-07-10
山西南娄集团水泥有限责任公司,207854358,1195425849,山西省阳泉市盂县南娄镇南娄村南娄路,31B0,144020401,阳泉,盂县,AC00101,9500.0,山西,105960.0,2020-07-19
山西南娄集团水泥有限责任公司,207767052,1185506003,山西省阳泉市盂县南娄镇南娄村南娄路,31B0,144020401,阳泉,盂县,AC00101,8660.0,山西,154080.0,2020-07-20
山西南娄集团水泥有限责任公司,207854358,1195425849,山西省阳泉市盂县南娄镇南娄村南娄路,31B0,144020401,阳泉,盂县,AC00101,9500.0,山西,106440.0,2020-07-20
山西南娄集团水泥有限责任公司,207854358,1195425849,山西省阳泉市盂县南娄镇南娄村南娄路,31B0,144020401,阳泉,盂县,AC00101,9500.0,山西,84360.0,2020-07-23
山西南娄集团水泥有限责任公司,207767052,1185506003,山西省阳泉市盂县南娄镇南娄村南娄路,31B0,144020401,阳泉,盂县,AC00101,8660.0,山西,111000.0,2020-07-23
山西南娄集团水泥有限责任公司,207767052,1185506003,山西省阳泉市盂县南娄镇南娄村南娄路,31B0,144020401,阳泉,盂县,AC00101,8660.0,山西,127560.0,2020-07-10
山西南娄集团水泥有限责任公司,207854358,1195425849,山西省阳泉市盂县南娄镇南娄村南娄路,31B0,144020401,阳泉,盂县,AC00101,9500.0,山西,49320.0,2020-07-05
山西南娄集团水泥有限责任公司,207767052,1185506003,山西省阳泉市盂县南娄镇南娄村南娄路,31B0,144020401,阳泉,盂县,AC00101,8660.0,山西,10320.0,2020-08-31
山西南娄集团水泥有限责任公司,207767052,1185506003,山西省阳泉市盂县南娄镇南娄村南娄路,31B0,144020401,阳泉,盂县,AC00101,8660.0,山西,0.0,2020-10-11
山西南娄集团水泥有限责任公司,207767052,1185506003,山西省阳泉市盂县南娄镇南娄村南娄路,31B0,144020401,阳泉,盂县,AC00101,8660.0,山西,8160.0,2020-07-01
山西南娄集团水泥有限责任公司,207854358,1195425849,山西省阳泉市盂县南娄镇南娄村南娄路,31B0,144020401,阳泉,盂县,AC00101,9500.0,山西,14760.0,2020-07-01
山西南娄集团水泥有限责任公司,207767052,1185506003,山西省阳泉市盂县南娄镇南娄村南娄路,31B0,144020401,阳泉,盂县,AC00101,8660.0,山西,8520.0,2020-07-02
山西南娄集团水泥有限责任公司,207767052,1185506003,山西省阳泉市盂县南娄镇南娄村南娄路,31B0,144020401,阳泉,盂县,AC00101,8660.0,山西,12840.0,2020-07-03
山西南娄集团水泥有限责任公司,207854358,1195425849,山西省阳泉市盂县南娄镇南娄村南娄路,31B0,144020401,阳泉,盂县,AC00101,9500.0,山西,49560.0,2020-07-03
山西南娄集团水泥有限责任公司,207854358,1195425849,山西省阳泉市盂县南娄镇南娄村南娄路,31B0,144020401,阳泉,盂县,AC00101,9500.0,山西,49680.0,2020-07-04
山西南娄集团水泥有限责任公司,207767052,1185506003,山西省阳泉市盂县南娄镇南娄村南娄路,31B0,144020401,阳泉,盂县,AC00101,8660.0,山西,13080.0,2020-07-04
山西南娄集团水泥有限责任公司,207767052,1185506003,山西省阳泉市盂县南娄镇南娄村南娄路,31B0,144020401,阳泉,盂县,AC00101,8660.0,山西,6960.0,2020-07-05
山西南娄集团水泥有限责任公司,207854358,1195425849,山西省阳泉市盂县南娄镇南娄村南娄路,31B0,144020401,阳泉,盂县,AC00101,9500.0,山西,51360.0,2020-07-06
山西南娄集团水泥有限责任公司,207767052,1185506003,山西省阳泉市盂县南娄镇南娄村南娄路,31B0,144020401,阳泉,盂县,AC00101,8660.0,山西,7440.0,2020-07-06
山西南娄集团水泥有限责任公司,207854358,1195425849,山西省阳泉市盂县南娄镇南娄村南娄路,31B0,144020401,阳泉,盂县,AC00101,9500.0,山西,63480.0,2020-07-07
山西南娄集团水泥有限责任公司,207767052,1185506003,山西省阳泉市盂县南娄镇南娄村南娄路,31B0,144020401,阳泉,盂县,AC00101,8660.0,山西,15720.0,2020-07-07
山西南娄集团水泥有限责任公司,207854358,1195425849,山西省阳泉市盂县南娄镇南娄村南娄路,31B0,144020401,阳泉,盂县,AC00101,9500.0,山西,94800.0,2020-07-08
山西南娄集团水泥有限责任公司,207767052,1185506003,山西省阳泉市盂县南娄镇南娄村南娄路,31B0,144020401,阳泉,盂县,AC00101,8660.0,山西,97080.0,2020-07-08
山西南娄集团水泥有限责任公司,207854358,1195425849,山西省阳泉市盂县南娄镇南娄村南娄路,31B0,144020401,阳泉,盂县,AC00101,9500.0,山西,86160.0,2020-07-09
山西南娄集团水泥有限责任公司,207767052,1185506003,山西省阳泉市盂县南娄镇南娄村南娄路,31B0,144020401,阳泉,盂县,AC00101,8660.0,山西,89760.0,2020-07-09
山西南娄集团水泥有限责任公司,207854358,1195425849,山西省阳泉市盂县南娄镇南娄村南娄路,31B0,144020401,阳泉,盂县,AC00101,9500.0,山西,101520.0,2020-07-11
山西南娄集团水泥有限责任公司,207767052,1185506003,山西省阳泉市盂县南娄镇南娄村南娄路,31B0,144020401,阳泉,盂县,AC00101,8660.0,山西,159000.0,2020-07-11
山西南娄集团水泥有限责任公司,207854358,1195425849,山西省阳泉市盂县南娄镇南娄村南娄路,31B0,144020401,阳泉,盂县,AC00101,9500.0,山西,99480.0,2020-07-12
山西南娄集团水泥有限责任公司,207767052,1185506003,山西省阳泉市盂县南娄镇南娄村南娄路,31B0,144020401,阳泉,盂县,AC00101,8660.0,山西,131880.0,2020-07-12
山西南娄集团水泥有限责任公司,207854358,1195425849,山西省阳泉市盂县南娄镇南娄村南娄路,31B0,144020401,阳泉,盂县,AC00101,9500.0,山西,78360.0,2020-07-13
山西南娄集团水泥有限责任公司,207767052,1185506003,山西省阳泉市盂县南娄镇南娄村南娄路,31B0,144020401,阳泉,盂县,AC00101,8660.0,山西,130080.0,2020-07-13
山西南娄集团水泥有限责任公司,207854358,1195425849,山西省阳泉市盂县南娄镇南娄村南娄路,31B0,144020401,阳泉,盂县,AC00101,9500.0,山西,72720.0,2020-07-14
山西南娄集团水泥有限责任公司,207767052,1185506003,山西省阳泉市盂县南娄镇南娄村南娄路,31B0,144020401,阳泉,盂县,AC00101,8660.0,山西,130320.0,2020-07-14
山西南娄集团水泥有限责任公司,207854358,1195425849,山西省阳泉市盂县南娄镇南娄村南娄路,31B0,144020401,阳泉,盂县,AC00101,9500.0,山西,31200.0,2020-07-15
山西南娄集团水泥有限责任公司,207767052,1185506003,山西省阳泉市盂县南娄镇南娄村南娄路,31B0,144020401,阳泉,盂县,AC00101,8660.0,山西,63720.0,2020-07-15
山西南娄集团水泥有限责任公司,207854358,1195425849,山西省阳泉市盂县南娄镇南娄村南娄路,31B0,144020401,阳泉,盂县,AC00101,9500.0,山西,30240.0,2020-07-16
山西南娄集团水泥有限责任公司,207767052,1185506003,山西省阳泉市盂县南娄镇南娄村南娄路,31B0,144020401,阳泉,盂县,AC00101,8660.0,山西,7440.0,2020-07-16
山西南娄集团水泥有限责任公司,207767052,1185506003,山西省阳泉市盂县南娄镇南娄村南娄路,31B0,144020401,阳泉,盂县,AC00101,8660.0,山西,7440.0,2020-07-17
山西南娄集团水泥有限责任公司,207854358,1195425849,山西省阳泉市盂县南娄镇南娄村南娄路,31B0,144020401,阳泉,盂县,AC00101,9500.0,山西,43800.0,2020-07-18
山西南娄集团水泥有限责任公司,207767052,1185506003,山西省阳泉市盂县南娄镇南娄村南娄路,31B0,144020401,阳泉,盂县,AC00101,8660.0,山西,141480.0,2020-07-19
山西南娄集团水泥有限责任公司,207854358,1195425849,山西省阳泉市盂县南娄镇南娄村南娄路,31B0,144020401,阳泉,盂县,AC00101,9500.0,山西,102960.0,2020-07-21
山西南娄集团水泥有限责任公司,207767052,1185506003,山西省阳泉市盂县南娄镇南娄村南娄路,31B0,144020401,阳泉,盂县,AC00101,8660.0,山西,141960.0,2020-07-21
山西南娄集团水泥有限责任公司,207767052,1185506003,山西省阳泉市盂县南娄镇南娄村南娄路,31B0,144020401,阳泉,盂县,AC00101,8660.0,山西,150120.0,2020-07-22
山西南娄集团水泥有限责任公司,207854358,1195425849,山西省阳泉市盂县南娄镇南娄村南娄路,31B0,144020401,阳泉,盂县,AC00101,9500.0,山西,91680.0,2020-07-22
山西南娄集团水泥有限责任公司,207854358,1195425849,山西省阳泉市盂县南娄镇南娄村南娄路,31B0,144020401,阳泉,盂县,AC00101,9500.0,山西,100800.0,2020-07-24
山西南娄集团水泥有限责任公司,207767052,1185506003,山西省阳泉市盂县南娄镇南娄村南娄路,31B0,144020401,阳泉,盂县,AC00101,8660.0,山西,142320.0,2020-07-24
山西南娄集团水泥有限责任公司,207767052,1185506003,山西省阳泉市盂县南娄镇南娄村南娄路,31B0,144020401,阳泉,盂县,AC00101,8660.0,山西,160440.0,2020-07-25
山西南娄集团水泥有限责任公司,207854358,1195425849,山西省阳泉市盂县南娄镇南娄村南娄路,31B0,144020401,阳泉,盂县,AC00101,9500.0,山西,101520.0,2020-07-25
山西南娄集团水泥有限责任公司,207854358,1195425849,山西省阳泉市盂县南娄镇南娄村南娄路,31B0,144020401,阳泉,盂县,AC00101,9500.0,山西,107640.0,2020-07-26
山西南娄集团水泥有限责任公司,207767052,1185506003,山西省阳泉市盂县南娄镇南娄村南娄路,31B0,144020401,阳泉,盂县,AC00101,8660.0,山西,117000.0,2020-07-27
山西南娄集团水泥有限责任公司,207854358,1195425849,山西省阳泉市盂县南娄镇南娄村南娄路,31B0,144020401,阳泉,盂县,AC00101,9500.0,山西,100680.0,2020-07-28
山西南娄集团水泥有限责任公司,207854358,1195425849,山西省阳泉市盂县南娄镇南娄村南娄路,31B0,144020401,阳泉,盂县,AC00101,9500.0,山西,103680.0,2020-07-29
山西南娄集团水泥有限责任公司,207767052,1185506003,山西省阳泉市盂县南娄镇南娄村南娄路,31B0,144020401,阳泉,盂县,AC00101,8660.0,山西,159600.0,2020-07-29
山西南娄集团水泥有限责任公司,207854358,1195425849,山西省阳泉市盂县南娄镇南娄村南娄路,31B0,144020401,阳泉,盂县,AC00101,9500.0,山西,106560.0,2020-07-30
山西南娄集团水泥有限责任公司,207767052,1185506003,山西省阳泉市盂县南娄镇南娄村南娄路,31B0,144020401,阳泉,盂县,AC00101,8660.0,山西,159360.0,2020-07-30
山西南娄集团水泥有限责任公司,207854358,1195425849,山西省阳泉市盂县南娄镇南娄村南娄路,31B0,144020401,阳泉,盂县,AC00101,9500.0,山西,104040.0,2020-07-31
山西南娄集团水泥有限责任公司,207767052,1185506003,山西省阳泉市盂县南娄镇南娄村南娄路,31B0,144020401,阳泉,盂县,AC00101,8660.0,山西,161400.0,2020-07-31
山西南娄集团水泥有限责任公司,207854358,1195425849,山西省阳泉市盂县南娄镇南娄村南娄路,31B0,144020401,阳泉,盂县,AC00101,9500.0,山西,103440.0,2020-08-01
山西南娄集团水泥有限责任公司,207767052,1185506003,山西省阳泉市盂县南娄镇南娄村南娄路,31B0,144020401,阳泉,盂县,AC00101,8660.0,山西,145440.0,2020-08-01
山西南娄集团水泥有限责任公司,207854358,1195425849,山西省阳泉市盂县南娄镇南娄村南娄路,31B0,144020401,阳泉,盂县,AC00101,9500.0,山西,100560.0,2020-08-02
山西南娄集团水泥有限责任公司,207767052,1185506003,山西省阳泉市盂县南娄镇南娄村南娄路,31B0,144020401,阳泉,盂县,AC00101,8660.0,山西,142800.0,2020-08-02
山西南娄集团水泥有限责任公司,207854358,1195425849,山西省阳泉市盂县南娄镇南娄村南娄路,31B0,144020401,阳泉,盂县,AC00101,9500.0,山西,106320.0,2020-08-03
山西南娄集团水泥有限责任公司,207767052,1185506003,山西省阳泉市盂县南娄镇南娄村南娄路,31B0,144020401,阳泉,盂县,AC00101,8660.0,山西,159240.0,2020-08-03
山西南娄集团水泥有限责任公司,207854358,1195425849,山西省阳泉市盂县南娄镇南娄村南娄路,31B0,144020401,阳泉,盂县,AC00101,9500.0,山西,100800.0,2020-08-04
山西南娄集团水泥有限责任公司,207767052,1185506003,山西省阳泉市盂县南娄镇南娄村南娄路,31B0,144020401,阳泉,盂县,AC00101,8660.0,山西,161520.0,2020-08-04
山西南娄集团水泥有限责任公司,207767052,1185506003,山西省阳泉市盂县南娄镇南娄村南娄路,31B0,144020401,阳泉,盂县,AC00101,8660.0,山西,155040.0,2020-08-05
山西南娄集团水泥有限责任公司,207854358,1195425849,山西省阳泉市盂县南娄镇南娄村南娄路,31B0,144020401,阳泉,盂县,AC00101,9500.0,山西,98760.0,2020-08-05
山西南娄集团水泥有限责任公司,207854358,1195425849,山西省阳泉市盂县南娄镇南娄村南娄路,31B0,144020401,阳泉,盂县,AC00101,9500.0,山西,99360.0,2020-08-06
山西南娄集团水泥有限责任公司,207767052,1185506003,山西省阳泉市盂县南娄镇南娄村南娄路,31B0,144020401,阳泉,盂县,AC00101,8660.0,山西,115320.0,2020-08-06
山西南娄集团水泥有限责任公司,207854358,1195425849,山西省阳泉市盂县南娄镇南娄村南娄路,31B0,144020401,阳泉,盂县,AC00101,9500.0,山西,98640.0,2020-08-07
山西南娄集团水泥有限责任公司,207767052,1185506003,山西省阳泉市盂县南娄镇南娄村南娄路,31B0,144020401,阳泉,盂县,AC00101,8660.0,山西,141960.0,2020-08-07
山西南娄集团水泥有限责任公司,207854358,1195425849,山西省阳泉市盂县南娄镇南娄村南娄路,31B0,144020401,阳泉,盂县,AC00101,9500.0,山西,103200.0,2020-08-08
山西南娄集团水泥有限责任公司,207767052,1185506003,山西省阳泉市盂县南娄镇南娄村南娄路,31B0,144020401,阳泉,盂县,AC00101,8660.0,山西,124560.0,2020-08-08
山西南娄集团水泥有限责任公司,207854358,1195425849,山西省阳泉市盂县南娄镇南娄村南娄路,31B0,144020401,阳泉,盂县,AC00101,9500.0,山西,101640.0,2020-08-09
山西南娄集团水泥有限责任公司,207767052,1185506003,山西省阳泉市盂县南娄镇南娄村南娄路,31B0,144020401,阳泉,盂县,AC00101,8660.0,山西,126600.0,2020-08-09
山西南娄集团水泥有限责任公司,207854358,1195425849,山西省阳泉市盂县南娄镇南娄村南娄路,31B0,144020401,阳泉,盂县,AC00101,9500.0,山西,94800.0,2020-08-10
山西南娄集团水泥有限责任公司,207767052,1185506003,山西省阳泉市盂县南娄镇南娄村南娄路,31B0,144020401,阳泉,盂县,AC00101,8660.0,山西,157800.0,2020-08-10
山西南娄集团水泥有限责任公司,207854358,1195425849,山西省阳泉市盂县南娄镇南娄村南娄路,31B0,144020401,阳泉,盂县,AC00101,9500.0,山西,93000.0,2020-08-11
山西南娄集团水泥有限责任公司,207767052,1185506003,山西省阳泉市盂县南娄镇南娄村南娄路,31B0,144020401,阳泉,盂县,AC00101,8660.0,山西,134520.0,2020-08-11
山西南娄集团水泥有限责任公司,207767052,1185506003,山西省阳泉市盂县南娄镇南娄村南娄路,31B0,144020401,阳泉,盂县,AC00101,8660.0,山西,145800.0,2020-08-12
山西南娄集团水泥有限责任公司,207854358,1195425849,山西省阳泉市盂县南娄镇南娄村南娄路,31B0,144020401,阳泉,盂县,AC00101,9500.0,山西,99840.0,2020-08-13
山西南娄集团水泥有限责任公司,207767052,1185506003,山西省阳泉市盂县南娄镇南娄村南娄路,31B0,144020401,阳泉,盂县,AC00101,8660.0,山西,153720.0,2020-08-14
山西南娄集团水泥有限责任公司,207854358,1195425849,山西省阳泉市盂县南娄镇南娄村南娄路,31B0,144020401,阳泉,盂县,AC00101,9500.0,山西,103680.0,2020-08-15
山西南娄集团水泥有限责任公司,207854358,1195425849,山西省阳泉市盂县南娄镇南娄村南娄路,31B0,144020401,阳泉,盂县,AC00101,9500.0,山西,90600.0,2020-08-16
山西南娄集团水泥有限责任公司,207767052,1185506003,山西省阳泉市盂县南娄镇南娄村南娄路,31B0,144020401,阳泉,盂县,AC00101,8660.0,山西,159960.0,2020-08-16
山西南娄集团水泥有限责任公司,207854358,1195425849,山西省阳泉市盂县南娄镇南娄村南娄路,31B0,144020401,阳泉,盂县,AC00101,9500.0,山西,89640.0,2020-08-17
山西南娄集团水泥有限责任公司,207767052,1185506003,山西省阳泉市盂县南娄镇南娄村南娄路,31B0,144020401,阳泉,盂县,AC00101,8660.0,山西,159720.0,2020-08-17
山西南娄集团水泥有限责任公司,207854358,1195425849,山西省阳泉市盂县南娄镇南娄村南娄路,31B0,144020401,阳泉,盂县,AC00101,9500.0,山西,70320.0,2020-08-19
山西南娄集团水泥有限责任公司,207767052,1185506003,山西省阳泉市盂县南娄镇南娄村南娄路,31B0,144020401,阳泉,盂县,AC00101,8660.0,山西,159120.0,2020-08-19
山西南娄集团水泥有限责任公司,207854358,1195425849,山西省阳泉市盂县南娄镇南娄村南娄路,31B0,144020401,阳泉,盂县,AC00101,9500.0,山西,71880.0,2020-08-20
山西南娄集团水泥有限责任公司,207854358,1195425849,山西省阳泉市盂县南娄镇南娄村南娄路,31B0,144020401,阳泉,盂县,AC00101,9500.0,山西,72000.0,2020-08-21
山西南娄集团水泥有限责任公司,207767052,1185506003,山西省阳泉市盂县南娄镇南娄村南娄路,31B0,144020401,阳泉,盂县,AC00101,8660.0,山西,149040.0,2020-08-21
山西南娄集团水泥有限责任公司,207854358,1195425849,山西省阳泉市盂县南娄镇南娄村南娄路,31B0,144020401,阳泉,盂县,AC00101,9500.0,山西,70680.0,2020-08-23
山西南娄集团水泥有限责任公司,207767052,1185506003,山西省阳泉市盂县南娄镇南娄村南娄路,31B0,144020401,阳泉,盂县,AC00101,8660.0,山西,156840.0,2020-08-24
山西南娄集团水泥有限责任公司,207854358,1195425849,山西省阳泉市盂县南娄镇南娄村南娄路,31B0,144020401,阳泉,盂县,AC00101,9500.0,山西,90120.0,2020-08-24
山西南娄集团水泥有限责任公司,207854358,1195425849,山西省阳泉市盂县南娄镇南娄村南娄路,31B0,144020401,阳泉,盂县,AC00101,9500.0,山西,103920.0,2020-08-25
山西南娄集团水泥有限责任公司,207767052,1185506003,山西省阳泉市盂县南娄镇南娄村南娄路,31B0,144020401,阳泉,盂县,AC00101,8660.0,山西,157440.0,2020-08-25
山西南娄集团水泥有限责任公司,207854358,1195425849,山西省阳泉市盂县南娄镇南娄村南娄路,31B0,144020401,阳泉,盂县,AC00101,9500.0,山西,114240.0,2020-08-26
山西南娄集团水泥有限责任公司,207767052,1185506003,山西省阳泉市盂县南娄镇南娄村南娄路,31B0,144020401,阳泉,盂县,AC00101,8660.0,山西,150600.0,2020-08-26
山西南娄集团水泥有限责任公司,207767052,1185506003,山西省阳泉市盂县南娄镇南娄村南娄路,31B0,144020401,阳泉,盂县,AC00101,8660.0,山西,9480.0,2020-08-30
山西南娄集团水泥有限责任公司,207854358,1195425849,山西省阳泉市盂县南娄镇南娄村南娄路,31B0,144020401,阳泉,盂县,AC00101,9500.0,山西,44760.0,2020-08-31
山西南娄集团水泥有限责任公司,207854358,1195425849,山西省阳泉市盂县南娄镇南娄村南娄路,31B0,144020401,阳泉,盂县,AC00101,9500.0,山西,76800.0,2020-09-01
山西南娄集团水泥有限责任公司,207767052,1185506003,山西省阳泉市盂县南娄镇南娄村南娄路,31B0,144020401,阳泉,盂县,AC00101,8660.0,山西,71400.0,2020-09-01
山西南娄集团水泥有限责任公司,207854358,1195425849,山西省阳泉市盂县南娄镇南娄村南娄路,31B0,144020401,阳泉,盂县,AC00101,9500.0,山西,111720.0,2020-09-02
山西南娄集团水泥有限责任公司,207767052,1185506003,山西省阳泉市盂县南娄镇南娄村南娄路,31B0,144020401,阳泉,盂县,AC00101,8660.0,山西,152520.0,2020-09-02
山西南娄集团水泥有限责任公司,207767052,1185506003,山西省阳泉市盂县南娄镇南娄村南娄路,31B0,144020401,阳泉,盂县,AC00101,8660.0,山西,139440.0,2020-09-03
山西南娄集团水泥有限责任公司,207854358,1195425849,山西省阳泉市盂县南娄镇南娄村南娄路,31B0,144020401,阳泉,盂县,AC00101,9500.0,山西,102360.0,2020-09-03
山西南娄集团水泥有限责任公司,207854358,1195425849,山西省阳泉市盂县南娄镇南娄村南娄路,31B0,144020401,阳泉,盂县,AC00101,9500.0,山西,113040.0,2020-09-04
山西南娄集团水泥有限责任公司,207767052,1185506003,山西省阳泉市盂县南娄镇南娄村南娄路,31B0,144020401,阳泉,盂县,AC00101,8660.0,山西,139080.0,2020-09-04
山西南娄集团水泥有限责任公司,207767052,1185506003,山西省阳泉市盂县南娄镇南娄村南娄路,31B0,144020401,阳泉,盂县,AC00101,8660.0,山西,151200.0,2020-09-05
山西南娄集团水泥有限责任公司,207854358,1195425849,山西省阳泉市盂县南娄镇南娄村南娄路,31B0,144020401,阳泉,盂县,AC00101,9500.0,山西,105120.0,2020-09-05
山西南娄集团水泥有限责任公司,207854358,1195425849,山西省阳泉市盂县南娄镇南娄村南娄路,31B0,144020401,阳泉,盂县,AC00101,9500.0,山西,105960.0,2020-09-06
山西南娄集团水泥有限责任公司,207767052,1185506003,山西省阳泉市盂县南娄镇南娄村南娄路,31B0,144020401,阳泉,盂县,AC00101,8660.0,山西,135840.0,2020-09-06
山西南娄集团水泥有限责任公司,207767052,1185506003,山西省阳泉市盂县南娄镇南娄村南娄路,31B0,144020401,阳泉,盂县,AC00101,8660.0,山西,144840.0,2020-09-07
山西南娄集团水泥有限责任公司,207854358,1195425849,山西省阳泉市盂县南娄镇南娄村南娄路,31B0,144020401,阳泉,盂县,AC00101,9500.0,山西,108120.0,2020-09-13
山西南娄集团水泥有限责任公司,207854358,1195425849,山西省阳泉市盂县南娄镇南娄村南娄路,31B0,144020401,阳泉,盂县,AC00101,9500.0,山西,94440.0,2020-09-14
山西南娄集团水泥有限责任公司,207767052,1185506003,山西省阳泉市盂县南娄镇南娄村南娄路,31B0,144020401,阳泉,盂县,AC00101,8660.0,山西,158880.0,2020-09-14
山西南娄集团水泥有限责任公司,207854358,1195425849,山西省阳泉市盂县南娄镇南娄村南娄路,31B0,144020401,阳泉,盂县,AC00101,9500.0,山西,76920.0,2020-09-15
山西南娄集团水泥有限责任公司,207767052,1185506003,山西省阳泉市盂县南娄镇南娄村南娄路,31B0,144020401,阳泉,盂县,AC00101,8660.0,山西,140520.0,2020-09-15
山西南娄集团水泥有限责任公司,207854358,1195425849,山西省阳泉市盂县南娄镇南娄村南娄路,31B0,144020401,阳泉,盂县,AC00101,9500.0,山西,94440.0,2020-09-16
山西南娄集团水泥有限责任公司,207854358,1195425849,山西省阳泉市盂县南娄镇南娄村南娄路,31B0,144020401,阳泉,盂县,AC00101,9500.0,山西,105960.0,2020-09-17
山西南娄集团水泥有限责任公司,207854358,1195425849,山西省阳泉市盂县南娄镇南娄村南娄路,31B0,144020401,阳泉,盂县,AC00101,9500.0,山西,104520.0,2020-09-18
山西南娄集团水泥有限责任公司,207767052,1185506003,山西省阳泉市盂县南娄镇南娄村南娄路,31B0,144020401,阳泉,盂县,AC00101,8660.0,山西,156360.0,2020-09-19
山西南娄集团水泥有限责任公司,207854358,1195425849,山西省阳泉市盂县南娄镇南娄村南娄路,31B0,144020401,阳泉,盂县,AC00101,9500.0,山西,110880.0,2020-09-20
山西南娄集团水泥有限责任公司,207767052,1185506003,山西省阳泉市盂县南娄镇南娄村南娄路,31B0,144020401,阳泉,盂县,AC00101,8660.0,山西,160200.0,2020-09-20
山西南娄集团水泥有限责任公司,207854358,1195425849,山西省阳泉市盂县南娄镇南娄村南娄路,31B0,144020401,阳泉,盂县,AC00101,9500.0,山西,106560.0,2020-09-21
山西南娄集团水泥有限责任公司,207767052,1185506003,山西省阳泉市盂县南娄镇南娄村南娄路,31B0,144020401,阳泉,盂县,AC00101,8660.0,山西,154560.0,2020-09-21
山西南娄集团水泥有限责任公司,207767052,1185506003,山西省阳泉市盂县南娄镇南娄村南娄路,31B0,144020401,阳泉,盂县,AC00101,8660.0,山西,115320.0,2020-09-22
山西南娄集团水泥有限责任公司,207854358,1195425849,山西省阳泉市盂县南娄镇南娄村南娄路,31B0,144020401,阳泉,盂县,AC00101,9500.0,山西,90960.0,2020-09-22
山西南娄集团水泥有限责任公司,207767052,1185506003,山西省阳泉市盂县南娄镇南娄村南娄路,31B0,144020401,阳泉,盂县,AC00101,8660.0,山西,119640.0,2020-09-23
山西南娄集团水泥有限责任公司,207854358,1195425849,山西省阳泉市盂县南娄镇南娄村南娄路,31B0,144020401,阳泉,盂县,AC00101,9500.0,山西,100680.0,2020-09-23
山西南娄集团水泥有限责任公司,207767052,1185506003,山西省阳泉市盂县南娄镇南娄村南娄路,31B0,144020401,阳泉,盂县,AC00101,8660.0,山西,28320.0,2020-09-24
山西南娄集团水泥有限责任公司,207854358,1195425849,山西省阳泉市盂县南娄镇南娄村南娄路,31B0,144020401,阳泉,盂县,AC00101,9500.0,山西,46680.0,2020-09-24
山西南娄集团水泥有限责任公司,207767052,1185506003,山西省阳泉市盂县南娄镇南娄村南娄路,31B0,144020401,阳泉,盂县,AC00101,8660.0,山西,6960.0,2020-09-26
山西南娄集团水泥有限责任公司,207854358,1195425849,山西省阳泉市盂县南娄镇南娄村南娄路,31B0,144020401,阳泉,盂县,AC00101,9500.0,山西,47640.0,2020-09-26
山西南娄集团水泥有限责任公司,207854358,1195425849,山西省阳泉市盂县南娄镇南娄村南娄路,31B0,144020401,阳泉,盂县,AC00101,9500.0,山西,40800.0,2020-09-27
山西南娄集团水泥有限责任公司,207767052,1185506003,山西省阳泉市盂县南娄镇南娄村南娄路,31B0,144020401,阳泉,盂县,AC00101,8660.0,山西,6960.0,2020-09-27
山西南娄集团水泥有限责任公司,207854358,1195425849,山西省阳泉市盂县南娄镇南娄村南娄路,31B0,144020401,阳泉,盂县,AC00101,9500.0,山西,44280.0,2020-09-28
山西南娄集团水泥有限责任公司,207767052,1185506003,山西省阳泉市盂县南娄镇南娄村南娄路,31B0,144020401,阳泉,盂县,AC00101,8660.0,山西,6960.0,2020-09-28
山西南娄集团水泥有限责任公司,207854358,1195425849,山西省阳泉市盂县南娄镇南娄村南娄路,31B0,144020401,阳泉,盂县,AC00101,9500.0,山西,44760.0,2020-09-29
山西南娄集团水泥有限责任公司,207767052,1185506003,山西省阳泉市盂县南娄镇南娄村南娄路,31B0,144020401,阳泉,盂县,AC00101,8660.0,山西,6720.0,2020-09-29
山西南娄集团水泥有限责任公司,207854358,1195425849,山西省阳泉市盂县南娄镇南娄村南娄路,31B0,144020401,阳泉,盂县,AC00101,9500.0,山西,14400.0,2020-09-30
山西南娄集团水泥有限责任公司,207767052,1185506003,山西省阳泉市盂县南娄镇南娄村南娄路,31B0,144020401,阳泉,盂县,AC00101,8660.0,山西,6480.0,2020-09-30
山西南娄集团水泥有限责任公司,207854358,1195425849,山西省阳泉市盂县南娄镇南娄村南娄路,31B0,144020401,阳泉,盂县,AC00101,9500.0,山西,29640.0,2020-10-01
山西南娄集团水泥有限责任公司,207767052,1185506003,山西省阳泉市盂县南娄镇南娄村南娄路,31B0,144020401,阳泉,盂县,AC00101,8660.0,山西,6600.0,2020-10-01
山西南娄集团水泥有限责任公司,207854358,1195425849,山西省阳泉市盂县南娄镇南娄村南娄路,31B0,144020401,阳泉,盂县,AC00101,9500.0,山西,0.0,2020-10-02
山西南娄集团水泥有限责任公司,207767052,1185506003,山西省阳泉市盂县南娄镇南娄村南娄路,31B0,144020401,阳泉,盂县,AC00101,8660.0,山西,0.0,2020-10-02
山西南娄集团水泥有限责任公司,207854358,1195425849,山西省阳泉市盂县南娄镇南娄村南娄路,31B0,144020401,阳泉,盂县,AC00101,9500.0,山西,0.0,2020-10-03
山西南娄集团水泥有限责任公司,207767052,1185506003,山西省阳泉市盂县南娄镇南娄村南娄路,31B0,144020401,阳泉,盂县,AC00101,8660.0,山西,0.0,2020-10-03
山西南娄集团水泥有限责任公司,207854358,1195425849,山西省阳泉市盂县南娄镇南娄村南娄路,31B0,144020401,阳泉,盂县,AC00101,9500.0,山西,11880.0,2020-10-04
山西南娄集团水泥有限责任公司,207767052,1185506003,山西省阳泉市盂县南娄镇南娄村南娄路,31B0,144020401,阳泉,盂县,AC00101,8660.0,山西,0.0,2020-10-04
山西南娄集团水泥有限责任公司,207854358,1195425849,山西省阳泉市盂县南娄镇南娄村南娄路,31B0,144020401,阳泉,盂县,AC00101,9500.0,山西,50640.0,2020-10-06
山西南娄集团水泥有限责任公司,207767052,1185506003,山西省阳泉市盂县南娄镇南娄村南娄路,31B0,144020401,阳泉,盂县,AC00101,8660.0,山西,0.0,2020-10-07
山西南娄集团水泥有限责任公司,207854358,1195425849,山西省阳泉市盂县南娄镇南娄村南娄路,31B0,144020401,阳泉,盂县,AC00101,9500.0,山西,4200.0,2020-10-08
山西南娄集团水泥有限责任公司,207767052,1185506003,山西省阳泉市盂县南娄镇南娄村南娄路,31B0,144020401,阳泉,盂县,AC00101,8660.0,山西,0.0,2020-10-08
山西南娄集团水泥有限责任公司,207767052,1185506003,山西省阳泉市盂县南娄镇南娄村南娄路,31B0,144020401,阳泉,盂县,AC00101,8660.0,山西,0.0,2020-10-09
山西南娄集团水泥有限责任公司,207854358,1195425849,山西省阳泉市盂县南娄镇南娄村南娄路,31B0,144020401,阳泉,盂县,AC00101,9500.0,山西,16080.0,2020-10-09
山西南娄集团水泥有限责任公司,207767052,1185506003,山西省阳泉市盂县南娄镇南娄村南娄路,31B0,144020401,阳泉,盂县,AC00101,8660.0,山西,0.0,2020-10-10
山西南娄集团水泥有限责任公司,207854358,1195425849,山西省阳泉市盂县南娄镇南娄村南娄路,31B0,144020401,阳泉,盂县,AC00101,9500.0,山西,51960.0,2020-10-10
山西南娄集团水泥有限责任公司,207854358,1195425849,山西省阳泉市盂县南娄镇南娄村南娄路,31B0,144020401,阳泉,盂县,AC00101,9500.0,山西,51120.0,2020-10-11
山西南娄集团水泥有限责任公司,207854358,1195425849,山西省阳泉市盂县南娄镇南娄村南娄路,31B0,144020401,阳泉,盂县,AC00101,9500.0,山西,51120.0,2020-10-12
山西南娄集团水泥有限责任公司,207767052,1185506003,山西省阳泉市盂县南娄镇南娄村南娄路,31B0,144020401,阳泉,盂县,AC00101,8660.0,山西,0.0,2020-10-12
山西南娄集团水泥有限责任公司,207854358,1195425849,山西省阳泉市盂县南娄镇南娄村南娄路,31B0,144020401,阳泉,盂县,AC00101,9500.0,山西,52800.0,2020-10-13
山西南娄集团水泥有限责任公司,207767052,1185506003,山西省阳泉市盂县南娄镇南娄村南娄路,31B0,144020401,阳泉,盂县,AC00101,8660.0,山西,0.0,2020-10-13
山西南娄集团水泥有限责任公司,207767052,1185506003,山西省阳泉市盂县南娄镇南娄村南娄路,31B0,144020401,阳泉,盂县,AC00101,8660.0,山西,98400.0,2020-10-14
山西南娄集团水泥有限责任公司,207854358,1195425849,山西省阳泉市盂县南娄镇南娄村南娄路,31B0,144020401,阳泉,盂县,AC00101,9500.0,山西,51240.0,2020-10-14
山西南娄集团水泥有限责任公司,207767052,1185506003,山西省阳泉市盂县南娄镇南娄村南娄路,31B0,144020401,阳泉,盂县,AC00101,8660.0,山西,6360.0,2020-10-15
山西南娄集团水泥有限责任公司,207854358,1195425849,山西省阳泉市盂县南娄镇南娄村南娄路,31B0,144020401,阳泉,盂县,AC00101,9500.0,山西,49680.0,2020-10-15
山西南娄集团水泥有限责任公司,207854358,1195425849,山西省阳泉市盂县南娄镇南娄村南娄路,31B0,144020401,阳泉,盂县,AC00101,9500.0,山西,21840.0,2020-10-16
山西南娄集团水泥有限责任公司,207767052,1185506003,山西省阳泉市盂县南娄镇南娄村南娄路,31B0,144020401,阳泉,盂县,AC00101,8660.0,山西,5640.0,2020-10-16
山西南娄集团水泥有限责任公司,207854358,1195425849,山西省阳泉市盂县南娄镇南娄村南娄路,31B0,144020401,阳泉,盂县,AC00101,9500.0,山西,48720.0,2020-10-17
山西南娄集团水泥有限责任公司,207767052,1185506003,山西省阳泉市盂县南娄镇南娄村南娄路,31B0,144020401,阳泉,盂县,AC00101,8660.0,山西,5400.0,2020-10-17
山西南娄集团水泥有限责任公司,207854358,1195425849,山西省阳泉市盂县南娄镇南娄村南娄路,31B0,144020401,阳泉,盂县,AC00101,9500.0,山西,51480.0,2020-10-18
山西南娄集团水泥有限责任公司,207767052,1185506003,山西省阳泉市盂县南娄镇南娄村南娄路,31B0,144020401,阳泉,盂县,AC00101,8660.0,山西,5760.0,2020-10-18
山西南娄集团水泥有限责任公司,207854358,1195425849,山西省阳泉市盂县南娄镇南娄村南娄路,31B0,144020401,阳泉,盂县,AC00101,9500.0,山西,47880.0,2020-10-19
山西南娄集团水泥有限责任公司,207767052,1185506003,山西省阳泉市盂县南娄镇南娄村南娄路,31B0,144020401,阳泉,盂县,AC00101,8660.0,山西,5520.0,2020-10-19
山西南娄集团水泥有限责任公司,207854358,1195425849,山西省阳泉市盂县南娄镇南娄村南娄路,31B0,144020401,阳泉,盂县,AC00101,9500.0,山西,49680.0,2020-10-20
山西南娄集团水泥有限责任公司,207767052,1185506003,山西省阳泉市盂县南娄镇南娄村南娄路,31B0,144020401,阳泉,盂县,AC00101,8660.0,山西,5640.0,2020-10-20
山西南娄集团水泥有限责任公司,207767052,1185506003,山西省阳泉市盂县南娄镇南娄村南娄路,31B0,144020401,阳泉,盂县,AC00101,8660.0,山西,104713.5,2020-10-21
山西南娄集团水泥有限责任公司,207854358,1195425849,山西省阳泉市盂县南娄镇南娄村南娄路,31B0,144020401,阳泉,盂县,AC00101,9500.0,山西,147490.8,2020-10-21
山西南娄集团水泥有限责任公司,207854358,1195425849,山西省阳泉市盂县南娄镇南娄村南娄路,31B0,144020401,阳泉,盂县,AC00101,9500.0,山西,181485.45,2020-10-22
山西南娄集团水泥有限责任公司,207767052,1185506003,山西省阳泉市盂县南娄镇南娄村南娄路,31B0,144020401,阳泉,盂县,AC00101,8660.0,山西,142568.17,2020-10-22
山西南娄集团水泥有限责任公司,207767052,1185506003,山西省阳泉市盂县南娄镇南娄村南娄路,31B0,144020401,阳泉,盂县,AC00101,8660.0,山西,0.0,2020-10-23
山西南娄集团水泥有限责任公司,207854358,1195425849,山西省阳泉市盂县南娄镇南娄村南娄路,31B0,144020401,阳泉,盂县,AC00101,9500.0,山西,0.0,2020-10-23
山西南娄集团水泥有限责任公司,207767052,1185506003,山西省阳泉市盂县南娄镇南娄村南娄路,31B0,144020401,阳泉,盂县,AC00101,8660.0,山西,34680.0,2020-10-24
山西南娄集团水泥有限责任公司,207854358,1195425849,山西省阳泉市盂县南娄镇南娄村南娄路,31B0,144020401,阳泉,盂县,AC00101,9500.0,山西,49080.0,2020-10-24
山西南娄集团水泥有限责任公司,207767052,1185506003,山西省阳泉市盂县南娄镇南娄村南娄路,31B0,144020401,阳泉,盂县,AC00101,8660.0,山西,6840.0,2020-10-25
山西南娄集团水泥有限责任公司,207854358,1195425849,山西省阳泉市盂县南娄镇南娄村南娄路,31B0,144020401,阳泉,盂县,AC00101,9500.0,山西,6720.0,2020-10-25
山西南娄集团水泥有限责任公司,207854358,1195425849,山西省阳泉市盂县南娄镇南娄村南娄路,31B0,144020401,阳泉,盂县,AC00101,9500.0,山西,9960.0,2020-10-26
山西南娄集团水泥有限责任公司,207767052,1185506003,山西省阳泉市盂县南娄镇南娄村南娄路,31B0,144020401,阳泉,盂县,AC00101,8660.0,山西,9120.0,2020-10-26
山西南娄集团水泥有限责任公司,207854358,1195425849,山西省阳泉市盂县南娄镇南娄村南娄路,31B0,144020401,阳泉,盂县,AC00101,9500.0,山西,59280.0,2020-10-27
山西南娄集团水泥有限责任公司,207767052,1185506003,山西省阳泉市盂县南娄镇南娄村南娄路,31B0,144020401,阳泉,盂县,AC00101,8660.0,山西,18000.0,2020-10-27
山西南娄集团水泥有限责任公司,207854358,1195425849,山西省阳泉市盂县南娄镇南娄村南娄路,31B0,144020401,阳泉,盂县,AC00101,9500.0,山西,58440.0,2020-10-28
山西南娄集团水泥有限责任公司,207767052,1185506003,山西省阳泉市盂县南娄镇南娄村南娄路,31B0,144020401,阳泉,盂县,AC00101,8660.0,山西,10200.0,2020-10-28
山西南娄集团水泥有限责任公司,207854358,1195425849,山西省阳泉市盂县南娄镇南娄村南娄路,31B0,144020401,阳泉,盂县,AC00101,9500.0,山西,61800.0,2020-10-29
山西南娄集团水泥有限责任公司,207767052,1185506003,山西省阳泉市盂县南娄镇南娄村南娄路,31B0,144020401,阳泉,盂县,AC00101,8660.0,山西,18480.0,2020-10-29
山西南娄集团水泥有限责任公司,207854358,1195425849,山西省阳泉市盂县南娄镇南娄村南娄路,31B0,144020401,阳泉,盂县,AC00101,9500.0,山西,21600.0,2020-10-30
山西南娄集团水泥有限责任公司,207767052,1185506003,山西省阳泉市盂县南娄镇南娄村南娄路,31B0,144020401,阳泉,盂县,AC00101,8660.0,山西,17160.0,2020-10-30
山西南娄集团水泥有限责任公司,207767052,1185506003,山西省阳泉市盂县南娄镇南娄村南娄路,31B0,144020401,阳泉,盂县,AC00101,8660.0,山西,15240.0,2020-10-31
山西南娄集团水泥有限责任公司,207854358,1195425849,山西省阳泉市盂县南娄镇南娄村南娄路,31B0,144020401,阳泉,盂县,AC00101,9500.0,山西,17040.0,2020-10-31
山西南娄集团水泥有限责任公司,207767052,1185506003,山西省阳泉市盂县南娄镇南娄村南娄路,31B0,144020401,阳泉,盂县,AC00101,8660.0,山西,10800.0,2020-11-01
山西南娄集团水泥有限责任公司,207854358,1195425849,山西省阳泉市盂县南娄镇南娄村南娄路,31B0,144020401,阳泉,盂县,AC00101,9500.0,山西,9720.0,2020-11-01
山西南娄集团水泥有限责任公司,207854358,1195425849,山西省阳泉市盂县南娄镇南娄村南娄路,31B0,144020401,阳泉,盂县,AC00101,9500.0,山西,6600.0,2020-11-02
山西南娄集团水泥有限责任公司,207767052,1185506003,山西省阳泉市盂县南娄镇南娄村南娄路,31B0,144020401,阳泉,盂县,AC00101,8660.0,山西,5640.0,2020-11-02
山西南娄集团水泥有限责任公司,207854358,1195425849,山西省阳泉市盂县南娄镇南娄村南娄路,31B0,144020401,阳泉,盂县,AC00101,9500.0,山西,17040.0,2020-11-03
山西南娄集团水泥有限责任公司,207767052,1185506003,山西省阳泉市盂县南娄镇南娄村南娄路,31B0,144020401,阳泉,盂县,AC00101,8660.0,山西,17760.0,2020-11-03
山西南娄集团水泥有限责任公司,207767052,1185506003,山西省阳泉市盂县南娄镇南娄村南娄路,31B0,144020401,阳泉,盂县,AC00101,8660.0,山西,110160.0,2020-11-04
山西南娄集团水泥有限责任公司,207854358,1195425849,山西省阳泉市盂县南娄镇南娄村南娄路,31B0,144020401,阳泉,盂县,AC00101,9500.0,山西,53880.0,2020-11-04
山西南娄集团水泥有限责任公司,207767052,1185506003,山西省阳泉市盂县南娄镇南娄村南娄路,31B0,144020401,阳泉,盂县,AC00101,8660.0,山西,152040.0,2020-11-05
山西南娄集团水泥有限责任公司,207854358,1195425849,山西省阳泉市盂县南娄镇南娄村南娄路,31B0,144020401,阳泉,盂县,AC00101,9500.0,山西,72720.0,2020-11-05
山西南娄集团水泥有限责任公司,207854358,1195425849,山西省阳泉市盂县南娄镇南娄村南娄路,31B0,144020401,阳泉,盂县,AC00101,9500.0,山西,94200.0,2020-11-06
山西南娄集团水泥有限责任公司,207767052,1185506003,山西省阳泉市盂县南娄镇南娄村南娄路,31B0,144020401,阳泉,盂县,AC00101,8660.0,山西,130800.0,2020-11-06
山西南娄集团水泥有限责任公司,207854358,1195425849,山西省阳泉市盂县南娄镇南娄村南娄路,31B0,144020401,阳泉,盂县,AC00101,9500.0,山西,82200.0,2020-11-07
山西南娄集团水泥有限责任公司,207767052,1185506003,山西省阳泉市盂县南娄镇南娄村南娄路,31B0,144020401,阳泉,盂县,AC00101,8660.0,山西,73200.0,2020-11-07
山西南娄集团水泥有限责任公司,207854358,1195425849,山西省阳泉市盂县南娄镇南娄村南娄路,31B0,144020401,阳泉,盂县,AC00101,9500.0,山西,59280.0,2020-11-08
山西南娄集团水泥有限责任公司,207767052,1185506003,山西省阳泉市盂县南娄镇南娄村南娄路,31B0,144020401,阳泉,盂县,AC00101,8660.0,山西,126720.0,2020-11-08
山西南娄集团水泥有限责任公司,207854358,1195425849,山西省阳泉市盂县南娄镇南娄村南娄路,31B0,144020401,阳泉,盂县,AC00101,9500.0,山西,79920.0,2020-11-09
山西南娄集团水泥有限责任公司,207767052,1185506003,山西省阳泉市盂县南娄镇南娄村南娄路,31B0,144020401,阳泉,盂县,AC00101,8660.0,山西,117120.0,2020-11-09
山西南娄集团水泥有限责任公司,207854358,1195425849,山西省阳泉市盂县南娄镇南娄村南娄路,31B0,144020401,阳泉,盂县,AC00101,9500.0,山西,78480.0,2020-11-10
山西南娄集团水泥有限责任公司,207767052,1185506003,山西省阳泉市盂县南娄镇南娄村南娄路,31B0,144020401,阳泉,盂县,AC00101,8660.0,山西,158280.0,2020-11-10
山西南娄集团水泥有限责任公司,207767052,1185506003,山西省阳泉市盂县南娄镇南娄村南娄路,31B0,144020401,阳泉,盂县,AC00101,8660.0,山西,110040.0,2020-11-11
山西南娄集团水泥有限责任公司,207854358,1195425849,山西省阳泉市盂县南娄镇南娄村南娄路,31B0,144020401,阳泉,盂县,AC00101,9500.0,山西,82560.0,2020-11-12
山西南娄集团水泥有限责任公司,207767052,1185506003,山西省阳泉市盂县南娄镇南娄村南娄路,31B0,144020401,阳泉,盂县,AC00101,8660.0,山西,106320.0,2020-11-12
山西南娄集团水泥有限责任公司,207854358,1195425849,山西省阳泉市盂县南娄镇南娄村南娄路,31B0,144020401,阳泉,盂县,AC00101,9500.0,山西,100560.0,2020-11-13
山西南娄集团水泥有限责任公司,207767052,1185506003,山西省阳泉市盂县南娄镇南娄村南娄路,31B0,144020401,阳泉,盂县,AC00101,8660.0,山西,114120.0,2020-11-13
山西南娄集团水泥有限责任公司,207854358,1195425849,山西省阳泉市盂县南娄镇南娄村南娄路,31B0,144020401,阳泉,盂县,AC00101,9500.0,山西,86040.0,2020-11-14
山西南娄集团水泥有限责任公司,207767052,1185506003,山西省阳泉市盂县南娄镇南娄村南娄路,31B0,144020401,阳泉,盂县,AC00101,8660.0,山西,171360.0,2020-11-14
山西南娄集团水泥有限责任公司,207854358,1195425849,山西省阳泉市盂县南娄镇南娄村南娄路,31B0,144020401,阳泉,盂县,AC00101,9500.0,山西,80520.0,2020-11-15
山西南娄集团水泥有限责任公司,207767052,1185506003,山西省阳泉市盂县南娄镇南娄村南娄路,31B0,144020401,阳泉,盂县,AC00101,8660.0,山西,151680.0,2020-11-15
山西南娄集团水泥有限责任公司,207854358,1195425849,山西省阳泉市盂县南娄镇南娄村南娄路,31B0,144020401,阳泉,盂县,AC00101,9500.0,山西,47880.0,2020-11-16
山西南娄集团水泥有限责任公司,207767052,1185506003,山西省阳泉市盂县南娄镇南娄村南娄路,31B0,144020401,阳泉,盂县,AC00101,8660.0,山西,108000.0,2020-11-16
山西南娄集团水泥有限责任公司,207854358,1195425849,山西省阳泉市盂县南娄镇南娄村南娄路,31B0,144020401,阳泉,盂县,AC00101,9500.0,山西,27960.0,2020-11-17
山西南娄集团水泥有限责任公司,207767052,1185506003,山西省阳泉市盂县南娄镇南娄村南娄路,31B0,144020401,阳泉,盂县,AC00101,8660.0,山西,74760.0,2020-11-17
山西南娄集团水泥有限责任公司,207854358,1195425849,山西省阳泉市盂县南娄镇南娄村南娄路,31B0,144020401,阳泉,盂县,AC00101,9500.0,山西,52800.0,2020-11-18
山西南娄集团水泥有限责任公司,207767052,1185506003,山西省阳泉市盂县南娄镇南娄村南娄路,31B0,144020401,阳泉,盂县,AC00101,8660.0,山西,94560.0,2020-11-18
山西南娄集团水泥有限责任公司,207767052,1185506003,山西省阳泉市盂县南娄镇南娄村南娄路,31B0,144020401,阳泉,盂县,AC00101,8660.0,山西,150960.0,2020-11-19
山西南娄集团水泥有限责任公司,207767052,1185506003,山西省阳泉市盂县南娄镇南娄村南娄路,31B0,144020401,阳泉,盂县,AC00101,8660.0,山西,143520.0,2020-11-21
山西南娄集团水泥有限责任公司,207854358,1195425849,山西省阳泉市盂县南娄镇南娄村南娄路,31B0,144020401,阳泉,盂县,AC00101,9500.0,山西,100560.0,2020-11-21
山西南娄集团水泥有限责任公司,207767052,1185506003,山西省阳泉市盂县南娄镇南娄村南娄路,31B0,144020401,阳泉,盂县,AC00101,8660.0,山西,129840.0,2020-11-20
山西南娄集团水泥有限责任公司,207854358,1195425849,山西省阳泉市盂县南娄镇南娄村南娄路,31B0,144020401,阳泉,盂县,AC00101,9500.0,山西,96840.0,2020-11-20
山西南娄集团水泥有限责任公司,207767052,1185506003,山西省阳泉市盂县南娄镇南娄村南娄路,31B0,144020401,阳泉,盂县,AC00101,8660.0,山西,127800.0,2020-11-22
山西南娄集团水泥有限责任公司,207854358,1195425849,山西省阳泉市盂县南娄镇南娄村南娄路,31B0,144020401,阳泉,盂县,AC00101,9500.0,山西,96480.0,2020-11-22
山西南娄集团水泥有限责任公司,207767052,1185506003,山西省阳泉市盂县南娄镇南娄村南娄路,31B0,144020401,阳泉,盂县,AC00101,8660.0,山西,141240.0,2020-11-23
山西南娄集团水泥有限责任公司,207854358,1195425849,山西省阳泉市盂县南娄镇南娄村南娄路,31B0,144020401,阳泉,盂县,AC00101,9500.0,山西,97560.0,2020-11-23
山西南娄集团水泥有限责任公司,207767052,1185506003,山西省阳泉市盂县南娄镇南娄村南娄路,31B0,144020401,阳泉,盂县,AC00101,8660.0,山西,147600.0,2020-11-24
山西南娄集团水泥有限责任公司,207854358,1195425849,山西省阳泉市盂县南娄镇南娄村南娄路,31B0,144020401,阳泉,盂县,AC00101,9500.0,山西,89760.0,2020-11-24
山西南娄集团水泥有限责任公司,207854358,1195425849,山西省阳泉市盂县南娄镇南娄村南娄路,31B0,144020401,阳泉,盂县,AC00101,9500.0,山西,71760.0,2020-11-25
山西南娄集团水泥有限责任公司,207767052,1185506003,山西省阳泉市盂县南娄镇南娄村南娄路,31B0,144020401,阳泉,盂县,AC00101,8660.0,山西,123000.0,2020-11-25
山西南娄集团水泥有限责任公司,207854358,1195425849,山西省阳泉市盂县南娄镇南娄村南娄路,31B0,144020401,阳泉,盂县,AC00101,9500.0,山西,58440.0,2020-11-26
山西南娄集团水泥有限责任公司,207767052,1185506003,山西省阳泉市盂县南娄镇南娄村南娄路,31B0,144020401,阳泉,盂县,AC00101,8660.0,山西,147840.0,2020-11-26
山西南娄集团水泥有限责任公司,207767052,1185506003,山西省阳泉市盂县南娄镇南娄村南娄路,31B0,144020401,阳泉,盂县,AC00101,8660.0,山西,151200.0,2020-11-27
山西南娄集团水泥有限责任公司,207854358,1195425849,山西省阳泉市盂县南娄镇南娄村南娄路,31B0,144020401,阳泉,盂县,AC00101,9500.0,山西,60120.0,2020-11-27
山西南娄集团水泥有限责任公司,207854358,1195425849,山西省阳泉市盂县南娄镇南娄村南娄路,31B0,144020401,阳泉,盂县,AC00101,9500.0,山西,62160.0,2020-11-28
山西南娄集团水泥有限责任公司,207767052,1185506003,山西省阳泉市盂县南娄镇南娄村南娄路,31B0,144020401,阳泉,盂县,AC00101,8660.0,山西,153960.0,2020-11-28
山西南娄集团水泥有限责任公司,207767052,1185506003,山西省阳泉市盂县南娄镇南娄村南娄路,31B0,144020401,阳泉,盂县,AC00101,8660.0,山西,158760.0,2020-11-29
山西南娄集团水泥有限责任公司,207854358,1195425849,山西省阳泉市盂县南娄镇南娄村南娄路,31B0,144020401,阳泉,盂县,AC00101,9500.0,山西,83400.0,2020-11-29
山西南娄集团水泥有限责任公司,207767052,1185506003,山西省阳泉市盂县南娄镇南娄村南娄路,31B0,144020401,阳泉,盂县,AC00101,8660.0,山西,150720.0,2020-11-30
山西南娄集团水泥有限责任公司,207854358,1195425849,山西省阳泉市盂县南娄镇南娄村南娄路,31B0,144020401,阳泉,盂县,AC00101,9500.0,山西,80520.0,2020-11-30
山西南娄集团水泥有限责任公司,207767052,1185506003,山西省阳泉市盂县南娄镇南娄村南娄路,31B0,144020401,阳泉,盂县,AC00101,8660.0,山西,149640.0,2020-12-01
山西南娄集团水泥有限责任公司,207854358,1195425849,山西省阳泉市盂县南娄镇南娄村南娄路,31B0,144020401,阳泉,盂县,AC00101,9500.0,山西,79920.0,2020-12-01
山西南娄集团水泥有限责任公司,207767052,1185506003,山西省阳泉市盂县南娄镇南娄村南娄路,31B0,144020401,阳泉,盂县,AC00101,8660.0,山西,153960.0,2020-12-02
山西南娄集团水泥有限责任公司,207854358,1195425849,山西省阳泉市盂县南娄镇南娄村南娄路,31B0,144020401,阳泉,盂县,AC00101,9500.0,山西,80880.0,2020-12-02
山西南娄集团水泥有限责任公司,207767052,1185506003,山西省阳泉市盂县南娄镇南娄村南娄路,31B0,144020401,阳泉,盂县,AC00101,8660.0,山西,153240.0,2020-12-03
山西南娄集团水泥有限责任公司,207854358,1195425849,山西省阳泉市盂县南娄镇南娄村南娄路,31B0,144020401,阳泉,盂县,AC00101,9500.0,山西,79320.0,2020-12-03
山西南娄集团水泥有限责任公司,207854358,1195425849,山西省阳泉市盂县南娄镇南娄村南娄路,31B0,144020401,阳泉,盂县,AC00101,9500.0,山西,78120.0,2020-12-04
山西南娄集团水泥有限责任公司,207767052,1185506003,山西省阳泉市盂县南娄镇南娄村南娄路,31B0,144020401,阳泉,盂县,AC00101,8660.0,山西,153960.0,2020-12-04
山西南娄集团水泥有限责任公司,207767052,1185506003,山西省阳泉市盂县南娄镇南娄村南娄路,31B0,144020401,阳泉,盂县,AC00101,8660.0,山西,149040.0,2020-12-05
山西南娄集团水泥有限责任公司,207854358,1195425849,山西省阳泉市盂县南娄镇南娄村南娄路,31B0,144020401,阳泉,盂县,AC00101,9500.0,山西,79200.0,2020-12-05
山西南娄集团水泥有限责任公司,207854358,1195425849,山西省阳泉市盂县南娄镇南娄村南娄路,31B0,144020401,阳泉,盂县,AC00101,9500.0,山西,78960.0,2020-12-06
山西南娄集团水泥有限责任公司,207767052,1185506003,山西省阳泉市盂县南娄镇南娄村南娄路,31B0,144020401,阳泉,盂县,AC00101,8660.0,山西,152280.0,2020-12-06
山西南娄集团水泥有限责任公司,207767052,1185506003,山西省阳泉市盂县南娄镇南娄村南娄路,31B0,144020401,阳泉,盂县,AC00101,8660.0,山西,154560.0,2020-12-07
山西南娄集团水泥有限责任公司,207854358,1195425849,山西省阳泉市盂县南娄镇南娄村南娄路,31B0,144020401,阳泉,盂县,AC00101,9500.0,山西,64800.0,2020-12-07
山西南娄集团水泥有限责任公司,207767052,1185506003,山西省阳泉市盂县南娄镇南娄村南娄路,31B0,144020401,阳泉,盂县,AC00101,8660.0,山西,152520.0,2020-12-08
山西南娄集团水泥有限责任公司,207854358,1195425849,山西省阳泉市盂县南娄镇南娄村南娄路,31B0,144020401,阳泉,盂县,AC00101,9500.0,山西,84000.0,2020-12-08
武乡山水水泥有限责任公司,418711635,1498529870,山西省长治市武乡县蟠龙镇蟠龙村小曲滩路1号,31B0,144041301,长治,客服,AC00351,16365.0,山西,85680.0,2020-07-01
山西中条山新型建材有限责任公司,600304270,17016714,山西省临汾市曲沃县里村镇石滩村水泥厂路北侧,31B0,144061501,临汾,客服,AC01101,20000.0,山西,199980.0,2020-07-01
大同煤矿集团建材有限责任公司,1000414100,28949149,山西省朔州市怀仁县何家堡乡悟道村何家堡路,31B0,144100101,朔州,客服,AC01101,40000.0,山西,520740.0,2020-07-01
武乡山水水泥有限责任公司,418711635,1498529870,山西省长治市武乡县蟠龙镇蟠龙村小曲滩路1号,31B0,144041301,长治,客服,AC00351,16365.0,山西,75880.0,2020-07-02
山西中条山新型建材有限责任公司,600304270,17016714,山西省临汾市曲沃县里村镇石滩村水泥厂路北侧,31B0,144061501,临汾,客服,AC01101,20000.0,山西,124080.0,2020-07-02
大同煤矿集团建材有限责任公司,1000414100,28949149,山西省朔州市怀仁县何家堡乡悟道村何家堡路,31B0,144100101,朔州,客服,AC01101,40000.0,山西,425700.0,2020-07-02
山西中条山新型建材有限责任公司,600304270,17016714,山西省临汾市曲沃县里村镇石滩村水泥厂路北侧,31B0,144061501,临汾,客服,AC01101,20000.0,山西,217140.0,2020-07-03
大同煤矿集团建材有限责任公司,1000414100,28949149,山西省朔州市怀仁县何家堡乡悟道村何家堡路,31B0,144100101,朔州,客服,AC01101,40000.0,山西,543180.0,2020-07-03
武乡山水水泥有限责任公司,418711635,1498529870,山西省长治市武乡县蟠龙镇蟠龙村小曲滩路1号,31B0,144041301,长治,客服,AC00351,16365.0,山西,77280.0,2020-07-03
山西中条山新型建材有限责任公司,600304270,17016714,山西省临汾市曲沃县里村镇石滩村水泥厂路北侧,31B0,144061501,临汾,客服,AC01101,20000.0,山西,87780.0,2020-07-04
大同煤矿集团建材有限责任公司,1000414100,28949149,山西省朔州市怀仁县何家堡乡悟道村何家堡路,31B0,144100101,朔州,客服,AC01101,40000.0,山西,519420.0,2020-07-04
武乡山水水泥有限责任公司,418711635,1498529870,山西省长治市武乡县蟠龙镇蟠龙村小曲滩路1号,31B0,144041301,长治,客服,AC00351,16365.0,山西,79520.0,2020-07-04
山西中条山新型建材有限责任公司,600304270,17016714,山西省临汾市曲沃县里村镇石滩村水泥厂路北侧,31B0,144061501,临汾,客服,AC01101,20000.0,山西,121440.0,2020-07-05
大同煤矿集团建材有限责任公司,1000414100,28949149,山西省朔州市怀仁县何家堡乡悟道村何家堡路,31B0,144100101,朔州,客服,AC01101,40000.0,山西,419760.0,2020-07-05
武乡山水水泥有限责任公司,418711635,1498529870,山西省长治市武乡县蟠龙镇蟠龙村小曲滩路1号,31B0,144041301,长治,客服,AC00351,16365.0,山西,79520.0,2020-07-05
大同煤矿集团建材有限责任公司,1000414100,28949149,山西省朔州市怀仁县何家堡乡悟道村何家堡路,31B0,144100101,朔州,客服,AC01101,40000.0,山西,524700.0,2020-07-06
山西中条山新型建材有限责任公司,600304270,17016714,山西省临汾市曲沃县里村镇石滩村水泥厂路北侧,31B0,144061501,临汾,客服,AC01101,20000.0,山西,120120.0,2020-07-06
武乡山水水泥有限责任公司,418711635,1498529870,山西省长治市武乡县蟠龙镇蟠龙村小曲滩路1号,31B0,144041301,长治,客服,AC00351,16365.0,山西,87920.0,2020-07-06
武乡山水水泥有限责任公司,418711635,1498529870,山西省长治市武乡县蟠龙镇蟠龙村小曲滩路1号,31B0,144041301,长治,客服,AC00351,16365.0,山西,82040.0,2020-07-07
大同煤矿集团建材有限责任公司,1000414100,28949149,山西省朔州市怀仁县何家堡乡悟道村何家堡路,31B0,144100101,朔州,客服,AC01101,40000.0,山西,672540.0,2020-07-07
山西中条山新型建材有限责任公司,600304270,17016714,山西省临汾市曲沃县里村镇石滩村水泥厂路北侧,31B0,144061501,临汾,客服,AC01101,20000.0,山西,68640.0,2020-07-07
山西中条山新型建材有限责任公司,600304270,17016714,山西省临汾市曲沃县里村镇石滩村水泥厂路北侧,31B0,144061501,临汾,客服,AC01101,20000.0,山西,126720.0,2020-07-08
武乡山水水泥有限责任公司,418711635,1498529870,山西省长治市武乡县蟠龙镇蟠龙村小曲滩路1号,31B0,144041301,长治,客服,AC00351,16365.0,山西,84840.0,2020-07-08
大同煤矿集团建材有限责任公司,1000414100,28949149,山西省朔州市怀仁县何家堡乡悟道村何家堡路,31B0,144100101,朔州,客服,AC01101,40000.0,山西,481140.0,2020-07-08
山西中条山新型建材有限责任公司,600304270,17016714,山西省临汾市曲沃县里村镇石滩村水泥厂路北侧,31B0,144061501,临汾,客服,AC01101,20000.0,山西,81840.0,2020-07-09
武乡山水水泥有限责任公司,418711635,1498529870,山西省长治市武乡县蟠龙镇蟠龙村小曲滩路1号,31B0,144041301,长治,客服,AC00351,16365.0,山西,84280.0,2020-07-09
大同煤矿集团建材有限责任公司,1000414100,28949149,山西省朔州市怀仁县何家堡乡悟道村何家堡路,31B0,144100101,朔州,客服,AC01101,40000.0,山西,667260.0,2020-07-09
山西中条山新型建材有限责任公司,600304270,17016714,山西省临汾市曲沃县里村镇石滩村水泥厂路北侧,31B0,144061501,临汾,客服,AC01101,20000.0,山西,27720.0,2020-07-10
武乡山水水泥有限责任公司,418711635,1498529870,山西省长治市武乡县蟠龙镇蟠龙村小曲滩路1号,31B0,144041301,长治,客服,AC00351,16365.0,山西,29120.0,2020-07-10
大同煤矿集团建材有限责任公司,1000414100,28949149,山西省朔州市怀仁县何家堡乡悟道村何家堡路,31B0,144100101,朔州,客服,AC01101,40000.0,山西,578160.0,2020-07-10
山西中条山新型建材有限责任公司,600304270,17016714,山西省临汾市曲沃县里村镇石滩村水泥厂路北侧,31B0,144061501,临汾,客服,AC01101,20000.0,山西,71280.0,2020-07-11
武乡山水水泥有限责任公司,418711635,1498529870,山西省长治市武乡县蟠龙镇蟠龙村小曲滩路1号,31B0,144041301,长治,客服,AC00351,16365.0,山西,5600.0,2020-07-11
大同煤矿集团建材有限责任公司,1000414100,28949149,山西省朔州市怀仁县何家堡乡悟道村何家堡路,31B0,144100101,朔州,客服,AC01101,40000.0,山西,643500.0,2020-07-11
武乡山水水泥有限责任公司,418711635,1498529870,山西省长治市武乡县蟠龙镇蟠龙村小曲滩路1号,31B0,144041301,长治,客服,AC00351,16365.0,山西,3080.0,2020-07-12
大同煤矿集团建材有限责任公司,1000414100,28949149,山西省朔州市怀仁县何家堡乡悟道村何家堡路,31B0,144100101,朔州,客服,AC01101,40000.0,山西,417120.0,2020-07-12
山西中条山新型建材有限责任公司,600304270,17016714,山西省临汾市曲沃县里村镇石滩村水泥厂路北侧,31B0,144061501,临汾,客服,AC01101,20000.0,山西,172260.0,2020-07-12
武乡山水水泥有限责任公司,418711635,1498529870,山西省长治市武乡县蟠龙镇蟠龙村小曲滩路1号,31B0,144041301,长治,客服,AC00351,16365.0,山西,3640.0,2020-07-13
大同煤矿集团建材有限责任公司,1000414100,28949149,山西省朔州市怀仁县何家堡乡悟道村何家堡路,31B0,144100101,朔州,客服,AC01101,40000.0,山西,595980.0,2020-07-13
山西中条山新型建材有限责任公司,600304270,17016714,山西省临汾市曲沃县里村镇石滩村水泥厂路北侧,31B0,144061501,临汾,客服,AC01101,20000.0,山西,130680.0,2020-07-13
山西中条山新型建材有限责任公司,600304270,17016714,山西省临汾市曲沃县里村镇石滩村水泥厂路北侧,31B0,144061501,临汾,客服,AC01101,20000.0,山西,208560.0,2020-07-14
大同煤矿集团建材有限责任公司,1000414100,28949149,山西省朔州市怀仁县何家堡乡悟道村何家堡路,31B0,144100101,朔州,客服,AC01101,40000.0,山西,459360.0,2020-07-14
武乡山水水泥有限责任公司,418711635,1498529870,山西省长治市武乡县蟠龙镇蟠龙村小曲滩路1号,31B0,144041301,长治,客服,AC00351,16365.0,山西,3640.0,2020-07-14
大同煤矿集团建材有限责任公司,1000414100,28949149,山西省朔州市怀仁县何家堡乡悟道村何家堡路,31B0,144100101,朔州,客服,AC01101,40000.0,山西,535260.0,2020-07-15
武乡山水水泥有限责任公司,418711635,1498529870,山西省长治市武乡县蟠龙镇蟠龙村小曲滩路1号,31B0,144041301,长治,客服,AC00351,16365.0,山西,3360.0,2020-07-15
山西中条山新型建材有限责任公司,600304270,17016714,山西省临汾市曲沃县里村镇石滩村水泥厂路北侧,31B0,144061501,临汾,客服,AC01101,20000.0,山西,253440.0,2020-07-15
山西中条山新型建材有限责任公司,600304270,17016714,山西省临汾市曲沃县里村镇石滩村水泥厂路北侧,31B0,144061501,临汾,客服,AC01101,20000.0,山西,244860.0,2020-07-16
武乡山水水泥有限责任公司,418711635,1498529870,山西省长治市武乡县蟠龙镇蟠龙村小曲滩路1号,31B0,144041301,长治,客服,AC00351,16365.0,山西,3080.0,2020-07-16
大同煤矿集团建材有限责任公司,1000414100,28949149,山西省朔州市怀仁县何家堡乡悟道村何家堡路,31B0,144100101,朔州,客服,AC01101,40000.0,山西,422400.0,2020-07-16
山西中条山新型建材有限责任公司,600304270,17016714,山西省临汾市曲沃县里村镇石滩村水泥厂路北侧,31B0,144061501,临汾,客服,AC01101,20000.0,山西,312840.0,2020-07-17
大同煤矿集团建材有限责任公司,1000414100,28949149,山西省朔州市怀仁县何家堡乡悟道村何家堡路,31B0,144100101,朔州,客服,AC01101,40000.0,山西,599280.0,2020-07-17
武乡山水水泥有限责任公司,418711635,1498529870,山西省长治市武乡县蟠龙镇蟠龙村小曲滩路1号,31B0,144041301,长治,客服,AC00351,16365.0,山西,2520.0,2020-07-17
山西中条山新型建材有限责任公司,600304270,17016714,山西省临汾市曲沃县里村镇石滩村水泥厂路北侧,31B0,144061501,临汾,客服,AC01101,20000.0,山西,304920.0,2020-07-18
大同煤矿集团建材有限责任公司,1000414100,28949149,山西省朔州市怀仁县何家堡乡悟道村何家堡路,31B0,144100101,朔州,客服,AC01101,40000.0,山西,492360.0,2020-07-18
武乡山水水泥有限责任公司,418711635,1498529870,山西省长治市武乡县蟠龙镇蟠龙村小曲滩路1号,31B0,144041301,长治,客服,AC00351,16365.0,山西,2240.0,2020-07-18
武乡山水水泥有限责任公司,418711635,1498529870,山西省长治市武乡县蟠龙镇蟠龙村小曲滩路1号,31B0,144041301,长治,客服,AC00351,16365.0,山西,1960.0,2020-07-19
大同煤矿集团建材有限责任公司,1000414100,28949149,山西省朔州市怀仁县何家堡乡悟道村何家堡路,31B0,144100101,朔州,客服,AC01101,40000.0,山西,608520.0,2020-07-19
山西中条山新型建材有限责任公司,600304270,17016714,山西省临汾市曲沃县里村镇石滩村水泥厂路北侧,31B0,144061501,临汾,客服,AC01101,20000.0,山西,314160.0,2020-07-19
大同煤矿集团建材有限责任公司,1000414100,28949149,山西省朔州市怀仁县何家堡乡悟道村何家堡路,31B0,144100101,朔州,客服,AC01101,40000.0,山西,536580.0,2020-07-20
山西中条山新型建材有限责任公司,600304270,17016714,山西省临汾市曲沃县里村镇石滩村水泥厂路北侧,31B0,144061501,临汾,客服,AC01101,20000.0,山西,339900.0,2020-07-20
武乡山水水泥有限责任公司,418711635,1498529870,山西省长治市武乡县蟠龙镇蟠龙村小曲滩路1号,31B0,144041301,长治,客服,AC00351,16365.0,山西,2240.0,2020-07-20
大同煤矿集团建材有限责任公司,1000414100,28949149,山西省朔州市怀仁县何家堡乡悟道村何家堡路,31B0,144100101,朔州,客服,AC01101,40000.0,山西,597960.0,2020-07-21
山西中条山新型建材有限责任公司,600304270,17016714,山西省临汾市曲沃县里村镇石滩村水泥厂路北侧,31B0,144061501,临汾,客服,AC01101,20000.0,山西,315480.0,2020-07-21
武乡山水水泥有限责任公司,418711635,1498529870,山西省长治市武乡县蟠龙镇蟠龙村小曲滩路1号,31B0,144041301,长治,客服,AC00351,16365.0,山西,1680.0,2020-07-21
山西中条山新型建材有限责任公司,600304270,17016714,山西省临汾市曲沃县里村镇石滩村水泥厂路北侧,31B0,144061501,临汾,客服,AC01101,20000.0,山西,296340.0,2020-07-22
大同煤矿集团建材有限责任公司,1000414100,28949149,山西省朔州市怀仁县何家堡乡悟道村何家堡路,31B0,144100101,朔州,客服,AC01101,40000.0,山西,533940.0,2020-07-22
武乡山水水泥有限责任公司,418711635,1498529870,山西省长治市武乡县蟠龙镇蟠龙村小曲滩路1号,31B0,144041301,长治,客服,AC00351,16365.0,山西,2240.0,2020-07-22
山西中条山新型建材有限责任公司,600304270,17016714,山西省临汾市曲沃县里村镇石滩村水泥厂路北侧,31B0,144061501,临汾,客服,AC01101,20000.0,山西,292380.0,2020-07-23
大同煤矿集团建材有限责任公司,1000414100,28949149,山西省朔州市怀仁县何家堡乡悟道村何家堡路,31B0,144100101,朔州,客服,AC01101,40000.0,山西,383460.0,2020-07-23
武乡山水水泥有限责任公司,418711635,1498529870,山西省长治市武乡县蟠龙镇蟠龙村小曲滩路1号,31B0,144041301,长治,客服,AC00351,16365.0,山西,1400.0,2020-07-23
山西中条山新型建材有限责任公司,600304270,17016714,山西省临汾市曲沃县里村镇石滩村水泥厂路北侧,31B0,144061501,临汾,客服,AC01101,20000.0,山西,252120.0,2020-07-24
大同煤矿集团建材有限责任公司,1000414100,28949149,山西省朔州市怀仁县何家堡乡悟道村何家堡路,31B0,144100101,朔州,客服,AC01101,40000.0,山西,564300.0,2020-07-24
武乡山水水泥有限责任公司,418711635,1498529870,山西省长治市武乡县蟠龙镇蟠龙村小曲滩路1号,31B0,144041301,长治,客服,AC00351,16365.0,山西,2240.0,2020-07-24
武乡山水水泥有限责任公司,418711635,1498529870,山西省长治市武乡县蟠龙镇蟠龙村小曲滩路1号,31B0,144041301,长治,客服,AC00351,16365.0,山西,2240.0,2020-07-25
山西中条山新型建材有限责任公司,600304270,17016714,山西省临汾市曲沃县里村镇石滩村水泥厂路北侧,31B0,144061501,临汾,客服,AC01101,20000.0,山西,214500.0,2020-07-25
大同煤矿集团建材有限责任公司,1000414100,28949149,山西省朔州市怀仁县何家堡乡悟道村何家堡路,31B0,144100101,朔州,客服,AC01101,40000.0,山西,636240.0,2020-07-25
武乡山水水泥有限责任公司,418711635,1498529870,山西省长治市武乡县蟠龙镇蟠龙村小曲滩路1号,31B0,144041301,长治,客服,AC00351,16365.0,山西,1680.0,2020-07-26
山西中条山新型建材有限责任公司,600304270,17016714,山西省临汾市曲沃县里村镇石滩村水泥厂路北侧,31B0,144061501,临汾,客服,AC01101,20000.0,山西,222420.0,2020-07-26
大同煤矿集团建材有限责任公司,1000414100,28949149,山西省朔州市怀仁县何家堡乡悟道村何家堡路,31B0,144100101,朔州,客服,AC01101,40000.0,山西,544500.0,2020-07-26
大同煤矿集团建材有限责任公司,1000414100,28949149,山西省朔州市怀仁县何家堡乡悟道村何家堡路,31B0,144100101,朔州,客服,AC01101,40000.0,山西,567600.0,2020-07-27
武乡山水水泥有限责任公司,418711635,1498529870,山西省长治市武乡县蟠龙镇蟠龙村小曲滩路1号,31B0,144041301,长治,客服,AC00351,16365.0,山西,1680.0,2020-07-27
山西中条山新型建材有限责任公司,600304270,17016714,山西省临汾市曲沃县里村镇石滩村水泥厂路北侧,31B0,144061501,临汾,客服,AC01101,20000.0,山西,217800.0,2020-07-27
武乡山水水泥有限责任公司,418711635,1498529870,山西省长治市武乡县蟠龙镇蟠龙村小曲滩路1号,31B0,144041301,长治,客服,AC00351,16365.0,山西,3080.0,2020-07-28
大同煤矿集团建材有限责任公司,1000414100,28949149,山西省朔州市怀仁县何家堡乡悟道村何家堡路,31B0,144100101,朔州,客服,AC01101,40000.0,山西,544500.0,2020-07-28
山西中条山新型建材有限责任公司,600304270,17016714,山西省临汾市曲沃县里村镇石滩村水泥厂路北侧,31B0,144061501,临汾,客服,AC01101,20000.0,山西,247500.0,2020-07-28
大同煤矿集团建材有限责任公司,1000414100,28949149,山西省朔州市怀仁县何家堡乡悟道村何家堡路,31B0,144100101,朔州,客服,AC01101,40000.0,山西,520080.0,2020-07-29
武乡山水水泥有限责任公司,418711635,1498529870,山西省长治市武乡县蟠龙镇蟠龙村小曲滩路1号,31B0,144041301,长治,客服,AC00351,16365.0,山西,9240.0,2020-07-29
山西中条山新型建材有限责任公司,600304270,17016714,山西省临汾市曲沃县里村镇石滩村水泥厂路北侧,31B0,144061501,临汾,客服,AC01101,20000.0,山西,223740.0,2020-07-29
山西中条山新型建材有限责任公司,600304270,17016714,山西省临汾市曲沃县里村镇石滩村水泥厂路北侧,31B0,144061501,临汾,客服,AC01101,20000.0,山西,213180.0,2020-07-30
武乡山水水泥有限责任公司,418711635,1498529870,山西省长治市武乡县蟠龙镇蟠龙村小曲滩路1号,31B0,144041301,长治,客服,AC00351,16365.0,山西,68880.0,2020-07-30
大同煤矿集团建材有限责任公司,1000414100,28949149,山西省朔州市怀仁县何家堡乡悟道村何家堡路,31B0,144100101,朔州,客服,AC01101,40000.0,山西,427020.0,2020-07-30
大同煤矿集团建材有限责任公司,1000414100,28949149,山西省朔州市怀仁县何家堡乡悟道村何家堡路,31B0,144100101,朔州,客服,AC01101,40000.0,山西,547800.0,2020-07-31
山西中条山新型建材有限责任公司,600304270,17016714,山西省临汾市曲沃县里村镇石滩村水泥厂路北侧,31B0,144061501,临汾,客服,AC01101,20000.0,山西,269280.0,2020-07-31
武乡山水水泥有限责任公司,418711635,1498529870,山西省长治市武乡县蟠龙镇蟠龙村小曲滩路1号,31B0,144041301,长治,客服,AC00351,16365.0,山西,92120.0,2020-07-31
武乡山水水泥有限责任公司,418711635,1498529870,山西省长治市武乡县蟠龙镇蟠龙村小曲滩路1号,31B0,144041301,长治,客服,AC00351,16365.0,山西,83720.0,2020-08-01
大同煤矿集团建材有限责任公司,1000414100,28949149,山西省朔州市怀仁县何家堡乡悟道村何家堡路,31B0,144100101,朔州,客服,AC01101,40000.0,山西,407880.0,2020-08-01
山西中条山新型建材有限责任公司,600304270,17016714,山西省临汾市曲沃县里村镇石滩村水泥厂路北侧,31B0,144061501,临汾,客服,AC01101,20000.0,山西,251460.0,2020-08-01
大同煤矿集团建材有限责任公司,1000414100,28949149,山西省朔州市怀仁县何家堡乡悟道村何家堡路,31B0,144100101,朔州,客服,AC01101,40000.0,山西,541860.0,2020-08-02
山西中条山新型建材有限责任公司,600304270,17016714,山西省临汾市曲沃县里村镇石滩村水泥厂路北侧,31B0,144061501,临汾,客服,AC01101,20000.0,山西,254760.0,2020-08-02
武乡山水水泥有限责任公司,418711635,1498529870,山西省长治市武乡县蟠龙镇蟠龙村小曲滩路1号,31B0,144041301,长治,客服,AC00351,16365.0,山西,76720.0,2020-08-02
大同煤矿集团建材有限责任公司,1000414100,28949149,山西省朔州市怀仁县何家堡乡悟道村何家堡路,31B0,144100101,朔州,客服,AC01101,40000.0,山西,373560.0,2020-08-03
武乡山水水泥有限责任公司,418711635,1498529870,山西省长治市武乡县蟠龙镇蟠龙村小曲滩路1号,31B0,144041301,长治,客服,AC00351,16365.0,山西,73360.0,2020-08-03
山西中条山新型建材有限责任公司,600304270,17016714,山西省临汾市曲沃县里村镇石滩村水泥厂路北侧,31B0,144061501,临汾,客服,AC01101,20000.0,山西,211860.0,2020-08-03
武乡山水水泥有限责任公司,418711635,1498529870,山西省长治市武乡县蟠龙镇蟠龙村小曲滩路1号,31B0,144041301,长治,客服,AC00351,16365.0,山西,83440.0,2020-08-04
山西中条山新型建材有限责任公司,600304270,17016714,山西省临汾市曲沃县里村镇石滩村水泥厂路北侧,31B0,144061501,临汾,客服,AC01101,20000.0,山西,304920.0,2020-08-04
大同煤矿集团建材有限责任公司,1000414100,28949149,山西省朔州市怀仁县何家堡乡悟道村何家堡路,31B0,144100101,朔州,客服,AC01101,40000.0,山西,453420.0,2020-08-04
武乡山水水泥有限责任公司,418711635,1498529870,山西省长治市武乡县蟠龙镇蟠龙村小曲滩路1号,31B0,144041301,长治,客服,AC00351,16365.0,山西,81200.0,2020-08-05
山西中条山新型建材有限责任公司,600304270,17016714,山西省临汾市曲沃县里村镇石滩村水泥厂路北侧,31B0,144061501,临汾,客服,AC01101,20000.0,山西,252780.0,2020-08-05
大同煤矿集团建材有限责任公司,1000414100,28949149,山西省朔州市怀仁县何家堡乡悟道村何家堡路,31B0,144100101,朔州,客服,AC01101,40000.0,山西,568920.0,2020-08-05
大同煤矿集团建材有限责任公司,1000414100,28949149,山西省朔州市怀仁县何家堡乡悟道村何家堡路,31B0,144100101,朔州,客服,AC01101,40000.0,山西,506220.0,2020-08-06
山西中条山新型建材有限责任公司,600304270,17016714,山西省临汾市曲沃县里村镇石滩村水泥厂路北侧,31B0,144061501,临汾,客服,AC01101,20000.0,山西,199980.0,2020-08-06
武乡山水水泥有限责任公司,418711635,1498529870,山西省长治市武乡县蟠龙镇蟠龙村小曲滩路1号,31B0,144041301,长治,客服,AC00351,16365.0,山西,91840.0,2020-08-06
大同煤矿集团建材有限责任公司,1000414100,28949149,山西省朔州市怀仁县何家堡乡悟道村何家堡路,31B0,144100101,朔州,客服,AC01101,40000.0,山西,652080.0,2020-08-07
山西中条山新型建材有限责任公司,600304270,17016714,山西省临汾市曲沃县里村镇石滩村水泥厂路北侧,31B0,144061501,临汾,客服,AC01101,20000.0,山西,203280.0,2020-08-07
武乡山水水泥有限责任公司,418711635,1498529870,山西省长治市武乡县蟠龙镇蟠龙村小曲滩路1号,31B0,144041301,长治,客服,AC00351,16365.0,山西,90160.0,2020-08-07
大同煤矿集团建材有限责任公司,1000414100,28949149,山西省朔州市怀仁县何家堡乡悟道村何家堡路,31B0,144100101,朔州,客服,AC01101,40000.0,山西,453420.0,2020-08-08
武乡山水水泥有限责任公司,418711635,1498529870,山西省长治市武乡县蟠龙镇蟠龙村小曲滩路1号,31B0,144041301,长治,客服,AC00351,16365.0,山西,79240.0,2020-08-08
山西中条山新型建材有限责任公司,600304270,17016714,山西省临汾市曲沃县里村镇石滩村水泥厂路北侧,31B0,144061501,临汾,客服,AC01101,20000.0,山西,223740.0,2020-08-08
大同煤矿集团建材有限责任公司,1000414100,28949149,山西省朔州市怀仁县何家堡乡悟道村何家堡路,31B0,144100101,朔州,客服,AC01101,40000.0,山西,413160.0,2020-08-09
武乡山水水泥有限责任公司,418711635,1498529870,山西省长治市武乡县蟠龙镇蟠龙村小曲滩路1号,31B0,144041301,长治,客服,AC00351,16365.0,山西,79520.0,2020-08-09
山西中条山新型建材有限责任公司,600304270,17016714,山西省临汾市曲沃县里村镇石滩村水泥厂路北侧,31B0,144061501,临汾,客服,AC01101,20000.0,山西,274560.0,2020-08-09
大同煤矿集团建材有限责任公司,1000414100,28949149,山西省朔州市怀仁县何家堡乡悟道村何家堡路,31B0,144100101,朔州,客服,AC01101,40000.0,山西,489060.0,2020-08-10
武乡山水水泥有限责任公司,418711635,1498529870,山西省长治市武乡县蟠龙镇蟠龙村小曲滩路1号,31B0,144041301,长治,客服,AC00351,16365.0,山西,77560.0,2020-08-10
山西中条山新型建材有限责任公司,600304270,17016714,山西省临汾市曲沃县里村镇石滩村水泥厂路北侧,31B0,144061501,临汾,客服,AC01101,20000.0,山西,291720.0,2020-08-10
大同煤矿集团建材有限责任公司,1000414100,28949149,山西省朔州市怀仁县何家堡乡悟道村何家堡路,31B0,144100101,朔州,客服,AC01101,40000.0,山西,331980.0,2020-08-11
武乡山水水泥有限责任公司,418711635,1498529870,山西省长治市武乡县蟠龙镇蟠龙村小曲滩路1号,31B0,144041301,长治,客服,AC00351,16365.0,山西,83440.0,2020-08-11
山西中条山新型建材有限责任公司,600304270,17016714,山西省临汾市曲沃县里村镇石滩村水泥厂路北侧,31B0,144061501,临汾,客服,AC01101,20000.0,山西,175560.0,2020-08-11
武乡山水水泥有限责任公司,418711635,1498529870,山西省长治市武乡县蟠龙镇蟠龙村小曲滩路1号,31B0,144041301,长治,客服,AC00351,16365.0,山西,82880.0,2020-08-12
山西中条山新型建材有限责任公司,600304270,17016714,山西省临汾市曲沃县里村镇石滩村水泥厂路北侧,31B0,144061501,临汾,客服,AC01101,20000.0,山西,93720.0,2020-08-12
大同煤矿集团建材有限责任公司,1000414100,28949149,山西省朔州市怀仁县何家堡乡悟道村何家堡路,31B0,144100101,朔州,客服,AC01101,40000.0,山西,468600.0,2020-08-12
山西中条山新型建材有限责任公司,600304270,17016714,山西省临汾市曲沃县里村镇石滩村水泥厂路北侧,31B0,144061501,临汾,客服,AC01101,20000.0,山西,64020.0,2020-08-13
大同煤矿集团建材有限责任公司,1000414100,28949149,山西省朔州市怀仁县何家堡乡悟道村何家堡路,31B0,144100101,朔州,客服,AC01101,40000.0,山西,416460.0,2020-08-13
武乡山水水泥有限责任公司,418711635,1498529870,山西省长治市武乡县蟠龙镇蟠龙村小曲滩路1号,31B0,144041301,长治,客服,AC00351,16365.0,山西,81480.0,2020-08-13
大同煤矿集团建材有限责任公司,1000414100,28949149,山西省朔州市怀仁县何家堡乡悟道村何家堡路,31B0,144100101,朔州,客服,AC01101,40000.0,山西,518760.0,2020-08-14
山西中条山新型建材有限责任公司,600304270,17016714,山西省临汾市曲沃县里村镇石滩村水泥厂路北侧,31B0,144061501,临汾,客服,AC01101,20000.0,山西,85800.0,2020-08-14
武乡山水水泥有限责任公司,418711635,1498529870,山西省长治市武乡县蟠龙镇蟠龙村小曲滩路1号,31B0,144041301,长治,客服,AC00351,16365.0,山西,92680.0,2020-08-14
山西中条山新型建材有限责任公司,600304270,17016714,山西省临汾市曲沃县里村镇石滩村水泥厂路北侧,31B0,144061501,临汾,客服,AC01101,20000.0,山西,104280.0,2020-08-15
大同煤矿集团建材有限责任公司,1000414100,28949149,山西省朔州市怀仁县何家堡乡悟道村何家堡路,31B0,144100101,朔州,客服,AC01101,40000.0,山西,427020.0,2020-08-15
武乡山水水泥有限责任公司,418711635,1498529870,山西省长治市武乡县蟠龙镇蟠龙村小曲滩路1号,31B0,144041301,长治,客服,AC00351,16365.0,山西,83440.0,2020-08-15
山西中条山新型建材有限责任公司,600304270,17016714,山西省临汾市曲沃县里村镇石滩村水泥厂路北侧,31B0,144061501,临汾,客服,AC01101,20000.0,山西,56100.0,2020-08-16
武乡山水水泥有限责任公司,418711635,1498529870,山西省长治市武乡县蟠龙镇蟠龙村小曲滩路1号,31B0,144041301,长治,客服,AC00351,16365.0,山西,78960.0,2020-08-16
大同煤矿集团建材有限责任公司,1000414100,28949149,山西省朔州市怀仁县何家堡乡悟道村何家堡路,31B0,144100101,朔州,客服,AC01101,40000.0,山西,423060.0,2020-08-16
大同煤矿集团建材有限责任公司,1000414100,28949149,山西省朔州市怀仁县何家堡乡悟道村何家堡路,31B0,144100101,朔州,客服,AC01101,40000.0,山西,572880.0,2020-08-17
山西中条山新型建材有限责任公司,600304270,17016714,山西省临汾市曲沃县里村镇石滩村水泥厂路北侧,31B0,144061501,临汾,客服,AC01101,20000.0,山西,62700.0,2020-08-17
武乡山水水泥有限责任公司,418711635,1498529870,山西省长治市武乡县蟠龙镇蟠龙村小曲滩路1号,31B0,144041301,长治,客服,AC00351,16365.0,山西,93240.0,2020-08-17
武乡山水水泥有限责任公司,418711635,1498529870,山西省长治市武乡县蟠龙镇蟠龙村小曲滩路1号,31B0,144041301,长治,客服,AC00351,16365.0,山西,83440.0,2020-08-18
大同煤矿集团建材有限责任公司,1000414100,28949149,山西省朔州市怀仁县何家堡乡悟道村何家堡路,31B0,144100101,朔州,客服,AC01101,40000.0,山西,541200.0,2020-08-18
山西中条山新型建材有限责任公司,600304270,17016714,山西省临汾市曲沃县里村镇石滩村水泥厂路北侧,31B0,144061501,临汾,客服,AC01101,20000.0,山西,114840.0,2020-08-18
武乡山水水泥有限责任公司,418711635,1498529870,山西省长治市武乡县蟠龙镇蟠龙村小曲滩路1号,31B0,144041301,长治,客服,AC00351,16365.0,山西,84000.0,2020-08-19
大同煤矿集团建材有限责任公司,1000414100,28949149,山西省朔州市怀仁县何家堡乡悟道村何家堡路,31B0,144100101,朔州,客服,AC01101,40000.0,山西,516780.0,2020-08-19
山西中条山新型建材有限责任公司,600304270,17016714,山西省临汾市曲沃县里村镇石滩村水泥厂路北侧,31B0,144061501,临汾,客服,AC01101,20000.0,山西,77220.0,2020-08-19
武乡山水水泥有限责任公司,418711635,1498529870,山西省长治市武乡县蟠龙镇蟠龙村小曲滩路1号,31B0,144041301,长治,客服,AC00351,16365.0,山西,89600.0,2020-08-20
大同煤矿集团建材有限责任公司,1000414100,28949149,山西省朔州市怀仁县何家堡乡悟道村何家堡路,31B0,144100101,朔州,客服,AC01101,40000.0,山西,495000.0,2020-08-20
山西中条山新型建材有限责任公司,600304270,17016714,山西省临汾市曲沃县里村镇石滩村水泥厂路北侧,31B0,144061501,临汾,客服,AC01101,20000.0,山西,81840.0,2020-08-20
大同煤矿集团建材有限责任公司,1000414100,28949149,山西省朔州市怀仁县何家堡乡悟道村何家堡路,31B0,144100101,朔州,客服,AC01101,40000.0,山西,427020.0,2020-08-21
武乡山水水泥有限责任公司,418711635,1498529870,山西省长治市武乡县蟠龙镇蟠龙村小曲滩路1号,31B0,144041301,长治,客服,AC00351,16365.0,山西,77840.0,2020-08-21
山西中条山新型建材有限责任公司,600304270,17016714,山西省临汾市曲沃县里村镇石滩村水泥厂路北侧,31B0,144061501,临汾,客服,AC01101,20000.0,山西,76560.0,2020-08-21
山西中条山新型建材有限责任公司,600304270,17016714,山西省临汾市曲沃县里村镇石滩村水泥厂路北侧,31B0,144061501,临汾,客服,AC01101,20000.0,山西,83820.0,2020-08-22
武乡山水水泥有限责任公司,418711635,1498529870,山西省长治市武乡县蟠龙镇蟠龙村小曲滩路1号,31B0,144041301,长治,客服,AC00351,16365.0,山西,94360.0,2020-08-22
大同煤矿集团建材有限责任公司,1000414100,28949149,山西省朔州市怀仁县何家堡乡悟道村何家堡路,31B0,144100101,朔州,客服,AC01101,40000.0,山西,415140.0,2020-08-22
大同煤矿集团建材有限责任公司,1000414100,28949149,山西省朔州市怀仁县何家堡乡悟道村何家堡路,31B0,144100101,朔州,客服,AC01101,40000.0,山西,477180.0,2020-08-23
武乡山水水泥有限责任公司,418711635,1498529870,山西省长治市武乡县蟠龙镇蟠龙村小曲滩路1号,31B0,144041301,长治,客服,AC00351,16365.0,山西,91840.0,2020-08-23
山西中条山新型建材有限责任公司,600304270,17016714,山西省临汾市曲沃县里村镇石滩村水泥厂路北侧,31B0,144061501,临汾,客服,AC01101,20000.0,山西,77880.0,2020-08-23
大同煤矿集团建材有限责任公司,1000414100,28949149,山西省朔州市怀仁县何家堡乡悟道村何家堡路,31B0,144100101,朔州,客服,AC01101,40000.0,山西,366960.0,2020-08-24
武乡山水水泥有限责任公司,418711635,1498529870,山西省长治市武乡县蟠龙镇蟠龙村小曲滩路1号,31B0,144041301,长治,客服,AC00351,16365.0,山西,97160.0,2020-08-24
山西中条山新型建材有限责任公司,600304270,17016714,山西省临汾市曲沃县里村镇石滩村水泥厂路北侧,31B0,144061501,临汾,客服,AC01101,20000.0,山西,50820.0,2020-08-24
山西中条山新型建材有限责任公司,600304270,17016714,山西省临汾市曲沃县里村镇石滩村水泥厂路北侧,31B0,144061501,临汾,客服,AC01101,20000.0,山西,81840.0,2020-08-25
大同煤矿集团建材有限责任公司,1000414100,28949149,山西省朔州市怀仁县何家堡乡悟道村何家堡路,31B0,144100101,朔州,客服,AC01101,40000.0,山西,560340.0,2020-08-25
武乡山水水泥有限责任公司,418711635,1498529870,山西省长治市武乡县蟠龙镇蟠龙村小曲滩路1号,31B0,144041301,长治,客服,AC00351,16365.0,山西,79520.0,2020-08-25
武乡山水水泥有限责任公司,418711635,1498529870,山西省长治市武乡县蟠龙镇蟠龙村小曲滩路1号,31B0,144041301,长治,客服,AC00351,16365.0,山西,89040.0,2020-08-26
山西中条山新型建材有限责任公司,600304270,17016714,山西省临汾市曲沃县里村镇石滩村水泥厂路北侧,31B0,144061501,临汾,客服,AC01101,20000.0,山西,66000.0,2020-08-26
大同煤矿集团建材有限责任公司,1000414100,28949149,山西省朔州市怀仁县何家堡乡悟道村何家堡路,31B0,144100101,朔州,客服,AC01101,40000.0,山西,533940.0,2020-08-26
大同煤矿集团建材有限责任公司,1000414100,28949149,山西省朔州市怀仁县何家堡乡悟道村何家堡路,31B0,144100101,朔州,客服,AC01101,40000.0,山西,329340.0,2020-08-27
山西中条山新型建材有限责任公司,600304270,17016714,山西省临汾市曲沃县里村镇石滩村水泥厂路北侧,31B0,144061501,临汾,客服,AC01101,20000.0,山西,167640.0,2020-08-27
武乡山水水泥有限责任公司,418711635,1498529870,山西省长治市武乡县蟠龙镇蟠龙村小曲滩路1号,31B0,144041301,长治,客服,AC00351,16365.0,山西,84840.0,2020-08-27
武乡山水水泥有限责任公司,418711635,1498529870,山西省长治市武乡县蟠龙镇蟠龙村小曲滩路1号,31B0,144041301,长治,客服,AC00351,16365.0,山西,77840.0,2020-08-28
山西中条山新型建材有限责任公司,600304270,17016714,山西省临汾市曲沃县里村镇石滩村水泥厂路北侧,31B0,144061501,临汾,客服,AC01101,20000.0,山西,263340.0,2020-08-28
大同煤矿集团建材有限责任公司,1000414100,28949149,山西省朔州市怀仁县何家堡乡悟道村何家堡路,31B0,144100101,朔州,客服,AC01101,40000.0,山西,265320.0,2020-08-28
武乡山水水泥有限责任公司,418711635,1498529870,山西省长治市武乡县蟠龙镇蟠龙村小曲滩路1号,31B0,144041301,长治,客服,AC00351,16365.0,山西,77560.0,2020-08-29
大同煤矿集团建材有限责任公司,1000414100,28949149,山西省朔州市怀仁县何家堡乡悟道村何家堡路,31B0,144100101,朔州,客服,AC01101,40000.0,山西,598620.0,2020-08-29
山西中条山新型建材有限责任公司,600304270,17016714,山西省临汾市曲沃县里村镇石滩村水泥厂路北侧,31B0,144061501,临汾,客服,AC01101,20000.0,山西,289740.0,2020-08-29
武乡山水水泥有限责任公司,418711635,1498529870,山西省长治市武乡县蟠龙镇蟠龙村小曲滩路1号,31B0,144041301,长治,客服,AC00351,16365.0,山西,81760.0,2020-08-30
大同煤矿集团建材有限责任公司,1000414100,28949149,山西省朔州市怀仁县何家堡乡悟道村何家堡路,31B0,144100101,朔州,客服,AC01101,40000.0,山西,661320.0,2020-08-30
山西中条山新型建材有限责任公司,600304270,17016714,山西省临汾市曲沃县里村镇石滩村水泥厂路北侧,31B0,144061501,临汾,客服,AC01101,20000.0,山西,210540.0,2020-08-30
武乡山水水泥有限责任公司,418711635,1498529870,山西省长治市武乡县蟠龙镇蟠龙村小曲滩路1号,31B0,144041301,长治,客服,AC00351,16365.0,山西,74760.0,2020-08-31
山西中条山新型建材有限责任公司,600304270,17016714,山西省临汾市曲沃县里村镇石滩村水泥厂路北侧,31B0,144061501,临汾,客服,AC01101,20000.0,山西,231660.0,2020-08-31
大同煤矿集团建材有限责任公司,1000414100,28949149,山西省朔州市怀仁县何家堡乡悟道村何家堡路,31B0,144100101,朔州,客服,AC01101,40000.0,山西,354420.0,2020-08-31
山西中条山新型建材有限责任公司,600304270,17016714,山西省临汾市曲沃县里村镇石滩村水泥厂路北侧,31B0,144061501,临汾,客服,AC01101,20000.0,山西,267300.0,2020-09-01
大同煤矿集团建材有限责任公司,1000414100,28949149,山西省朔州市怀仁县何家堡乡悟道村何家堡路,31B0,144100101,朔州,客服,AC01101,40000.0,山西,181500.0,2020-09-01
武乡山水水泥有限责任公司,418711635,1498529870,山西省长治市武乡县蟠龙镇蟠龙村小曲滩路1号,31B0,144041301,长治,客服,AC00351,16365.0,山西,77280.0,2020-09-01
武乡山水水泥有限责任公司,418711635,1498529870,山西省长治市武乡县蟠龙镇蟠龙村小曲滩路1号,31B0,144041301,长治,客服,AC00351,16365.0,山西,82880.0,2020-09-02
山西中条山新型建材有限责任公司,600304270,17016714,山西省临汾市曲沃县里村镇石滩村水泥厂路北侧,31B0,144061501,临汾,客服,AC01101,20000.0,山西,291060.0,2020-09-02
大同煤矿集团建材有限责任公司,1000414100,28949149,山西省朔州市怀仁县何家堡乡悟道村何家堡路,31B0,144100101,朔州,客服,AC01101,40000.0,山西,120120.0,2020-09-02
山西中条山新型建材有限责任公司,600304270,17016714,山西省临汾市曲沃县里村镇石滩村水泥厂路北侧,31B0,144061501,临汾,客服,AC01101,20000.0,山西,283800.0,2020-09-03
武乡山水水泥有限责任公司,418711635,1498529870,山西省长治市武乡县蟠龙镇蟠龙村小曲滩路1号,31B0,144041301,长治,客服,AC00351,16365.0,山西,74760.0,2020-09-03
大同煤矿集团建材有限责任公司,1000414100,28949149,山西省朔州市怀仁县何家堡乡悟道村何家堡路,31B0,144100101,朔州,客服,AC01101,40000.0,山西,84480.0,2020-09-03
山西中条山新型建材有限责任公司,600304270,17016714,山西省临汾市曲沃县里村镇石滩村水泥厂路北侧,31B0,144061501,临汾,客服,AC01101,20000.0,山西,268620.0,2020-09-04
武乡山水水泥有限责任公司,418711635,1498529870,山西省长治市武乡县蟠龙镇蟠龙村小曲滩路1号,31B0,144041301,长治,客服,AC00351,16365.0,山西,71120.0,2020-09-04
大同煤矿集团建材有限责任公司,1000414100,28949149,山西省朔州市怀仁县何家堡乡悟道村何家堡路,31B0,144100101,朔州,客服,AC01101,40000.0,山西,157080.0,2020-09-04
大同煤矿集团建材有限责任公司,1000414100,28949149,山西省朔州市怀仁县何家堡乡悟道村何家堡路,31B0,144100101,朔州,客服,AC01101,40000.0,山西,181500.0,2020-09-05
山西中条山新型建材有限责任公司,600304270,17016714,山西省临汾市曲沃县里村镇石滩村水泥厂路北侧,31B0,144061501,临汾,客服,AC01101,20000.0,山西,310860.0,2020-09-05
武乡山水水泥有限责任公司,418711635,1498529870,山西省长治市武乡县蟠龙镇蟠龙村小曲滩路1号,31B0,144041301,长治,客服,AC00351,16365.0,山西,80360.0,2020-09-05
大同煤矿集团建材有限责任公司,1000414100,28949149,山西省朔州市怀仁县何家堡乡悟道村何家堡路,31B0,144100101,朔州,客服,AC01101,40000.0,山西,469260.0,2020-09-06
武乡山水水泥有限责任公司,418711635,1498529870,山西省长治市武乡县蟠龙镇蟠龙村小曲滩路1号,31B0,144041301,长治,客服,AC00351,16365.0,山西,75320.0,2020-09-06
山西中条山新型建材有限责任公司,600304270,17016714,山西省临汾市曲沃县里村镇石滩村水泥厂路北侧,31B0,144061501,临汾,客服,AC01101,20000.0,山西,273240.0,2020-09-06
山西中条山新型建材有限责任公司,600304270,17016714,山西省临汾市曲沃县里村镇石滩村水泥厂路北侧,31B0,144061501,临汾,客服,AC01101,20000.0,山西,300300.0,2020-09-07
武乡山水水泥有限责任公司,418711635,1498529870,山西省长治市武乡县蟠龙镇蟠龙村小曲滩路1号,31B0,144041301,长治,客服,AC00351,16365.0,山西,85120.0,2020-09-07
大同煤矿集团建材有限责任公司,1000414100,28949149,山西省朔州市怀仁县何家堡乡悟道村何家堡路,31B0,144100101,朔州,客服,AC01101,40000.0,山西,607200.0,2020-09-07
武乡山水水泥有限责任公司,418711635,1498529870,山西省长治市武乡县蟠龙镇蟠龙村小曲滩路1号,31B0,144041301,长治,客服,AC00351,16365.0,山西,91000.0,2020-09-08
山西中条山新型建材有限责任公司,600304270,17016714,山西省临汾市曲沃县里村镇石滩村水泥厂路北侧,31B0,144061501,临汾,客服,AC01101,20000.0,山西,245520.0,2020-09-08
大同煤矿集团建材有限责任公司,1000414100,28949149,山西省朔州市怀仁县何家堡乡悟道村何家堡路,31B0,144100101,朔州,客服,AC01101,40000.0,山西,654060.0,2020-09-08
大同煤矿集团建材有限责任公司,1000414100,28949149,山西省朔州市怀仁县何家堡乡悟道村何家堡路,31B0,144100101,朔州,客服,AC01101,40000.0,山西,541200.0,2020-09-09
山西中条山新型建材有限责任公司,600304270,17016714,山西省临汾市曲沃县里村镇石滩村水泥厂路北侧,31B0,144061501,临汾,客服,AC01101,20000.0,山西,234300.0,2020-09-09
武乡山水水泥有限责任公司,418711635,1498529870,山西省长治市武乡县蟠龙镇蟠龙村小曲滩路1号,31B0,144041301,长治,客服,AC00351,16365.0,山西,81760.0,2020-09-09
山西中条山新型建材有限责任公司,600304270,17016714,山西省临汾市曲沃县里村镇石滩村水泥厂路北侧,31B0,144061501,临汾,客服,AC01101,20000.0,山西,240900.0,2020-09-10
大同煤矿集团建材有限责任公司,1000414100,28949149,山西省朔州市怀仁县何家堡乡悟道村何家堡路,31B0,144100101,朔州,客服,AC01101,40000.0,山西,629640.0,2020-09-10
武乡山水水泥有限责任公司,418711635,1498529870,山西省长治市武乡县蟠龙镇蟠龙村小曲滩路1号,31B0,144041301,长治,客服,AC00351,16365.0,山西,91280.0,2020-09-10
武乡山水水泥有限责任公司,418711635,1498529870,山西省长治市武乡县蟠龙镇蟠龙村小曲滩路1号,31B0,144041301,长治,客服,AC00351,16365.0,山西,88760.0,2020-09-11
山西中条山新型建材有限责任公司,600304270,17016714,山西省临汾市曲沃县里村镇石滩村水泥厂路北侧,31B0,144061501,临汾,客服,AC01101,20000.0,山西,267300.0,2020-09-11
大同煤矿集团建材有限责任公司,1000414100,28949149,山西省朔州市怀仁县何家堡乡悟道村何家堡路,31B0,144100101,朔州,客服,AC01101,40000.0,山西,562980.0,2020-09-11
山西中条山新型建材有限责任公司,600304270,17016714,山西省临汾市曲沃县里村镇石滩村水泥厂路北侧,31B0,144061501,临汾,客服,AC01101,20000.0,山西,273240.0,2020-09-12
武乡山水水泥有限责任公司,418711635,1498529870,山西省长治市武乡县蟠龙镇蟠龙村小曲滩路1号,31B0,144041301,长治,客服,AC00351,16365.0,山西,82320.0,2020-09-12
大同煤矿集团建材有限责任公司,1000414100,28949149,山西省朔州市怀仁县何家堡乡悟道村何家堡路,31B0,144100101,朔州,客服,AC01101,40000.0,山西,461340.0,2020-09-12
武乡山水水泥有限责任公司,418711635,1498529870,山西省长治市武乡县蟠龙镇蟠龙村小曲滩路1号,31B0,144041301,长治,客服,AC00351,16365.0,山西,78960.0,2020-09-13
大同煤矿集团建材有限责任公司,1000414100,28949149,山西省朔州市怀仁县何家堡乡悟道村何家堡路,31B0,144100101,朔州,客服,AC01101,40000.0,山西,566940.0,2020-09-13
山西中条山新型建材有限责任公司,600304270,17016714,山西省临汾市曲沃县里村镇石滩村水泥厂路北侧,31B0,144061501,临汾,客服,AC01101,20000.0,山西,229680.0,2020-09-13
武乡山水水泥有限责任公司,418711635,1498529870,山西省长治市武乡县蟠龙镇蟠龙村小曲滩路1号,31B0,144041301,长治,客服,AC00351,16365.0,山西,84560.0,2020-09-14
大同煤矿集团建材有限责任公司,1000414100,28949149,山西省朔州市怀仁县何家堡乡悟道村何家堡路,31B0,144100101,朔州,客服,AC01101,40000.0,山西,529320.0,2020-09-14
山西中条山新型建材有限责任公司,600304270,17016714,山西省临汾市曲沃县里村镇石滩村水泥厂路北侧,31B0,144061501,临汾,客服,AC01101,20000.0,山西,238260.0,2020-09-14
山西中条山新型建材有限责任公司,600304270,17016714,山西省临汾市曲沃县里村镇石滩村水泥厂路北侧,31B0,144061501,临汾,客服,AC01101,20000.0,山西,258720.0,2020-09-15
武乡山水水泥有限责任公司,418711635,1498529870,山西省长治市武乡县蟠龙镇蟠龙村小曲滩路1号,31B0,144041301,长治,客服,AC00351,16365.0,山西,9240.0,2020-09-15
大同煤矿集团建材有限责任公司,1000414100,28949149,山西省朔州市怀仁县何家堡乡悟道村何家堡路,31B0,144100101,朔州,客服,AC01101,40000.0,山西,508200.0,2020-09-15
武乡山水水泥有限责任公司,418711635,1498529870,山西省长治市武乡县蟠龙镇蟠龙村小曲滩路1号,31B0,144041301,长治,客服,AC00351,16365.0,山西,1120.0,2020-09-16
山西中条山新型建材有限责任公司,600304270,17016714,山西省临汾市曲沃县里村镇石滩村水泥厂路北侧,31B0,144061501,临汾,客服,AC01101,20000.0,山西,227040.0,2020-09-16
大同煤矿集团建材有限责任公司,1000414100,28949149,山西省朔州市怀仁县何家堡乡悟道村何家堡路,31B0,144100101,朔州,客服,AC01101,40000.0,山西,446160.0,2020-09-16
武乡山水水泥有限责任公司,418711635,1498529870,山西省长治市武乡县蟠龙镇蟠龙村小曲滩路1号,31B0,144041301,长治,客服,AC00351,16365.0,山西,0.0,2020-09-17
山西中条山新型建材有限责任公司,600304270,17016714,山西省临汾市曲沃县里村镇石滩村水泥厂路北侧,31B0,144061501,临汾,客服,AC01101,20000.0,山西,190080.0,2020-09-17
大同煤矿集团建材有限责任公司,1000414100,28949149,山西省朔州市怀仁县何家堡乡悟道村何家堡路,31B0,144100101,朔州,客服,AC01101,40000.0,山西,471900.0,2020-09-17
武乡山水水泥有限责任公司,418711635,1498529870,山西省长治市武乡县蟠龙镇蟠龙村小曲滩路1号,31B0,144041301,长治,客服,AC00351,16365.0,山西,280.0,2020-09-18
大同煤矿集团建材有限责任公司,1000414100,28949149,山西省朔州市怀仁县何家堡乡悟道村何家堡路,31B0,144100101,朔州,客服,AC01101,40000.0,山西,524040.0,2020-09-18
山西中条山新型建材有限责任公司,600304270,17016714,山西省临汾市曲沃县里村镇石滩村水泥厂路北侧,31B0,144061501,临汾,客服,AC01101,20000.0,山西,324720.0,2020-09-18
武乡山水水泥有限责任公司,418711635,1498529870,山西省长治市武乡县蟠龙镇蟠龙村小曲滩路1号,31B0,144041301,长治,客服,AC00351,16365.0,山西,4200.0,2020-09-19
大同煤矿集团建材有限责任公司,1000414100,28949149,山西省朔州市怀仁县何家堡乡悟道村何家堡路,31B0,144100101,朔州,客服,AC01101,40000.0,山西,411840.0,2020-09-19
山西中条山新型建材有限责任公司,600304270,17016714,山西省临汾市曲沃县里村镇石滩村水泥厂路北侧,31B0,144061501,临汾,客服,AC01101,20000.0,山西,314820.0,2020-09-19
大同煤矿集团建材有限责任公司,1000414100,28949149,山西省朔州市怀仁县何家堡乡悟道村何家堡路,31B0,144100101,朔州,客服,AC01101,40000.0,山西,547140.0,2020-09-20
武乡山水水泥有限责任公司,418711635,1498529870,山西省长治市武乡县蟠龙镇蟠龙村小曲滩路1号,31B0,144041301,长治,客服,AC00351,16365.0,山西,4760.0,2020-09-20
山西中条山新型建材有限责任公司,600304270,17016714,山西省临汾市曲沃县里村镇石滩村水泥厂路北侧,31B0,144061501,临汾,客服,AC01101,20000.0,山西,316800.0,2020-09-20
大同煤矿集团建材有限责任公司,1000414100,28949149,山西省朔州市怀仁县何家堡乡悟道村何家堡路,31B0,144100101,朔州,客服,AC01101,40000.0,山西,539880.0,2020-09-21
武乡山水水泥有限责任公司,418711635,1498529870,山西省长治市武乡县蟠龙镇蟠龙村小曲滩路1号,31B0,144041301,长治,客服,AC00351,16365.0,山西,5880.0,2020-09-21
山西中条山新型建材有限责任公司,600304270,17016714,山西省临汾市曲沃县里村镇石滩村水泥厂路北侧,31B0,144061501,临汾,客服,AC01101,20000.0,山西,249480.0,2020-09-21
武乡山水水泥有限责任公司,418711635,1498529870,山西省长治市武乡县蟠龙镇蟠龙村小曲滩路1号,31B0,144041301,长治,客服,AC00351,16365.0,山西,33600.0,2020-09-22
大同煤矿集团建材有限责任公司,1000414100,28949149,山西省朔州市怀仁县何家堡乡悟道村何家堡路,31B0,144100101,朔州,客服,AC01101,40000.0,山西,674520.0,2020-09-22
山西中条山新型建材有限责任公司,600304270,17016714,山西省临汾市曲沃县里村镇石滩村水泥厂路北侧,31B0,144061501,临汾,客服,AC01101,20000.0,山西,244200.0,2020-09-22
武乡山水水泥有限责任公司,418711635,1498529870,山西省长治市武乡县蟠龙镇蟠龙村小曲滩路1号,31B0,144041301,长治,客服,AC00351,16365.0,山西,83720.0,2020-09-23
大同煤矿集团建材有限责任公司,1000414100,28949149,山西省朔州市怀仁县何家堡乡悟道村何家堡路,31B0,144100101,朔州,客服,AC01101,40000.0,山西,559680.0,2020-09-23
山西中条山新型建材有限责任公司,600304270,17016714,山西省临汾市曲沃县里村镇石滩村水泥厂路北侧,31B0,144061501,临汾,客服,AC01101,20000.0,山西,281820.0,2020-09-23
大同煤矿集团建材有限责任公司,1000414100,28949149,山西省朔州市怀仁县何家堡乡悟道村何家堡路,31B0,144100101,朔州,客服,AC01101,40000.0,山西,671220.0,2020-09-24
山西中条山新型建材有限责任公司,600304270,17016714,山西省临汾市曲沃县里村镇石滩村水泥厂路北侧,31B0,144061501,临汾,客服,AC01101,20000.0,山西,316140.0,2020-09-24
武乡山水水泥有限责任公司,418711635,1498529870,山西省长治市武乡县蟠龙镇蟠龙村小曲滩路1号,31B0,144041301,长治,客服,AC00351,16365.0,山西,72240.0,2020-09-24
武乡山水水泥有限责任公司,418711635,1498529870,山西省长治市武乡县蟠龙镇蟠龙村小曲滩路1号,31B0,144041301,长治,客服,AC00351,16365.0,山西,80080.0,2020-09-25
山西中条山新型建材有限责任公司,600304270,17016714,山西省临汾市曲沃县里村镇石滩村水泥厂路北侧,31B0,144061501,临汾,客服,AC01101,20000.0,山西,261360.0,2020-09-25
大同煤矿集团建材有限责任公司,1000414100,28949149,山西省朔州市怀仁县何家堡乡悟道村何家堡路,31B0,144100101,朔州,客服,AC01101,40000.0,山西,562980.0,2020-09-25
大同煤矿集团建材有限责任公司,1000414100,28949149,山西省朔州市怀仁县何家堡乡悟道村何家堡路,31B0,144100101,朔州,客服,AC01101,40000.0,山西,648120.0,2020-09-26
武乡山水水泥有限责任公司,418711635,1498529870,山西省长治市武乡县蟠龙镇蟠龙村小曲滩路1号,31B0,144041301,长治,客服,AC00351,16365.0,山西,7840.0,2020-09-26
山西中条山新型建材有限责任公司,600304270,17016714,山西省临汾市曲沃县里村镇石滩村水泥厂路北侧,31B0,144061501,临汾,客服,AC01101,20000.0,山西,208560.0,2020-09-26
山西中条山新型建材有限责任公司,600304270,17016714,山西省临汾市曲沃县里村镇石滩村水泥厂路北侧,31B0,144061501,临汾,客服,AC01101,20000.0,山西,201300.0,2020-09-27
武乡山水水泥有限责任公司,418711635,1498529870,山西省长治市武乡县蟠龙镇蟠龙村小曲滩路1号,31B0,144041301,长治,客服,AC00351,16365.0,山西,4200.0,2020-09-27
大同煤矿集团建材有限责任公司,1000414100,28949149,山西省朔州市怀仁县何家堡乡悟道村何家堡路,31B0,144100101,朔州,客服,AC01101,40000.0,山西,556380.0,2020-09-27
山西中条山新型建材有限责任公司,600304270,17016714,山西省临汾市曲沃县里村镇石滩村水泥厂路北侧,31B0,144061501,临汾,客服,AC01101,20000.0,山西,259380.0,2020-09-28
大同煤矿集团建材有限责任公司,1000414100,28949149,山西省朔州市怀仁县何家堡乡悟道村何家堡路,31B0,144100101,朔州,客服,AC01101,40000.0,山西,663960.0,2020-09-28
武乡山水水泥有限责任公司,418711635,1498529870,山西省长治市武乡县蟠龙镇蟠龙村小曲滩路1号,31B0,144041301,长治,客服,AC00351,16365.0,山西,4480.0,2020-09-28
武乡山水水泥有限责任公司,418711635,1498529870,山西省长治市武乡县蟠龙镇蟠龙村小曲滩路1号,31B0,144041301,长治,客服,AC00351,16365.0,山西,21000.0,2020-09-29
山西中条山新型建材有限责任公司,600304270,17016714,山西省临汾市曲沃县里村镇石滩村水泥厂路北侧,31B0,144061501,临汾,客服,AC01101,20000.0,山西,215820.0,2020-09-29
大同煤矿集团建材有限责任公司,1000414100,28949149,山西省朔州市怀仁县何家堡乡悟道村何家堡路,31B0,144100101,朔州,客服,AC01101,40000.0,山西,435600.0,2020-09-29
武乡山水水泥有限责任公司,418711635,1498529870,山西省长治市武乡县蟠龙镇蟠龙村小曲滩路1号,31B0,144041301,长治,客服,AC00351,16365.0,山西,77560.0,2020-09-30
山西中条山新型建材有限责任公司,600304270,17016714,山西省临汾市曲沃县里村镇石滩村水泥厂路北侧,31B0,144061501,临汾,客服,AC01101,20000.0,山西,273240.0,2020-09-30
大同煤矿集团建材有限责任公司,1000414100,28949149,山西省朔州市怀仁县何家堡乡悟道村何家堡路,31B0,144100101,朔州,客服,AC01101,40000.0,山西,639540.0,2020-09-30
武乡山水水泥有限责任公司,418711635,1498529870,山西省长治市武乡县蟠龙镇蟠龙村小曲滩路1号,31B0,144041301,长治,客服,AC00351,16365.0,山西,82040.0,2020-10-01
大同煤矿集团建材有限责任公司,1000414100,28949149,山西省朔州市怀仁县何家堡乡悟道村何家堡路,31B0,144100101,朔州,客服,AC01101,40000.0,山西,438900.0,2020-10-01
山西中条山新型建材有限责任公司,600304270,17016714,山西省临汾市曲沃县里村镇石滩村水泥厂路北侧,31B0,144061501,临汾,客服,AC01101,20000.0,山西,276540.0,2020-10-01
武乡山水水泥有限责任公司,418711635,1498529870,山西省长治市武乡县蟠龙镇蟠龙村小曲滩路1号,31B0,144041301,长治,客服,AC00351,16365.0,山西,86520.0,2020-10-02
大同煤矿集团建材有限责任公司,1000414100,28949149,山西省朔州市怀仁县何家堡乡悟道村何家堡路,31B0,144100101,朔州,客服,AC01101,40000.0,山西,383460.0,2020-10-02
山西中条山新型建材有限责任公司,600304270,17016714,山西省临汾市曲沃县里村镇石滩村水泥厂路北侧,31B0,144061501,临汾,客服,AC01101,20000.0,山西,286440.0,2020-10-02
武乡山水水泥有限责任公司,418711635,1498529870,山西省长治市武乡县蟠龙镇蟠龙村小曲滩路1号,31B0,144041301,长治,客服,AC00351,16365.0,山西,96600.0,2020-10-03
大同煤矿集团建材有限责任公司,1000414100,28949149,山西省朔州市怀仁县何家堡乡悟道村何家堡路,31B0,144100101,朔州,客服,AC01101,40000.0,山西,442860.0,2020-10-03
山西中条山新型建材有限责任公司,600304270,17016714,山西省临汾市曲沃县里村镇石滩村水泥厂路北侧,31B0,144061501,临汾,客服,AC01101,20000.0,山西,248160.0,2020-10-03
山西中条山新型建材有限责任公司,600304270,17016714,山西省临汾市曲沃县里村镇石滩村水泥厂路北侧,31B0,144061501,临汾,客服,AC01101,20000.0,山西,221100.0,2020-10-04
大同煤矿集团建材有限责任公司,1000414100,28949149,山西省朔州市怀仁县何家堡乡悟道村何家堡路,31B0,144100101,朔州,客服,AC01101,40000.0,山西,603240.0,2020-10-04
武乡山水水泥有限责任公司,418711635,1498529870,山西省长治市武乡县蟠龙镇蟠龙村小曲滩路1号,31B0,144041301,长治,客服,AC00351,16365.0,山西,47320.0,2020-10-04
大同煤矿集团建材有限责任公司,1000414100,28949149,山西省朔州市怀仁县何家堡乡悟道村何家堡路,31B0,144100101,朔州,客服,AC01101,40000.0,山西,623040.0,2020-10-05
武乡山水水泥有限责任公司,418711635,1498529870,山西省长治市武乡县蟠龙镇蟠龙村小曲滩路1号,31B0,144041301,长治,客服,AC00351,16365.0,山西,66080.0,2020-10-05
山西中条山新型建材有限责任公司,600304270,17016714,山西省临汾市曲沃县里村镇石滩村水泥厂路北侧,31B0,144061501,临汾,客服,AC01101,20000.0,山西,281160.0,2020-10-05
山西中条山新型建材有限责任公司,600304270,17016714,山西省临汾市曲沃县里村镇石滩村水泥厂路北侧,31B0,144061501,临汾,客服,AC01101,20000.0,山西,291720.0,2020-10-06
武乡山水水泥有限责任公司,418711635,1498529870,山西省长治市武乡县蟠龙镇蟠龙村小曲滩路1号,31B0,144041301,长治,客服,AC00351,16365.0,山西,111440.0,2020-10-06
大同煤矿集团建材有限责任公司,1000414100,28949149,山西省朔州市怀仁县何家堡乡悟道村何家堡路,31B0,144100101,朔州,客服,AC01101,40000.0,山西,592680.0,2020-10-06
山西中条山新型建材有限责任公司,600304270,17016714,山西省临汾市曲沃县里村镇石滩村水泥厂路北侧,31B0,144061501,临汾,客服,AC01101,20000.0,山西,286440.0,2020-10-07
大同煤矿集团建材有限责任公司,1000414100,28949149,山西省朔州市怀仁县何家堡乡悟道村何家堡路,31B0,144100101,朔州,客服,AC01101,40000.0,山西,421080.0,2020-10-07
武乡山水水泥有限责任公司,418711635,1498529870,山西省长治市武乡县蟠龙镇蟠龙村小曲滩路1号,31B0,144041301,长治,客服,AC00351,16365.0,山西,98000.0,2020-10-07
大同煤矿集团建材有限责任公司,1000414100,28949149,山西省朔州市怀仁县何家堡乡悟道村何家堡路,31B0,144100101,朔州,客服,AC01101,40000.0,山西,671220.0,2020-10-08
武乡山水水泥有限责任公司,418711635,1498529870,山西省长治市武乡县蟠龙镇蟠龙村小曲滩路1号,31B0,144041301,长治,客服,AC00351,16365.0,山西,94920.0,2020-10-08
山西中条山新型建材有限责任公司,600304270,17016714,山西省临汾市曲沃县里村镇石滩村水泥厂路北侧,31B0,144061501,临汾,客服,AC01101,20000.0,山西,203940.0,2020-10-08
山西中条山新型建材有限责任公司,600304270,17016714,山西省临汾市曲沃县里村镇石滩村水泥厂路北侧,31B0,144061501,临汾,客服,AC01101,20000.0,山西,217800.0,2020-10-09
武乡山水水泥有限责任公司,418711635,1498529870,山西省长治市武乡县蟠龙镇蟠龙村小曲滩路1号,31B0,144041301,长治,客服,AC00351,16365.0,山西,93520.0,2020-10-09
大同煤矿集团建材有限责任公司,1000414100,28949149,山西省朔州市怀仁县何家堡乡悟道村何家堡路,31B0,144100101,朔州,客服,AC01101,40000.0,山西,542520.0,2020-10-09
武乡山水水泥有限责任公司,418711635,1498529870,山西省长治市武乡县蟠龙镇蟠龙村小曲滩路1号,31B0,144041301,长治,客服,AC00351,16365.0,山西,104440.0,2020-10-10
大同煤矿集团建材有限责任公司,1000414100,28949149,山西省朔州市怀仁县何家堡乡悟道村何家堡路,31B0,144100101,朔州,客服,AC01101,40000.0,山西,637560.0,2020-10-10
山西中条山新型建材有限责任公司,600304270,17016714,山西省临汾市曲沃县里村镇石滩村水泥厂路北侧,31B0,144061501,临汾,客服,AC01101,20000.0,山西,40920.0,2020-10-10
山西中条山新型建材有限责任公司,600304270,17016714,山西省临汾市曲沃县里村镇石滩村水泥厂路北侧,31B0,144061501,临汾,客服,AC01101,20000.0,山西,27720.0,2020-10-11
大同煤矿集团建材有限责任公司,1000414100,28949149,山西省朔州市怀仁县何家堡乡悟道村何家堡路,31B0,144100101,朔州,客服,AC01101,40000.0,山西,585420.0,2020-10-11
武乡山水水泥有限责任公司,418711635,1498529870,山西省长治市武乡县蟠龙镇蟠龙村小曲滩路1号,31B0,144041301,长治,客服,AC00351,16365.0,山西,110600.0,2020-10-11
山西中条山新型建材有限责任公司,600304270,17016714,山西省临汾市曲沃县里村镇石滩村水泥厂路北侧,31B0,144061501,临汾,客服,AC01101,20000.0,山西,31020.0,2020-10-12
武乡山水水泥有限责任公司,418711635,1498529870,山西省长治市武乡县蟠龙镇蟠龙村小曲滩路1号,31B0,144041301,长治,客服,AC00351,16365.0,山西,87920.0,2020-10-12
大同煤矿集团建材有限责任公司,1000414100,28949149,山西省朔州市怀仁县何家堡乡悟道村何家堡路,31B0,144100101,朔州,客服,AC01101,40000.0,山西,481140.0,2020-10-12
大同煤矿集团建材有限责任公司,1000414100,28949149,山西省朔州市怀仁县何家堡乡悟道村何家堡路,31B0,144100101,朔州,客服,AC01101,40000.0,山西,463980.0,2020-10-13
武乡山水水泥有限责任公司,418711635,1498529870,山西省长治市武乡县蟠龙镇蟠龙村小曲滩路1号,31B0,144041301,长治,客服,AC00351,16365.0,山西,70840.0,2020-10-13
山西中条山新型建材有限责任公司,600304270,17016714,山西省临汾市曲沃县里村镇石滩村水泥厂路北侧,31B0,144061501,临汾,客服,AC01101,20000.0,山西,303600.0,2020-10-13
大同煤矿集团建材有限责任公司,1000414100,28949149,山西省朔州市怀仁县何家堡乡悟道村何家堡路,31B0,144100101,朔州,客服,AC01101,40000.0,山西,549120.0,2020-10-14
武乡山水水泥有限责任公司,418711635,1498529870,山西省长治市武乡县蟠龙镇蟠龙村小曲滩路1号,31B0,144041301,长治,客服,AC00351,16365.0,山西,104720.0,2020-10-14
山西中条山新型建材有限责任公司,600304270,17016714,山西省临汾市曲沃县里村镇石滩村水泥厂路北侧,31B0,144061501,临汾,客服,AC01101,20000.0,山西,289080.0,2020-10-14
大同煤矿集团建材有限责任公司,1000414100,28949149,山西省朔州市怀仁县何家堡乡悟道村何家堡路,31B0,144100101,朔州,客服,AC01101,40000.0,山西,423720.0,2020-10-15
武乡山水水泥有限责任公司,418711635,1498529870,山西省长治市武乡县蟠龙镇蟠龙村小曲滩路1号,31B0,144041301,长治,客服,AC00351,16365.0,山西,104440.0,2020-10-15
山西中条山新型建材有限责任公司,600304270,17016714,山西省临汾市曲沃县里村镇石滩村水泥厂路北侧,31B0,144061501,临汾,客服,AC01101,20000.0,山西,273900.0,2020-10-15
武乡山水水泥有限责任公司,418711635,1498529870,山西省长治市武乡县蟠龙镇蟠龙村小曲滩路1号,31B0,144041301,长治,客服,AC00351,16365.0,山西,103040.0,2020-10-16
大同煤矿集团建材有限责任公司,1000414100,28949149,山西省朔州市怀仁县何家堡乡悟道村何家堡路,31B0,144100101,朔州,客服,AC01101,40000.0,山西,496980.0,2020-10-16
山西中条山新型建材有限责任公司,600304270,17016714,山西省临汾市曲沃县里村镇石滩村水泥厂路北侧,31B0,144061501,临汾,客服,AC01101,20000.0,山西,265980.0,2020-10-16
山西中条山新型建材有限责任公司,600304270,17016714,山西省临汾市曲沃县里村镇石滩村水泥厂路北侧,31B0,144061501,临汾,客服,AC01101,20000.0,山西,310860.0,2020-10-17
武乡山水水泥有限责任公司,418711635,1498529870,山西省长治市武乡县蟠龙镇蟠龙村小曲滩路1号,31B0,144041301,长治,客服,AC00351,16365.0,山西,106400.0,2020-10-17
大同煤矿集团建材有限责任公司,1000414100,28949149,山西省朔州市怀仁县何家堡乡悟道村何家堡路,31B0,144100101,朔州,客服,AC01101,40000.0,山西,559680.0,2020-10-17
山西中条山新型建材有限责任公司,600304270,17016714,山西省临汾市曲沃县里村镇石滩村水泥厂路北侧,31B0,144061501,临汾,客服,AC01101,20000.0,山西,256080.0,2020-10-18
大同煤矿集团建材有限责任公司,1000414100,28949149,山西省朔州市怀仁县何家堡乡悟道村何家堡路,31B0,144100101,朔州,客服,AC01101,40000.0,山西,456060.0,2020-10-18
武乡山水水泥有限责任公司,418711635,1498529870,山西省长治市武乡县蟠龙镇蟠龙村小曲滩路1号,31B0,144041301,长治,客服,AC00351,16365.0,山西,108360.0,2020-10-18
山西中条山新型建材有限责任公司,600304270,17016714,山西省临汾市曲沃县里村镇石滩村水泥厂路北侧,31B0,144061501,临汾,客服,AC01101,20000.0,山西,231000.0,2020-10-19
大同煤矿集团建材有限责任公司,1000414100,28949149,山西省朔州市怀仁县何家堡乡悟道村何家堡路,31B0,144100101,朔州,客服,AC01101,40000.0,山西,549120.0,2020-10-19
武乡山水水泥有限责任公司,418711635,1498529870,山西省长治市武乡县蟠龙镇蟠龙村小曲滩路1号,31B0,144041301,长治,客服,AC00351,16365.0,山西,115640.0,2020-10-19
大同煤矿集团建材有限责任公司,1000414100,28949149,山西省朔州市怀仁县何家堡乡悟道村何家堡路,31B0,144100101,朔州,客服,AC01101,40000.0,山西,401940.0,2020-10-20
武乡山水水泥有限责任公司,418711635,1498529870,山西省长治市武乡县蟠龙镇蟠龙村小曲滩路1号,31B0,144041301,长治,客服,AC00351,16365.0,山西,120120.0,2020-10-20
山西中条山新型建材有限责任公司,600304270,17016714,山西省临汾市曲沃县里村镇石滩村水泥厂路北侧,31B0,144061501,临汾,客服,AC01101,20000.0,山西,196680.0,2020-10-20
武乡山水水泥有限责任公司,418711635,1498529870,山西省长治市武乡县蟠龙镇蟠龙村小曲滩路1号,31B0,144041301,长治,客服,AC00351,16365.0,山西,88200.0,2020-10-21
山西中条山新型建材有限责任公司,600304270,17016714,山西省临汾市曲沃县里村镇石滩村水泥厂路北侧,31B0,144061501,临汾,客服,AC01101,20000.0,山西,195360.0,2020-10-21
大同煤矿集团建材有限责任公司,1000414100,28949149,山西省朔州市怀仁县何家堡乡悟道村何家堡路,31B0,144100101,朔州,客服,AC01101,40000.0,山西,539220.0,2020-10-21
山西中条山新型建材有限责任公司,600304270,17016714,山西省临汾市曲沃县里村镇石滩村水泥厂路北侧,31B0,144061501,临汾,客服,AC01101,20000.0,山西,232320.0,2020-10-22
大同煤矿集团建材有限责任公司,1000414100,28949149,山西省朔州市怀仁县何家堡乡悟道村何家堡路,31B0,144100101,朔州,客服,AC01101,40000.0,山西,434280.0,2020-10-22
武乡山水水泥有限责任公司,418711635,1498529870,山西省长治市武乡县蟠龙镇蟠龙村小曲滩路1号,31B0,144041301,长治,客服,AC00351,16365.0,山西,118160.0,2020-10-22
武乡山水水泥有限责任公司,418711635,1498529870,山西省长治市武乡县蟠龙镇蟠龙村小曲滩路1号,31B0,144041301,长治,客服,AC00351,16365.0,山西,106120.0,2020-10-23
山西中条山新型建材有限责任公司,600304270,17016714,山西省临汾市曲沃县里村镇石滩村水泥厂路北侧,31B0,144061501,临汾,客服,AC01101,20000.0,山西,207240.0,2020-10-23
大同煤矿集团建材有限责任公司,1000414100,28949149,山西省朔州市怀仁县何家堡乡悟道村何家堡路,31B0,144100101,朔州,客服,AC01101,40000.0,山西,559680.0,2020-10-23
山西中条山新型建材有限责任公司,600304270,17016714,山西省临汾市曲沃县里村镇石滩村水泥厂路北侧,31B0,144061501,临汾,客服,AC01101,20000.0,山西,19140.0,2020-10-24
武乡山水水泥有限责任公司,418711635,1498529870,山西省长治市武乡县蟠龙镇蟠龙村小曲滩路1号,31B0,144041301,长治,客服,AC00351,16365.0,山西,111440.0,2020-10-24
大同煤矿集团建材有限责任公司,1000414100,28949149,山西省朔州市怀仁县何家堡乡悟道村何家堡路,31B0,144100101,朔州,客服,AC01101,40000.0,山西,435600.0,2020-10-24
山西中条山新型建材有限责任公司,600304270,17016714,山西省临汾市曲沃县里村镇石滩村水泥厂路北侧,31B0,144061501,临汾,客服,AC01101,20000.0,山西,15840.0,2020-10-25
大同煤矿集团建材有限责任公司,1000414100,28949149,山西省朔州市怀仁县何家堡乡悟道村何家堡路,31B0,144100101,朔州,客服,AC01101,40000.0,山西,626340.0,2020-10-25
武乡山水水泥有限责任公司,418711635,1498529870,山西省长治市武乡县蟠龙镇蟠龙村小曲滩路1号,31B0,144041301,长治,客服,AC00351,16365.0,山西,102760.0,2020-10-25
武乡山水水泥有限责任公司,418711635,1498529870,山西省长治市武乡县蟠龙镇蟠龙村小曲滩路1号,31B0,144041301,长治,客服,AC00351,16365.0,山西,102760.0,2020-10-26
山西中条山新型建材有限责任公司,600304270,17016714,山西省临汾市曲沃县里村镇石滩村水泥厂路北侧,31B0,144061501,临汾,客服,AC01101,20000.0,山西,31680.0,2020-10-26
大同煤矿集团建材有限责任公司,1000414100,28949149,山西省朔州市怀仁县何家堡乡悟道村何家堡路,31B0,144100101,朔州,客服,AC01101,40000.0,山西,471240.0,2020-10-26
大同煤矿集团建材有限责任公司,1000414100,28949149,山西省朔州市怀仁县何家堡乡悟道村何家堡路,31B0,144100101,朔州,客服,AC01101,40000.0,山西,623040.0,2020-10-27
山西中条山新型建材有限责任公司,600304270,17016714,山西省临汾市曲沃县里村镇石滩村水泥厂路北侧,31B0,144061501,临汾,客服,AC01101,20000.0,山西,40260.0,2020-10-27
武乡山水水泥有限责任公司,418711635,1498529870,山西省长治市武乡县蟠龙镇蟠龙村小曲滩路1号,31B0,144041301,长治,客服,AC00351,16365.0,山西,109760.0,2020-10-27
武乡山水水泥有限责任公司,418711635,1498529870,山西省长治市武乡县蟠龙镇蟠龙村小曲滩路1号,31B0,144041301,长治,客服,AC00351,16365.0,山西,112000.0,2020-10-28
大同煤矿集团建材有限责任公司,1000414100,28949149,山西省朔州市怀仁县何家堡乡悟道村何家堡路,31B0,144100101,朔州,客服,AC01101,40000.0,山西,603240.0,2020-10-28
山西中条山新型建材有限责任公司,600304270,17016714,山西省临汾市曲沃县里村镇石滩村水泥厂路北侧,31B0,144061501,临汾,客服,AC01101,20000.0,山西,42240.0,2020-10-28
山西中条山新型建材有限责任公司,600304270,17016714,山西省临汾市曲沃县里村镇石滩村水泥厂路北侧,31B0,144061501,临汾,客服,AC01101,20000.0,山西,53460.0,2020-10-29
武乡山水水泥有限责任公司,418711635,1498529870,山西省长治市武乡县蟠龙镇蟠龙村小曲滩路1号,31B0,144041301,长治,客服,AC00351,16365.0,山西,113120.0,2020-10-29
大同煤矿集团建材有限责任公司,1000414100,28949149,山西省朔州市怀仁县何家堡乡悟道村何家堡路,31B0,144100101,朔州,客服,AC01101,40000.0,山西,626340.0,2020-10-29
武乡山水水泥有限责任公司,418711635,1498529870,山西省长治市武乡县蟠龙镇蟠龙村小曲滩路1号,31B0,144041301,长治,客服,AC00351,16365.0,山西,109200.0,2020-10-30
大同煤矿集团建材有限责任公司,1000414100,28949149,山西省朔州市怀仁县何家堡乡悟道村何家堡路,31B0,144100101,朔州,客服,AC01101,40000.0,山西,534600.0,2020-10-30
山西中条山新型建材有限责任公司,600304270,17016714,山西省临汾市曲沃县里村镇石滩村水泥厂路北侧,31B0,144061501,临汾,客服,AC01101,20000.0,山西,40260.0,2020-10-30
武乡山水水泥有限责任公司,418711635,1498529870,山西省长治市武乡县蟠龙镇蟠龙村小曲滩路1号,31B0,144041301,长治,客服,AC00351,16365.0,山西,107240.0,2020-10-31
大同煤矿集团建材有限责任公司,1000414100,28949149,山西省朔州市怀仁县何家堡乡悟道村何家堡路,31B0,144100101,朔州,客服,AC01101,40000.0,山西,634920.0,2020-10-31
山西中条山新型建材有限责任公司,600304270,17016714,山西省临汾市曲沃县里村镇石滩村水泥厂路北侧,31B0,144061501,临汾,客服,AC01101,20000.0,山西,40920.0,2020-10-31
山西中条山新型建材有限责任公司,600304270,17016714,山西省临汾市曲沃县里村镇石滩村水泥厂路北侧,31B0,144061501,临汾,客服,AC01101,20000.0,山西,292380.0,2020-11-01
武乡山水水泥有限责任公司,418711635,1498529870,山西省长治市武乡县蟠龙镇蟠龙村小曲滩路1号,31B0,144041301,长治,客服,AC00351,16365.0,山西,15120.0,2020-11-01
大同煤矿集团建材有限责任公司,1000414100,28949149,山西省朔州市怀仁县何家堡乡悟道村何家堡路,31B0,144100101,朔州,客服,AC01101,40000.0,山西,555720.0,2020-11-01
大同煤矿集团建材有限责任公司,1000414100,28949149,山西省朔州市怀仁县何家堡乡悟道村何家堡路,31B0,144100101,朔州,客服,AC01101,40000.0,山西,554400.0,2020-11-02
武乡山水水泥有限责任公司,418711635,1498529870,山西省长治市武乡县蟠龙镇蟠龙村小曲滩路1号,31B0,144041301,长治,客服,AC00351,16365.0,山西,13440.0,2020-11-02
山西中条山新型建材有限责任公司,600304270,17016714,山西省临汾市曲沃县里村镇石滩村水泥厂路北侧,31B0,144061501,临汾,客服,AC01101,20000.0,山西,310200.0,2020-11-02
武乡山水水泥有限责任公司,418711635,1498529870,山西省长治市武乡县蟠龙镇蟠龙村小曲滩路1号,31B0,144041301,长治,客服,AC00351,16365.0,山西,5040.0,2020-11-17
大同煤矿集团建材有限责任公司,1000414100,28949149,山西省朔州市怀仁县何家堡乡悟道村何家堡路,31B0,144100101,朔州,客服,AC01101,40000.0,山西,432300.0,2020-11-03
山西中条山新型建材有限责任公司,600304270,17016714,山西省临汾市曲沃县里村镇石滩村水泥厂路北侧,31B0,144061501,临汾,客服,AC01101,20000.0,山西,298980.0,2020-11-03
武乡山水水泥有限责任公司,418711635,1498529870,山西省长治市武乡县蟠龙镇蟠龙村小曲滩路1号,31B0,144041301,长治,客服,AC00351,16365.0,山西,11200.0,2020-11-03
大同煤矿集团建材有限责任公司,1000414100,28949149,山西省朔州市怀仁县何家堡乡悟道村何家堡路,31B0,144100101,朔州,客服,AC01101,40000.0,山西,303600.0,2020-11-04
山西中条山新型建材有限责任公司,600304270,17016714,山西省临汾市曲沃县里村镇石滩村水泥厂路北侧,31B0,144061501,临汾,客服,AC01101,20000.0,山西,318780.0,2020-11-04
武乡山水水泥有限责任公司,418711635,1498529870,山西省长治市武乡县蟠龙镇蟠龙村小曲滩路1号,31B0,144041301,长治,客服,AC00351,16365.0,山西,11760.0,2020-11-04
大同煤矿集团建材有限责任公司,1000414100,28949149,山西省朔州市怀仁县何家堡乡悟道村何家堡路,31B0,144100101,朔州,客服,AC01101,40000.0,山西,209220.0,2020-11-05
武乡山水水泥有限责任公司,418711635,1498529870,山西省长治市武乡县蟠龙镇蟠龙村小曲滩路1号,31B0,144041301,长治,客服,AC00351,16365.0,山西,12880.0,2020-11-05
山西中条山新型建材有限责任公司,600304270,17016714,山西省临汾市曲沃县里村镇石滩村水泥厂路北侧,31B0,144061501,临汾,客服,AC01101,20000.0,山西,343200.0,2020-11-05
大同煤矿集团建材有限责任公司,1000414100,28949149,山西省朔州市怀仁县何家堡乡悟道村何家堡路,31B0,144100101,朔州,客服,AC01101,40000.0,山西,235620.0,2020-11-06
武乡山水水泥有限责任公司,418711635,1498529870,山西省长治市武乡县蟠龙镇蟠龙村小曲滩路1号,31B0,144041301,长治,客服,AC00351,16365.0,山西,75600.0,2020-11-06
山西中条山新型建材有限责任公司,600304270,17016714,山西省临汾市曲沃县里村镇石滩村水泥厂路北侧,31B0,144061501,临汾,客服,AC01101,20000.0,山西,331320.0,2020-11-06
大同煤矿集团建材有限责任公司,1000414100,28949149,山西省朔州市怀仁县何家堡乡悟道村何家堡路,31B0,144100101,朔州,客服,AC01101,40000.0,山西,329340.0,2020-11-07
山西中条山新型建材有限责任公司,600304270,17016714,山西省临汾市曲沃县里村镇石滩村水泥厂路北侧,31B0,144061501,临汾,客服,AC01101,20000.0,山西,324720.0,2020-11-07
武乡山水水泥有限责任公司,418711635,1498529870,山西省长治市武乡县蟠龙镇蟠龙村小曲滩路1号,31B0,144041301,长治,客服,AC00351,16365.0,山西,90440.0,2020-11-07
大同煤矿集团建材有限责任公司,1000414100,28949149,山西省朔州市怀仁县何家堡乡悟道村何家堡路,31B0,144100101,朔州,客服,AC01101,40000.0,山西,617760.0,2020-11-08
山西中条山新型建材有限责任公司,600304270,17016714,山西省临汾市曲沃县里村镇石滩村水泥厂路北侧,31B0,144061501,临汾,客服,AC01101,20000.0,山西,198660.0,2020-11-08
武乡山水水泥有限责任公司,418711635,1498529870,山西省长治市武乡县蟠龙镇蟠龙村小曲滩路1号,31B0,144041301,长治,客服,AC00351,16365.0,山西,99400.0,2020-11-08
山西中条山新型建材有限责任公司,600304270,17016714,山西省临汾市曲沃县里村镇石滩村水泥厂路北侧,31B0,144061501,临汾,客服,AC01101,20000.0,山西,17160.0,2020-11-09
大同煤矿集团建材有限责任公司,1000414100,28949149,山西省朔州市怀仁县何家堡乡悟道村何家堡路,31B0,144100101,朔州,客服,AC01101,40000.0,山西,471900.0,2020-11-09
武乡山水水泥有限责任公司,418711635,1498529870,山西省长治市武乡县蟠龙镇蟠龙村小曲滩路1号,31B0,144041301,长治,客服,AC00351,16365.0,山西,104440.0,2020-11-09
山西中条山新型建材有限责任公司,600304270,17016714,山西省临汾市曲沃县里村镇石滩村水泥厂路北侧,31B0,144061501,临汾,客服,AC01101,20000.0,山西,15840.0,2020-11-10
武乡山水水泥有限责任公司,418711635,1498529870,山西省长治市武乡县蟠龙镇蟠龙村小曲滩路1号,31B0,144041301,长治,客服,AC00351,16365.0,山西,103880.0,2020-11-10
大同煤矿集团建材有限责任公司,1000414100,28949149,山西省朔州市怀仁县何家堡乡悟道村何家堡路,31B0,144100101,朔州,客服,AC01101,40000.0,山西,517440.0,2020-11-10
山西中条山新型建材有限责任公司,600304270,17016714,山西省临汾市曲沃县里村镇石滩村水泥厂路北侧,31B0,144061501,临汾,客服,AC01101,20000.0,山西,17160.0,2020-11-11
大同煤矿集团建材有限责任公司,1000414100,28949149,山西省朔州市怀仁县何家堡乡悟道村何家堡路,31B0,144100101,朔州,客服,AC01101,40000.0,山西,440220.0,2020-11-11
武乡山水水泥有限责任公司,418711635,1498529870,山西省长治市武乡县蟠龙镇蟠龙村小曲滩路1号,31B0,144041301,长治,客服,AC00351,16365.0,山西,111440.0,2020-11-11
武乡山水水泥有限责任公司,418711635,1498529870,山西省长治市武乡县蟠龙镇蟠龙村小曲滩路1号,31B0,144041301,长治,客服,AC00351,16365.0,山西,112840.0,2020-11-12
大同煤矿集团建材有限责任公司,1000414100,28949149,山西省朔州市怀仁县何家堡乡悟道村何家堡路,31B0,144100101,朔州,客服,AC01101,40000.0,山西,632280.0,2020-11-12
山西中条山新型建材有限责任公司,600304270,17016714,山西省临汾市曲沃县里村镇石滩村水泥厂路北侧,31B0,144061501,临汾,客服,AC01101,20000.0,山西,31680.0,2020-11-12
武乡山水水泥有限责任公司,418711635,1498529870,山西省长治市武乡县蟠龙镇蟠龙村小曲滩路1号,31B0,144041301,长治,客服,AC00351,16365.0,山西,106960.0,2020-11-13
大同煤矿集团建材有限责任公司,1000414100,28949149,山西省朔州市怀仁县何家堡乡悟道村何家堡路,31B0,144100101,朔州,客服,AC01101,40000.0,山西,557700.0,2020-11-13
山西中条山新型建材有限责任公司,600304270,17016714,山西省临汾市曲沃县里村镇石滩村水泥厂路北侧,31B0,144061501,临汾,客服,AC01101,20000.0,山西,29700.0,2020-11-13
山西中条山新型建材有限责任公司,600304270,17016714,山西省临汾市曲沃县里村镇石滩村水泥厂路北侧,31B0,144061501,临汾,客服,AC01101,20000.0,山西,14520.0,2020-11-14
武乡山水水泥有限责任公司,418711635,1498529870,山西省长治市武乡县蟠龙镇蟠龙村小曲滩路1号,31B0,144041301,长治,客服,AC00351,16365.0,山西,9240.0,2020-11-14
大同煤矿集团建材有限责任公司,1000414100,28949149,山西省朔州市怀仁县何家堡乡悟道村何家堡路,31B0,144100101,朔州,客服,AC01101,40000.0,山西,221760.0,2020-11-14
山西中条山新型建材有限责任公司,600304270,17016714,山西省临汾市曲沃县里村镇石滩村水泥厂路北侧,31B0,144061501,临汾,客服,AC01101,20000.0,山西,11220.0,2020-11-15
大同煤矿集团建材有限责任公司,1000414100,28949149,山西省朔州市怀仁县何家堡乡悟道村何家堡路,31B0,144100101,朔州,客服,AC01101,40000.0,山西,180840.0,2020-11-15
武乡山水水泥有限责任公司,418711635,1498529870,山西省长治市武乡县蟠龙镇蟠龙村小曲滩路1号,31B0,144041301,长治,客服,AC00351,16365.0,山西,6440.0,2020-11-15
大同煤矿集团建材有限责任公司,1000414100,28949149,山西省朔州市怀仁县何家堡乡悟道村何家堡路,31B0,144100101,朔州,客服,AC01101,40000.0,山西,177540.0,2020-11-16
武乡山水水泥有限责任公司,418711635,1498529870,山西省长治市武乡县蟠龙镇蟠龙村小曲滩路1号,31B0,144041301,长治,客服,AC00351,16365.0,山西,5600.0,2020-11-16
山西中条山新型建材有限责任公司,600304270,17016714,山西省临汾市曲沃县里村镇石滩村水泥厂路北侧,31B0,144061501,临汾,客服,AC01101,20000.0,山西,11220.0,2020-11-16
山西中条山新型建材有限责任公司,600304270,17016714,山西省临汾市曲沃县里村镇石滩村水泥厂路北侧,31B0,144061501,临汾,客服,AC01101,20000.0,山西,10560.0,2020-11-17
大同煤矿集团建材有限责任公司,1000414100,28949149,山西省朔州市怀仁县何家堡乡悟道村何家堡路,31B0,144100101,朔州,客服,AC01101,40000.0,山西,174240.0,2020-11-17
大同煤矿集团建材有限责任公司,1000414100,28949149,山西省朔州市怀仁县何家堡乡悟道村何家堡路,31B0,144100101,朔州,客服,AC01101,40000.0,山西,129360.0,2020-11-18
山西中条山新型建材有限责任公司,600304270,17016714,山西省临汾市曲沃县里村镇石滩村水泥厂路北侧,31B0,144061501,临汾,客服,AC01101,20000.0,山西,175560.0,2020-11-18
武乡山水水泥有限责任公司,418711635,1498529870,山西省长治市武乡县蟠龙镇蟠龙村小曲滩路1号,31B0,144041301,长治,客服,AC00351,16365.0,山西,12320.0,2020-11-18
大同煤矿集团建材有限责任公司,1000414100,28949149,山西省朔州市怀仁县何家堡乡悟道村何家堡路,31B0,144100101,朔州,客服,AC01101,40000.0,山西,243540.0,2020-11-19
武乡山水水泥有限责任公司,418711635,1498529870,山西省长治市武乡县蟠龙镇蟠龙村小曲滩路1号,31B0,144041301,长治,客服,AC00351,16365.0,山西,91840.0,2020-11-19
山西中条山新型建材有限责任公司,600304270,17016714,山西省临汾市曲沃县里村镇石滩村水泥厂路北侧,31B0,144061501,临汾,客服,AC01101,20000.0,山西,353760.0,2020-11-19
武乡山水水泥有限责任公司,418711635,1498529870,山西省长治市武乡县蟠龙镇蟠龙村小曲滩路1号,31B0,144041301,长治,客服,AC00351,16365.0,山西,98840.0,2020-11-20
山西中条山新型建材有限责任公司,600304270,17016714,山西省临汾市曲沃县里村镇石滩村水泥厂路北侧,31B0,144061501,临汾,客服,AC01101,20000.0,山西,347160.0,2020-11-20
大同煤矿集团建材有限责任公司,1000414100,28949149,山西省朔州市怀仁县何家堡乡悟道村何家堡路,31B0,144100101,朔州,客服,AC01101,40000.0,山西,469920.0,2020-11-20
大同煤矿集团建材有限责任公司,1000414100,28949149,山西省朔州市怀仁县何家堡乡悟道村何家堡路,31B0,144100101,朔州,客服,AC01101,40000.0,山西,362340.0,2020-11-21
武乡山水水泥有限责任公司,418711635,1498529870,山西省长治市武乡县蟠龙镇蟠龙村小曲滩路1号,31B0,144041301,长治,客服,AC00351,16365.0,山西,101360.0,2020-11-21
山西中条山新型建材有限责任公司,600304270,17016714,山西省临汾市曲沃县里村镇石滩村水泥厂路北侧,31B0,144061501,临汾,客服,AC01101,20000.0,山西,331980.0,2020-11-21
武乡山水水泥有限责任公司,418711635,1498529870,山西省长治市武乡县蟠龙镇蟠龙村小曲滩路1号,31B0,144041301,长治,客服,AC00351,16365.0,山西,100800.0,2020-11-22
大同煤矿集团建材有限责任公司,1000414100,28949149,山西省朔州市怀仁县何家堡乡悟道村何家堡路,31B0,144100101,朔州,客服,AC01101,40000.0,山西,463980.0,2020-11-22
山西中条山新型建材有限责任公司,600304270,17016714,山西省临汾市曲沃县里村镇石滩村水泥厂路北侧,31B0,144061501,临汾,客服,AC01101,20000.0,山西,306240.0,2020-11-22
武乡山水水泥有限责任公司,418711635,1498529870,山西省长治市武乡县蟠龙镇蟠龙村小曲滩路1号,31B0,144041301,长治,客服,AC00351,16365.0,山西,102760.0,2020-11-23
大同煤矿集团建材有限责任公司,1000414100,28949149,山西省朔州市怀仁县何家堡乡悟道村何家堡路,31B0,144100101,朔州,客服,AC01101,40000.0,山西,311520.0,2020-11-23
山西中条山新型建材有限责任公司,600304270,17016714,山西省临汾市曲沃县里村镇石滩村水泥厂路北侧,31B0,144061501,临汾,客服,AC01101,20000.0,山西,297000.0,2020-11-23
武乡山水水泥有限责任公司,418711635,1498529870,山西省长治市武乡县蟠龙镇蟠龙村小曲滩路1号,31B0,144041301,长治,客服,AC00351,16365.0,山西,106400.0,2020-11-24
大同煤矿集团建材有限责任公司,1000414100,28949149,山西省朔州市怀仁县何家堡乡悟道村何家堡路,31B0,144100101,朔州,客服,AC01101,40000.0,山西,398640.0,2020-11-24
山西中条山新型建材有限责任公司,600304270,17016714,山西省临汾市曲沃县里村镇石滩村水泥厂路北侧,31B0,144061501,临汾,客服,AC01101,20000.0,山西,135300.0,2020-11-24
大同煤矿集团建材有限责任公司,1000414100,28949149,山西省朔州市怀仁县何家堡乡悟道村何家堡路,31B0,144100101,朔州,客服,AC01101,40000.0,山西,310200.0,2020-11-25
武乡山水水泥有限责任公司,418711635,1498529870,山西省长治市武乡县蟠龙镇蟠龙村小曲滩路1号,31B0,144041301,长治,客服,AC00351,16365.0,山西,114520.0,2020-11-25
山西中条山新型建材有限责任公司,600304270,17016714,山西省临汾市曲沃县里村镇石滩村水泥厂路北侧,31B0,144061501,临汾,客服,AC01101,20000.0,山西,42900.0,2020-11-25
山西中条山新型建材有限责任公司,600304270,17016714,山西省临汾市曲沃县里村镇石滩村水泥厂路北侧,31B0,144061501,临汾,客服,AC01101,20000.0,山西,60720.0,2020-11-26
大同煤矿集团建材有限责任公司,1000414100,28949149,山西省朔州市怀仁县何家堡乡悟道村何家堡路,31B0,144100101,朔州,客服,AC01101,40000.0,山西,188100.0,2020-11-26
武乡山水水泥有限责任公司,418711635,1498529870,山西省长治市武乡县蟠龙镇蟠龙村小曲滩路1号,31B0,144041301,长治,客服,AC00351,16365.0,山西,70000.0,2020-11-26
武乡山水水泥有限责任公司,418711635,1498529870,山西省长治市武乡县蟠龙镇蟠龙村小曲滩路1号,31B0,144041301,长治,客服,AC00351,16365.0,山西,73250.0,2020-11-27
山西中条山新型建材有限责任公司,600304270,17016714,山西省临汾市曲沃县里村镇石滩村水泥厂路北侧,31B0,144061501,临汾,客服,AC01101,20000.0,山西,60123.0,2020-11-27
大同煤矿集团建材有限责任公司,1000414100,28949149,山西省朔州市怀仁县何家堡乡悟道村何家堡路,31B0,144100101,朔州,客服,AC01101,40000.0,山西,183400.0,2020-11-27
山西中条山新型建材有限责任公司,600304270,17016714,山西省临汾市曲沃县里村镇石滩村水泥厂路北侧,31B0,144061501,临汾,客服,AC01101,20000.0,山西,62346.0,2020-11-28
武乡山水水泥有限责任公司,418711635,1498529870,山西省长治市武乡县蟠龙镇蟠龙村小曲滩路1号,31B0,144041301,长治,客服,AC00351,16365.0,山西,74562.0,2020-11-28
大同煤矿集团建材有限责任公司,1000414100,28949149,山西省朔州市怀仁县何家堡乡悟道村何家堡路,31B0,144100101,朔州,客服,AC01101,40000.0,山西,123000.0,2020-11-28
山西中条山新型建材有限责任公司,600304270,17016714,山西省临汾市曲沃县里村镇石滩村水泥厂路北侧,31B0,144061501,临汾,客服,AC01101,20000.0,山西,61246.0,2020-11-29
武乡山水水泥有限责任公司,418711635,1498529870,山西省长治市武乡县蟠龙镇蟠龙村小曲滩路1号,31B0,144041301,长治,客服,AC00351,16365.0,山西,75362.0,2020-11-29
大同煤矿集团建材有限责任公司,1000414100,28949149,山西省朔州市怀仁县何家堡乡悟道村何家堡路,31B0,144100101,朔州,客服,AC01101,40000.0,山西,122420.0,2020-11-29
大同煤矿集团建材有限责任公司,1000414100,28949149,山西省朔州市怀仁县何家堡乡悟道村何家堡路,31B0,144100101,朔州,客服,AC01101,40000.0,山西,900.0,2020-11-30
山西中条山新型建材有限责任公司,600304270,17016714,山西省临汾市曲沃县里村镇石滩村水泥厂路北侧,31B0,144061501,临汾,客服,AC01101,20000.0,山西,61414.0,2020-11-30
武乡山水水泥有限责任公司,418711635,1498529870,山西省长治市武乡县蟠龙镇蟠龙村小曲滩路1号,31B0,144041301,长治,客服,AC00351,16365.0,山西,74253.0,2020-11-30
大同煤矿集团建材有限责任公司,1000414100,28949149,山西省朔州市怀仁县何家堡乡悟道村何家堡路,31B0,144100101,朔州,客服,AC01101,40000.0,山西,1000.0,2020-12-01
武乡山水水泥有限责任公司,418711635,1498529870,山西省长治市武乡县蟠龙镇蟠龙村小曲滩路1号,31B0,144041301,长治,客服,AC00351,16365.0,山西,74253.0,2020-12-01
山西中条山新型建材有限责任公司,600304270,17016714,山西省临汾市曲沃县里村镇石滩村水泥厂路北侧,31B0,144061501,临汾,客服,AC01101,20000.0,山西,61414.0,2020-12-01
武乡山水水泥有限责任公司,418711635,1498529870,山西省长治市武乡县蟠龙镇蟠龙村小曲滩路1号,31B0,144041301,长治,客服,AC00351,16365.0,山西,95549.23,2020-12-02
大同煤矿集团建材有限责任公司,1000414100,28949149,山西省朔州市怀仁县何家堡乡悟道村何家堡路,31B0,144100101,朔州,客服,AC01101,40000.0,山西,1240.0,2020-12-02
山西中条山新型建材有限责任公司,600304270,17016714,山西省临汾市曲沃县里村镇石滩村水泥厂路北侧,31B0,144061501,临汾,客服,AC01101,20000.0,山西,68985.14,2020-12-02
武乡山水水泥有限责任公司,418711635,1498529870,山西省长治市武乡县蟠龙镇蟠龙村小曲滩路1号,31B0,144041301,长治,客服,AC00351,16365.0,山西,74094.08,2020-12-03
山西中条山新型建材有限责任公司,600304270,17016714,山西省临汾市曲沃县里村镇石滩村水泥厂路北侧,31B0,144061501,临汾,客服,AC01101,20000.0,山西,61311.14,2020-12-03
大同煤矿集团建材有限责任公司,1000414100,28949149,山西省朔州市怀仁县何家堡乡悟道村何家堡路,31B0,144100101,朔州,客服,AC01101,40000.0,山西,885.27,2020-12-03
大同煤矿集团建材有限责任公司,1000414100,28949149,山西省朔州市怀仁县何家堡乡悟道村何家堡路,31B0,144100101,朔州,客服,AC01101,40000.0,山西,934.77,2020-12-04
武乡山水水泥有限责任公司,418711635,1498529870,山西省长治市武乡县蟠龙镇蟠龙村小曲滩路1号,31B0,144041301,长治,客服,AC00351,16365.0,山西,74349.5,2020-12-04
山西中条山新型建材有限责任公司,600304270,17016714,山西省临汾市曲沃县里村镇石滩村水泥厂路北侧,31B0,144061501,临汾,客服,AC01101,20000.0,山西,62360.14,2020-12-04
武乡山水水泥有限责任公司,418711635,1498529870,山西省长治市武乡县蟠龙镇蟠龙村小曲滩路1号,31B0,144041301,长治,客服,AC00351,16365.0,山西,73853.06,2020-12-05
大同煤矿集团建材有限责任公司,1000414100,28949149,山西省朔州市怀仁县何家堡乡悟道村何家堡路,31B0,144100101,朔州,客服,AC01101,40000.0,山西,912.28,2020-12-05
山西中条山新型建材有限责任公司,600304270,17016714,山西省临汾市曲沃县里村镇石滩村水泥厂路北侧,31B0,144061501,临汾,客服,AC01101,20000.0,山西,62207.89,2020-12-05
大同煤矿集团建材有限责任公司,1000414100,28949149,山西省朔州市怀仁县何家堡乡悟道村何家堡路,31B0,144100101,朔州,客服,AC01101,40000.0,山西,950.97,2020-12-06
武乡山水水泥有限责任公司,418711635,1498529870,山西省长治市武乡县蟠龙镇蟠龙村小曲滩路1号,31B0,144041301,长治,客服,AC00351,16365.0,山西,73820.84,2020-12-06
山西中条山新型建材有限责任公司,600304270,17016714,山西省临汾市曲沃县里村镇石滩村水泥厂路北侧,31B0,144061501,临汾,客服,AC01101,20000.0,山西,61527.36,2020-12-06
武乡山水水泥有限责任公司,418711635,1498529870,山西省长治市武乡县蟠龙镇蟠龙村小曲滩路1号,31B0,144041301,长治,客服,AC00351,16365.0,山西,73691.66,2020-12-07
山西中条山新型建材有限责任公司,600304270,17016714,山西省临汾市曲沃县里村镇石滩村水泥厂路北侧,31B0,144061501,临汾,客服,AC01101,20000.0,山西,60837.49,2020-12-07
大同煤矿集团建材有限责任公司,1000414100,28949149,山西省朔州市怀仁县何家堡乡悟道村何家堡路,31B0,144100101,朔州,客服,AC01101,40000.0,山西,940.36,2020-12-07
大同煤矿集团建材有限责任公司,1000414100,28949149,山西省朔州市怀仁县何家堡乡悟道村何家堡路,31B0,144100101,朔州,客服,AC01101,40000.0,山西,603795.97,2020-12-08
武乡山水水泥有限责任公司,418711635,1498529870,山西省长治市武乡县蟠龙镇蟠龙村小曲滩路1号,31B0,144041301,长治,客服,AC00351,16365.0,山西,255217.01,2020-12-08
山西中条山新型建材有限责任公司,600304270,17016714,山西省临汾市曲沃县里村镇石滩村水泥厂路北侧,31B0,144061501,临汾,客服,AC01101,20000.0,山西,307496.77,2020-12-08
代县宏威水泥有限责任公司,820559027,1521907395,山西省忻州市代县阳明堡镇长河村,31B0,144081501,忻州,客服,AC01101,41000.0,山西,317760.0,2020-07-21
代县宏威水泥有限责任公司,820559027,1521907395,山西省忻州市代县阳明堡镇长河村,31B0,144081501,忻州,客服,AC01101,41000.0,山西,456420.0,2020-07-24
代县宏威水泥有限责任公司,820559027,1521907395,山西省忻州市代县阳明堡镇长河村,31B0,144081501,忻州,客服,AC01101,41000.0,山西,171810.0,2020-09-13
代县宏威水泥有限责任公司,820559027,1521907395,山西省忻州市代县阳明堡镇长河村,31B0,144081501,忻州,客服,AC01101,41000.0,山西,489210.0,2020-10-28
代县宏威水泥有限责任公司,820559027,1521907395,山西省忻州市代县阳明堡镇长河村,31B0,144081501,忻州,客服,AC01101,41000.0,山西,496140.0,2020-07-25
代县宏威水泥有限责任公司,820559027,1521907395,山西省忻州市代县阳明堡镇长河村,31B0,144081501,忻州,客服,AC01101,41000.0,山西,383790.0,2020-07-26
代县宏威水泥有限责任公司,820559027,1521907395,山西省忻州市代县阳明堡镇长河村,31B0,144081501,忻州,客服,AC01101,41000.0,山西,476040.0,2020-11-10
代县宏威水泥有限责任公司,820559027,1521907395,山西省忻州市代县阳明堡镇长河村,31B0,144081501,忻州,客服,AC01101,41000.0,山西,502380.0,2020-11-13
代县宏威水泥有限责任公司,820559027,1521907395,山西省忻州市代县阳明堡镇长河村,31B0,144081501,忻州,客服,AC01101,41000.0,山西,436440.0,2020-07-30
代县宏威水泥有限责任公司,820559027,1521907395,山西省忻州市代县阳明堡镇长河村,31B0,144081501,忻州,客服,AC01101,41000.0,山西,357600.0,2020-08-07
代县宏威水泥有限责任公司,820559027,1521907395,山西省忻州市代县阳明堡镇长河村,31B0,144081501,忻州,客服,AC01101,41000.0,山西,495870.0,2020-08-30
代县宏威水泥有限责任公司,820559027,1521907395,山西省忻州市代县阳明堡镇长河村,31B0,144081501,忻州,客服,AC01101,41000.0,山西,178710.0,2020-09-07
代县宏威水泥有限责任公司,820559027,1521907395,山西省忻州市代县阳明堡镇长河村,31B0,144081501,忻州,客服,AC01101,41000.0,山西,476040.0,2020-11-16
代县宏威水泥有限责任公司,820559027,1521907395,山西省忻州市代县阳明堡镇长河村,31B0,144081501,忻州,客服,AC01101,41000.0,山西,462870.0,2020-11-17
代县宏威水泥有限责任公司,820559027,1521907395,山西省忻州市代县阳明堡镇长河村,31B0,144081501,忻州,客服,AC01101,41000.0,山西,396840.0,2020-11-18
代县宏威水泥有限责任公司,820559027,1521907395,山西省忻州市代县阳明堡镇长河村,31B0,144081501,忻州,客服,AC01101,41000.0,山西,86160.0,2020-07-01
代县宏威水泥有限责任公司,820559027,1521907395,山西省忻州市代县阳明堡镇长河村,31B0,144081501,忻州,客服,AC01101,41000.0,山西,462780.0,2020-11-11
代县宏威水泥有限责任公司,820559027,1521907395,山西省忻州市代县阳明堡镇长河村,31B0,144081501,忻州,客服,AC01101,41000.0,山西,86070.0,2020-07-07
代县宏威水泥有限责任公司,820559027,1521907395,山西省忻州市代县阳明堡镇长河村,31B0,144081501,忻州,客服,AC01101,41000.0,山西,86700.0,2020-07-09
代县宏威水泥有限责任公司,820559027,1521907395,山西省忻州市代县阳明堡镇长河村,31B0,144081501,忻州,客服,AC01101,41000.0,山西,403560.0,2020-07-13
代县宏威水泥有限责任公司,820559027,1521907395,山西省忻州市代县阳明堡镇长河村,31B0,144081501,忻州,客服,AC01101,41000.0,山西,410340.0,2020-07-15
代县宏威水泥有限责任公司,820559027,1521907395,山西省忻州市代县阳明堡镇长河村,31B0,144081501,忻州,客服,AC01101,41000.0,山西,377250.0,2020-07-16
代县宏威水泥有限责任公司,820559027,1521907395,山西省忻州市代县阳明堡镇长河村,31B0,144081501,忻州,客服,AC01101,41000.0,山西,304590.0,2020-07-19
代县宏威水泥有限责任公司,820559027,1521907395,山西省忻州市代县阳明堡镇长河村,31B0,144081501,忻州,客服,AC01101,41000.0,山西,72870.0,2020-07-02
代县宏威水泥有限责任公司,820559027,1521907395,山西省忻州市代县阳明堡镇长河村,31B0,144081501,忻州,客服,AC01101,41000.0,山西,79530.0,2020-07-03
代县宏威水泥有限责任公司,820559027,1521907395,山西省忻州市代县阳明堡镇长河村,31B0,144081501,忻州,客服,AC01101,41000.0,山西,79470.0,2020-07-04
代县宏威水泥有限责任公司,820559027,1521907395,山西省忻州市代县阳明堡镇长河村,31B0,144081501,忻州,客服,AC01101,41000.0,山西,86700.0,2020-07-05
代县宏威水泥有限责任公司,820559027,1521907395,山西省忻州市代县阳明堡镇长河村,31B0,144081501,忻州,客服,AC01101,41000.0,山西,79440.0,2020-07-06
代县宏威水泥有限责任公司,820559027,1521907395,山西省忻州市代县阳明堡镇长河村,31B0,144081501,忻州,客服,AC01101,41000.0,山西,66150.0,2020-07-08
代县宏威水泥有限责任公司,820559027,1521907395,山西省忻州市代县阳明堡镇长河村,31B0,144081501,忻州,客服,AC01101,41000.0,山西,92670.0,2020-07-10
代县宏威水泥有限责任公司,820559027,1521907395,山西省忻州市代县阳明堡镇长河村,31B0,144081501,忻州,客服,AC01101,41000.0,山西,211920.0,2020-07-11
代县宏威水泥有限责任公司,820559027,1521907395,山西省忻州市代县阳明堡镇长河村,31B0,144081501,忻州,客服,AC01101,41000.0,山西,363840.0,2020-07-12
代县宏威水泥有限责任公司,820559027,1521907395,山西省忻州市代县阳明堡镇长河村,31B0,144081501,忻州,客服,AC01101,41000.0,山西,364050.0,2020-07-14
代县宏威水泥有限责任公司,820559027,1521907395,山西省忻州市代县阳明堡镇长河村,31B0,144081501,忻州,客服,AC01101,41000.0,山西,462960.0,2020-07-17
代县宏威水泥有限责任公司,820559027,1521907395,山西省忻州市代县阳明堡镇长河村,31B0,144081501,忻州,客服,AC01101,41000.0,山西,443130.0,2020-07-18
代县宏威水泥有限责任公司,820559027,1521907395,山西省忻州市代县阳明堡镇长河村,31B0,144081501,忻州,客服,AC01101,41000.0,山西,86340.0,2020-07-20
代县宏威水泥有限责任公司,820559027,1521907395,山西省忻州市代县阳明堡镇长河村,31B0,144081501,忻州,客服,AC01101,41000.0,山西,404010.0,2020-07-22
代县宏威水泥有限责任公司,820559027,1521907395,山西省忻州市代县阳明堡镇长河村,31B0,144081501,忻州,客服,AC01101,41000.0,山西,469110.0,2020-07-23
代县宏威水泥有限责任公司,820559027,1521907395,山西省忻州市代县阳明堡镇长河村,31B0,144081501,忻州,客服,AC01101,41000.0,山西,410220.0,2020-07-27
代县宏威水泥有限责任公司,820559027,1521907395,山西省忻州市代县阳明堡镇长河村,31B0,144081501,忻州,客服,AC01101,41000.0,山西,462960.0,2020-07-28
代县宏威水泥有限责任公司,820559027,1521907395,山西省忻州市代县阳明堡镇长河村,31B0,144081501,忻州,客服,AC01101,41000.0,山西,436620.0,2020-07-29
代县宏威水泥有限责任公司,820559027,1521907395,山西省忻州市代县阳明堡镇长河村,31B0,144081501,忻州,客服,AC01101,41000.0,山西,416790.0,2020-07-31
代县宏威水泥有限责任公司,820559027,1521907395,山西省忻州市代县阳明堡镇长河村,31B0,144081501,忻州,客服,AC01101,41000.0,山西,449760.0,2020-08-01
代县宏威水泥有限责任公司,820559027,1521907395,山西省忻州市代县阳明堡镇长河村,31B0,144081501,忻州,客服,AC01101,41000.0,山西,449520.0,2020-08-02
代县宏威水泥有限责任公司,820559027,1521907395,山西省忻州市代县阳明堡镇长河村,31B0,144081501,忻州,客服,AC01101,41000.0,山西,403560.0,2020-08-03
代县宏威水泥有限责任公司,820559027,1521907395,山西省忻州市代县阳明堡镇长河村,31B0,144081501,忻州,客服,AC01101,41000.0,山西,264570.0,2020-08-04
代县宏威水泥有限责任公司,820559027,1521907395,山西省忻州市代县阳明堡镇长河村,31B0,144081501,忻州,客服,AC01101,41000.0,山西,86040.0,2020-08-05
代县宏威水泥有限责任公司,820559027,1521907395,山西省忻州市代县阳明堡镇长河村,31B0,144081501,忻州,客服,AC01101,41000.0,山西,330630.0,2020-08-06
代县宏威水泥有限责任公司,820559027,1521907395,山西省忻州市代县阳明堡镇长河村,31B0,144081501,忻州,客服,AC01101,41000.0,山西,397110.0,2020-08-08
代县宏威水泥有限责任公司,820559027,1521907395,山西省忻州市代县阳明堡镇长河村,31B0,144081501,忻州,客服,AC01101,41000.0,山西,416820.0,2020-08-09
代县宏威水泥有限责任公司,820559027,1521907395,山西省忻州市代县阳明堡镇长河村,31B0,144081501,忻州,客服,AC01101,41000.0,山西,483150.0,2020-08-10
代县宏威水泥有限责任公司,820559027,1521907395,山西省忻州市代县阳明堡镇长河村,31B0,144081501,忻州,客服,AC01101,41000.0,山西,383880.0,2020-08-11
代县宏威水泥有限责任公司,820559027,1521907395,山西省忻州市代县阳明堡镇长河村,31B0,144081501,忻州,客服,AC01101,41000.0,山西,476190.0,2020-08-12
代县宏威水泥有限责任公司,820559027,1521907395,山西省忻州市代县阳明堡镇长河村,31B0,144081501,忻州,客服,AC01101,41000.0,山西,456480.0,2020-08-13
代县宏威水泥有限责任公司,820559027,1521907395,山西省忻州市代县阳明堡镇长河村,31B0,144081501,忻州,客服,AC01101,41000.0,山西,482910.0,2020-08-14
代县宏威水泥有限责任公司,820559027,1521907395,山西省忻州市代县阳明堡镇长河村,31B0,144081501,忻州,客服,AC01101,41000.0,山西,377340.0,2020-08-15
代县宏威水泥有限责任公司,820559027,1521907395,山西省忻州市代县阳明堡镇长河村,31B0,144081501,忻州,客服,AC01101,41000.0,山西,470010.0,2020-08-16
代县宏威水泥有限责任公司,820559027,1521907395,山西省忻州市代县阳明堡镇长河村,31B0,144081501,忻州,客服,AC01101,41000.0,山西,416850.0,2020-08-17
代县宏威水泥有限责任公司,820559027,1521907395,山西省忻州市代县阳明堡镇长河村,31B0,144081501,忻州,客服,AC01101,41000.0,山西,383670.0,2020-08-18
代县宏威水泥有限责任公司,820559027,1521907395,山西省忻州市代县阳明堡镇长河村,31B0,144081501,忻州,客服,AC01101,41000.0,山西,397110.0,2020-08-19
代县宏威水泥有限责任公司,820559027,1521907395,山西省忻州市代县阳明堡镇长河村,31B0,144081501,忻州,客服,AC01101,41000.0,山西,364020.0,2020-08-20
代县宏威水泥有限责任公司,820559027,1521907395,山西省忻州市代县阳明堡镇长河村,31B0,144081501,忻州,客服,AC01101,41000.0,山西,449730.0,2020-08-21
代县宏威水泥有限责任公司,820559027,1521907395,山西省忻州市代县阳明堡镇长河村,31B0,144081501,忻州,客服,AC01101,41000.0,山西,423330.0,2020-08-22
代县宏威水泥有限责任公司,820559027,1521907395,山西省忻州市代县阳明堡镇长河村,31B0,144081501,忻州,客服,AC01101,41000.0,山西,442980.0,2020-08-23
代县宏威水泥有限责任公司,820559027,1521907395,山西省忻州市代县阳明堡镇长河村,31B0,144081501,忻州,客服,AC01101,41000.0,山西,403320.0,2020-08-24
代县宏威水泥有限责任公司,820559027,1521907395,山西省忻州市代县阳明堡镇长河村,31B0,144081501,忻州,客服,AC01101,41000.0,山西,456000.0,2020-08-25
代县宏威水泥有限责任公司,820559027,1521907395,山西省忻州市代县阳明堡镇长河村,31B0,144081501,忻州,客服,AC01101,41000.0,山西,409830.0,2020-08-26
代县宏威水泥有限责任公司,820559027,1521907395,山西省忻州市代县阳明堡镇长河村,31B0,144081501,忻州,客服,AC01101,41000.0,山西,370410.0,2020-08-27
代县宏威水泥有限责任公司,820559027,1521907395,山西省忻州市代县阳明堡镇长河村,31B0,144081501,忻州,客服,AC01101,41000.0,山西,469950.0,2020-08-28
代县宏威水泥有限责任公司,820559027,1521907395,山西省忻州市代县阳明堡镇长河村,31B0,144081501,忻州,客服,AC01101,41000.0,山西,377100.0,2020-08-29
代县宏威水泥有限责任公司,820559027,1521907395,山西省忻州市代县阳明堡镇长河村,31B0,144081501,忻州,客服,AC01101,41000.0,山西,489210.0,2020-08-31
代县宏威水泥有限责任公司,820559027,1521907395,山西省忻州市代县阳明堡镇长河村,31B0,144081501,忻州,客服,AC01101,41000.0,山西,475890.0,2020-09-01
代县宏威水泥有限责任公司,820559027,1521907395,山西省忻州市代县阳明堡镇长河村,31B0,144081501,忻州,客服,AC01101,41000.0,山西,409830.0,2020-09-02
代县宏威水泥有限责任公司,820559027,1521907395,山西省忻州市代县阳明堡镇长河村,31B0,144081501,忻州,客服,AC01101,41000.0,山西,482400.0,2020-09-03
代县宏威水泥有限责任公司,820559027,1521907395,山西省忻州市代县阳明堡镇长河村,31B0,144081501,忻州,客服,AC01101,41000.0,山西,482400.0,2020-09-04
代县宏威水泥有限责任公司,820559027,1521907395,山西省忻州市代县阳明堡镇长河村,31B0,144081501,忻州,客服,AC01101,41000.0,山西,99300.0,2020-09-05
代县宏威水泥有限责任公司,820559027,1521907395,山西省忻州市代县阳明堡镇长河村,31B0,144081501,忻州,客服,AC01101,41000.0,山西,171810.0,2020-09-06
代县宏威水泥有限责任公司,820559027,1521907395,山西省忻州市代县阳明堡镇长河村,31B0,144081501,忻州,客服,AC01101,41000.0,山西,145440.0,2020-09-08
代县宏威水泥有限责任公司,820559027,1521907395,山西省忻州市代县阳明堡镇长河村,31B0,144081501,忻州,客服,AC01101,41000.0,山西,86010.0,2020-09-09
代县宏威水泥有限责任公司,820559027,1521907395,山西省忻州市代县阳明堡镇长河村,31B0,144081501,忻州,客服,AC01101,41000.0,山西,86340.0,2020-09-10
代县宏威水泥有限责任公司,820559027,1521907395,山西省忻州市代县阳明堡镇长河村,31B0,144081501,忻州,客服,AC01101,41000.0,山西,172230.0,2020-09-11
代县宏威水泥有限责任公司,820559027,1521907395,山西省忻州市代县阳明堡镇长河村,31B0,144081501,忻州,客服,AC01101,41000.0,山西,171870.0,2020-09-12
代县宏威水泥有限责任公司,820559027,1521907395,山西省忻州市代县阳明堡镇长河村,31B0,144081501,忻州,客服,AC01101,41000.0,山西,172140.0,2020-09-14
代县宏威水泥有限责任公司,820559027,1521907395,山西省忻州市代县阳明堡镇长河村,31B0,144081501,忻州,客服,AC01101,41000.0,山西,218520.0,2020-09-15
代县宏威水泥有限责任公司,820559027,1521907395,山西省忻州市代县阳明堡镇长河村,31B0,144081501,忻州,客服,AC01101,41000.0,山西,264780.0,2020-09-16
代县宏威水泥有限责任公司,820559027,1521907395,山西省忻州市代县阳明堡镇长河村,31B0,144081501,忻州,客服,AC01101,41000.0,山西,443070.0,2020-09-17
代县宏威水泥有限责任公司,820559027,1521907395,山西省忻州市代县阳明堡镇长河村,31B0,144081501,忻州,客服,AC01101,41000.0,山西,456180.0,2020-09-18
代县宏威水泥有限责任公司,820559027,1521907395,山西省忻州市代县阳明堡镇长河村,31B0,144081501,忻州,客服,AC01101,41000.0,山西,476220.0,2020-09-19
代县宏威水泥有限责任公司,820559027,1521907395,山西省忻州市代县阳明堡镇长河村,31B0,144081501,忻州,客服,AC01101,41000.0,山西,449730.0,2020-09-20
代县宏威水泥有限责任公司,820559027,1521907395,山西省忻州市代县阳明堡镇长河村,31B0,144081501,忻州,客服,AC01101,41000.0,山西,476070.0,2020-09-21
代县宏威水泥有限责任公司,820559027,1521907395,山西省忻州市代县阳明堡镇长河村,31B0,144081501,忻州,客服,AC01101,41000.0,山西,469470.0,2020-09-22
代县宏威水泥有限责任公司,820559027,1521907395,山西省忻州市代县阳明堡镇长河村,31B0,144081501,忻州,客服,AC01101,41000.0,山西,429750.0,2020-09-23
代县宏威水泥有限责任公司,820559027,1521907395,山西省忻州市代县阳明堡镇长河村,31B0,144081501,忻州,客服,AC01101,41000.0,山西,469440.0,2020-09-24
代县宏威水泥有限责任公司,820559027,1521907395,山西省忻州市代县阳明堡镇长河村,31B0,144081501,忻州,客服,AC01101,41000.0,山西,337230.0,2020-09-25
代县宏威水泥有限责任公司,820559027,1521907395,山西省忻州市代县阳明堡镇长河村,31B0,144081501,忻州,客服,AC01101,41000.0,山西,317370.0,2020-09-26
代县宏威水泥有限责任公司,820559027,1521907395,山西省忻州市代县阳明堡镇长河村,31B0,144081501,忻州,客服,AC01101,41000.0,山西,436410.0,2020-09-27
代县宏威水泥有限责任公司,820559027,1521907395,山西省忻州市代县阳明堡镇长河村,31B0,144081501,忻州,客服,AC01101,41000.0,山西,449640.0,2020-09-28
代县宏威水泥有限责任公司,820559027,1521907395,山西省忻州市代县阳明堡镇长河村,31B0,144081501,忻州,客服,AC01101,41000.0,山西,436440.0,2020-09-29
代县宏威水泥有限责任公司,820559027,1521907395,山西省忻州市代县阳明堡镇长河村,31B0,144081501,忻州,客服,AC01101,41000.0,山西,469260.0,2020-09-30
代县宏威水泥有限责任公司,820559027,1521907395,山西省忻州市代县阳明堡镇长河村,31B0,144081501,忻州,客服,AC01101,41000.0,山西,449580.0,2020-10-01
代县宏威水泥有限责任公司,820559027,1521907395,山西省忻州市代县阳明堡镇长河村,31B0,144081501,忻州,客服,AC01101,41000.0,山西,469440.0,2020-10-02
代县宏威水泥有限责任公司,820559027,1521907395,山西省忻州市代县阳明堡镇长河村,31B0,144081501,忻州,客服,AC01101,41000.0,山西,423240.0,2020-10-03
代县宏威水泥有限责任公司,820559027,1521907395,山西省忻州市代县阳明堡镇长河村,31B0,144081501,忻州,客服,AC01101,41000.0,山西,476070.0,2020-10-04
代县宏威水泥有限责任公司,820559027,1521907395,山西省忻州市代县阳明堡镇长河村,31B0,144081501,忻州,客服,AC01101,41000.0,山西,390210.0,2020-10-05
代县宏威水泥有限责任公司,820559027,1521907395,山西省忻州市代县阳明堡镇长河村,31B0,144081501,忻州,客服,AC01101,41000.0,山西,356970.0,2020-10-06
代县宏威水泥有限责任公司,820559027,1521907395,山西省忻州市代县阳明堡镇长河村,31B0,144081501,忻州,客服,AC01101,41000.0,山西,436500.0,2020-10-07
代县宏威水泥有限责任公司,820559027,1521907395,山西省忻州市代县阳明堡镇长河村,31B0,144081501,忻州,客服,AC01101,41000.0,山西,443100.0,2020-10-08
代县宏威水泥有限责任公司,820559027,1521907395,山西省忻州市代县阳明堡镇长河村,31B0,144081501,忻州,客服,AC01101,41000.0,山西,482340.0,2020-10-09
代县宏威水泥有限责任公司,820559027,1521907395,山西省忻州市代县阳明堡镇长河村,31B0,144081501,忻州,客服,AC01101,41000.0,山西,442800.0,2020-10-10
代县宏威水泥有限责任公司,820559027,1521907395,山西省忻州市代县阳明堡镇长河村,31B0,144081501,忻州,客服,AC01101,41000.0,山西,423180.0,2020-10-11
代县宏威水泥有限责任公司,820559027,1521907395,山西省忻州市代县阳明堡镇长河村,31B0,144081501,忻州,客服,AC01101,41000.0,山西,429660.0,2020-10-12
代县宏威水泥有限责任公司,820559027,1521907395,山西省忻州市代县阳明堡镇长河村,31B0,144081501,忻州,客服,AC01101,41000.0,山西,284310.0,2020-10-13
代县宏威水泥有限责任公司,820559027,1521907395,山西省忻州市代县阳明堡镇长河村,31B0,144081501,忻州,客服,AC01101,41000.0,山西,456060.0,2020-10-14
代县宏威水泥有限责任公司,820559027,1521907395,山西省忻州市代县阳明堡镇长河村,31B0,144081501,忻州,客服,AC01101,41000.0,山西,449460.0,2020-10-15
代县宏威水泥有限责任公司,820559027,1521907395,山西省忻州市代县阳明堡镇长河村,31B0,144081501,忻州,客服,AC01101,41000.0,山西,489330.0,2020-10-16
代县宏威水泥有限责任公司,820559027,1521907395,山西省忻州市代县阳明堡镇长河村,31B0,144081501,忻州,客服,AC01101,41000.0,山西,436530.0,2020-10-17
代县宏威水泥有限责任公司,820559027,1521907395,山西省忻州市代县阳明堡镇长河村,31B0,144081501,忻州,客服,AC01101,41000.0,山西,482640.0,2020-10-18
代县宏威水泥有限责任公司,820559027,1521907395,山西省忻州市代县阳明堡镇长河村,31B0,144081501,忻州,客服,AC01101,41000.0,山西,396810.0,2020-10-19
代县宏威水泥有限责任公司,820559027,1521907395,山西省忻州市代县阳明堡镇长河村,31B0,144081501,忻州,客服,AC01101,41000.0,山西,456150.0,2020-10-20
代县宏威水泥有限责任公司,820559027,1521907395,山西省忻州市代县阳明堡镇长河村,31B0,144081501,忻州,客服,AC01101,41000.0,山西,495810.0,2020-10-21
代县宏威水泥有限责任公司,820559027,1521907395,山西省忻州市代县阳明堡镇长河村,31B0,144081501,忻州,客服,AC01101,41000.0,山西,489240.0,2020-10-22
代县宏威水泥有限责任公司,820559027,1521907395,山西省忻州市代县阳明堡镇长河村,31B0,144081501,忻州,客服,AC01101,41000.0,山西,515670.0,2020-10-23
代县宏威水泥有限责任公司,820559027,1521907395,山西省忻州市代县阳明堡镇长河村,31B0,144081501,忻州,客服,AC01101,41000.0,山西,482790.0,2020-10-24
代县宏威水泥有限责任公司,820559027,1521907395,山西省忻州市代县阳明堡镇长河村,31B0,144081501,忻州,客服,AC01101,41000.0,山西,475920.0,2020-10-25
代县宏威水泥有限责任公司,820559027,1521907395,山西省忻州市代县阳明堡镇长河村,31B0,144081501,忻州,客服,AC01101,41000.0,山西,489090.0,2020-10-26
代县宏威水泥有限责任公司,820559027,1521907395,山西省忻州市代县阳明堡镇长河村,31B0,144081501,忻州,客服,AC01101,41000.0,山西,495900.0,2020-10-27
代县宏威水泥有限责任公司,820559027,1521907395,山西省忻州市代县阳明堡镇长河村,31B0,144081501,忻州,客服,AC01101,41000.0,山西,363720.0,2020-10-29
代县宏威水泥有限责任公司,820559027,1521907395,山西省忻州市代县阳明堡镇长河村,31B0,144081501,忻州,客服,AC01101,41000.0,山西,495870.0,2020-10-30
代县宏威水泥有限责任公司,820559027,1521907395,山西省忻州市代县阳明堡镇长河村,31B0,144081501,忻州,客服,AC01101,41000.0,山西,476040.0,2020-10-31
代县宏威水泥有限责任公司,820559027,1521907395,山西省忻州市代县阳明堡镇长河村,31B0,144081501,忻州,客服,AC01101,41000.0,山西,462870.0,2020-11-01
代县宏威水泥有限责任公司,820559027,1521907395,山西省忻州市代县阳明堡镇长河村,31B0,144081501,忻州,客服,AC01101,41000.0,山西,495870.0,2020-11-02
代县宏威水泥有限责任公司,820559027,1521907395,山西省忻州市代县阳明堡镇长河村,31B0,144081501,忻州,客服,AC01101,41000.0,山西,495870.0,2020-11-03
代县宏威水泥有限责任公司,820559027,1521907395,山西省忻州市代县阳明堡镇长河村,31B0,144081501,忻州,客服,AC01101,41000.0,山西,469470.0,2020-11-04
代县宏威水泥有限责任公司,820559027,1521907395,山西省忻州市代县阳明堡镇长河村,31B0,144081501,忻州,客服,AC01101,41000.0,山西,456180.0,2020-11-05
代县宏威水泥有限责任公司,820559027,1521907395,山西省忻州市代县阳明堡镇长河村,31B0,144081501,忻州,客服,AC01101,41000.0,山西,495630.0,2020-11-06
代县宏威水泥有限责任公司,820559027,1521907395,山西省忻州市代县阳明堡镇长河村,31B0,144081501,忻州,客服,AC01101,41000.0,山西,495750.0,2020-11-07
代县宏威水泥有限责任公司,820559027,1521907395,山西省忻州市代县阳明堡镇长河村,31B0,144081501,忻州,客服,AC01101,41000.0,山西,469290.0,2020-11-08
代县宏威水泥有限责任公司,820559027,1521907395,山西省忻州市代县阳明堡镇长河村,31B0,144081501,忻州,客服,AC01101,41000.0,山西,475950.0,2020-11-09
代县宏威水泥有限责任公司,820559027,1521907395,山西省忻州市代县阳明堡镇长河村,31B0,144081501,忻州,客服,AC01101,41000.0,山西,449580.0,2020-11-12
代县宏威水泥有限责任公司,820559027,1521907395,山西省忻州市代县阳明堡镇长河村,31B0,144081501,忻州,客服,AC01101,41000.0,山西,482640.0,2020-11-14
代县宏威水泥有限责任公司,820559027,1521907395,山西省忻州市代县阳明堡镇长河村,31B0,144081501,忻州,客服,AC01101,41000.0,山西,476010.0,2020-11-15
代县宏威水泥有限责任公司,820559027,1521907395,山西省忻州市代县阳明堡镇长河村,31B0,144081501,忻州,客服,AC01101,41000.0,山西,403380.0,2020-11-19
代县宏威水泥有限责任公司,820559027,1521907395,山西省忻州市代县阳明堡镇长河村,31B0,144081501,忻州,客服,AC01101,41000.0,山西,416640.0,2020-11-20
代县宏威水泥有限责任公司,820559027,1521907395,山西省忻州市代县阳明堡镇长河村,31B0,144081501,忻州,客服,AC01101,41000.0,山西,396630.0,2020-11-21
代县宏威水泥有限责任公司,820559027,1521907395,山西省忻州市代县阳明堡镇长河村,31B0,144081501,忻州,客服,AC01101,41000.0,山西,429690.0,2020-11-22
代县宏威水泥有限责任公司,820559027,1521907395,山西省忻州市代县阳明堡镇长河村,31B0,144081501,忻州,客服,AC01101,41000.0,山西,409890.0,2020-11-23
代县宏威水泥有限责任公司,820559027,1521907395,山西省忻州市代县阳明堡镇长河村,31B0,144081501,忻州,客服,AC01101,41000.0,山西,429870.0,2020-11-24
代县宏威水泥有限责任公司,820559027,1521907395,山西省忻州市代县阳明堡镇长河村,31B0,144081501,忻州,客服,AC01101,41000.0,山西,442980.0,2020-11-25
代县宏威水泥有限责任公司,820559027,1521907395,山西省忻州市代县阳明堡镇长河村,31B0,144081501,忻州,客服,AC01101,41000.0,山西,429720.0,2020-11-26
代县宏威水泥有限责任公司,820559027,1521907395,山西省忻州市代县阳明堡镇长河村,31B0,144081501,忻州,客服,AC01101,41000.0,山西,780.0,2020-11-27
代县宏威水泥有限责任公司,820559027,1521907395,山西省忻州市代县阳明堡镇长河村,31B0,144081501,忻州,客服,AC01101,41000.0,山西,780.0,2020-11-28
代县宏威水泥有限责任公司,820559027,1521907395,山西省忻州市代县阳明堡镇长河村,31B0,144081501,忻州,客服,AC01101,41000.0,山西,780.0,2020-11-29
代县宏威水泥有限责任公司,820559027,1521907395,山西省忻州市代县阳明堡镇长河村,31B0,144081501,忻州,客服,AC01101,41000.0,山西,900.0,2020-11-30
代县宏威水泥有限责任公司,820559027,1521907395,山西省忻州市代县阳明堡镇长河村,31B0,144081501,忻州,客服,AC01101,41000.0,山西,810.0,2020-12-01
代县宏威水泥有限责任公司,820559027,1521907395,山西省忻州市代县阳明堡镇长河村,31B0,144081501,忻州,客服,AC01101,41000.0,山西,960.0,2020-12-02
代县宏威水泥有限责任公司,820559027,1521907395,山西省忻州市代县阳明堡镇长河村,31B0,144081501,忻州,客服,AC01101,41000.0,山西,750.0,2020-12-03
代县宏威水泥有限责任公司,820559027,1521907395,山西省忻州市代县阳明堡镇长河村,31B0,144081501,忻州,客服,AC01101,41000.0,山西,788.08,2020-12-04
代县宏威水泥有限责任公司,820559027,1521907395,山西省忻州市代县阳明堡镇长河村,31B0,144081501,忻州,客服,AC01101,41000.0,山西,759.66,2020-12-05
代县宏威水泥有限责任公司,820559027,1521907395,山西省忻州市代县阳明堡镇长河村,31B0,144081501,忻州,客服,AC01101,41000.0,山西,790.08,2020-12-06
代县宏威水泥有限责任公司,820559027,1521907395,山西省忻州市代县阳明堡镇长河村,31B0,144081501,忻州,客服,AC01101,41000.0,山西,774.86,2020-12-07
代县宏威水泥有限责任公司,820559027,1521907395,山西省忻州市代县阳明堡镇长河村,31B0,144081501,忻州,客服,AC01101,41000.0,山西,780.0,2020-12-08
山西金虎水泥有限责任公司,910874412,1197213419,山西省吕梁市交城县洪相乡广兴村307国道山西金虎水泥有限责任公司,31B0,144090101,吕梁,交城,AC00101,1600.0,山西,34290.0,2020-07-10
山西金虎水泥有限责任公司,910874412,1197213419,山西省吕梁市交城县洪相乡广兴村307国道山西金虎水泥有限责任公司,31B0,144090101,吕梁,交城,AC00101,1600.0,山西,34500.0,2020-07-11
太原金圆水泥有限责任公司,100970381,2528433,山西省太原市阳曲县东黄水镇古县村路古县村,31B0,144011214,太原,客服,AC00351,32050.0,山西,188123.6,2020-07-11
太原金圆水泥有限责任公司,100970381,2528433,山西省太原市阳曲县东黄水镇古县村路古县村,31B0,144011214,太原,客服,AC00351,32050.0,山西,213270.8,2020-07-12
太原金圆水泥有限责任公司,100970381,2528433,山西省太原市阳曲县东黄水镇古县村路古县村,31B0,144011214,太原,客服,AC00351,32050.0,山西,97116.8,2020-07-17
山西金虎水泥有限责任公司,910874412,1197213419,山西省吕梁市交城县洪相乡广兴村307国道山西金虎水泥有限责任公司,31B0,144090101,吕梁,交城,AC00101,1600.0,山西,15390.0,2020-07-18
太原金圆水泥有限责任公司,100970381,2528433,山西省太原市阳曲县东黄水镇古县村路古县村,31B0,144011214,太原,客服,AC00351,32050.0,山西,226152.8,2020-07-19
山西金虎水泥有限责任公司,910874412,1197213419,山西省吕梁市交城县洪相乡广兴村307国道山西金虎水泥有限责任公司,31B0,144090101,吕梁,交城,AC00101,1600.0,山西,33210.0,2020-07-20
太原金圆水泥有限责任公司,100970381,2528433,山西省太原市阳曲县东黄水镇古县村路古县村,31B0,144011214,太原,客服,AC00351,32050.0,山西,227293.6,2020-07-25
山西金虎水泥有限责任公司,910874412,1197213419,山西省吕梁市交城县洪相乡广兴村307国道山西金虎水泥有限责任公司,31B0,144090101,吕梁,交城,AC00101,1600.0,山西,44640.0,2020-07-28
太原金圆水泥有限责任公司,100970381,2528433,山西省太原市阳曲县东黄水镇古县村路古县村,31B0,144011214,太原,客服,AC00351,32050.0,山西,268486.8,2020-07-29
山西金虎水泥有限责任公司,910874412,1197213419,山西省吕梁市交城县洪相乡广兴村307国道山西金虎水泥有限责任公司,31B0,144090101,吕梁,交城,AC00101,1600.0,山西,36030.0,2020-07-29
山西金虎水泥有限责任公司,910874412,1197213419,山西省吕梁市交城县洪相乡广兴村307国道山西金虎水泥有限责任公司,31B0,144090101,吕梁,交城,AC00101,1600.0,山西,44550.0,2020-07-30
山西金虎水泥有限责任公司,910874412,1197213419,山西省吕梁市交城县洪相乡广兴村307国道山西金虎水泥有限责任公司,31B0,144090101,吕梁,交城,AC00101,1600.0,山西,44250.0,2020-08-01
山西金虎水泥有限责任公司,910874412,1197213419,山西省吕梁市交城县洪相乡广兴村307国道山西金虎水泥有限责任公司,31B0,144090101,吕梁,交城,AC00101,1600.0,山西,43830.0,2020-08-04
太原金圆水泥有限责任公司,100970381,2528433,山西省太原市阳曲县东黄水镇古县村路古县村,31B0,144011214,太原,客服,AC00351,32050.0,山西,211619.6,2020-08-09
山西金虎水泥有限责任公司,910874412,1197213419,山西省吕梁市交城县洪相乡广兴村307国道山西金虎水泥有限责任公司,31B0,144090101,吕梁,交城,AC00101,1600.0,山西,44010.0,2020-08-09
太原金圆水泥有限责任公司,100970381,2528433,山西省太原市阳曲县东黄水镇古县村路古县村,31B0,144011214,太原,客服,AC00351,32050.0,山西,196552.8,2020-08-11
太原金圆水泥有限责任公司,100970381,2528433,山西省太原市阳曲县东黄水镇古县村路古县村,31B0,144011214,太原,客服,AC00351,32050.0,山西,183631.6,2020-08-12
山西金虎水泥有限责任公司,910874412,1197213419,山西省吕梁市交城县洪相乡广兴村307国道山西金虎水泥有限责任公司,31B0,144090101,吕梁,交城,AC00101,1600.0,山西,43410.0,2020-08-12
山西金虎水泥有限责任公司,910874412,1197213419,山西省吕梁市交城县洪相乡广兴村307国道山西金虎水泥有限责任公司,31B0,144090101,吕梁,交城,AC00101,1600.0,山西,29250.0,2020-08-19
山西金虎水泥有限责任公司,910874412,1197213419,山西省吕梁市交城县洪相乡广兴村307国道山西金虎水泥有限责任公司,31B0,144090101,吕梁,交城,AC00101,1600.0,山西,32400.0,2020-08-24
太原金圆水泥有限责任公司,100970381,2528433,山西省太原市阳曲县东黄水镇古县村路古县村,31B0,144011214,太原,客服,AC00351,32050.0,山西,91147.2,2020-08-25
山西金虎水泥有限责任公司,910874412,1197213419,山西省吕梁市交城县洪相乡广兴村307国道山西金虎水泥有限责任公司,31B0,144090101,吕梁,交城,AC00101,1600.0,山西,10230.0,2020-08-25
山西金虎水泥有限责任公司,910874412,1197213419,山西省吕梁市交城县洪相乡广兴村307国道山西金虎水泥有限责任公司,31B0,144090101,吕梁,交城,AC00101,1600.0,山西,26970.0,2020-08-26
太原金圆水泥有限责任公司,100970381,2528433,山西省太原市阳曲县东黄水镇古县村路古县村,31B0,144011214,太原,客服,AC00351,32050.0,山西,142409.6,2020-08-26
太原金圆水泥有限责任公司,100970381,2528433,山西省太原市阳曲县东黄水镇古县村路古县村,31B0,144011214,太原,客服,AC00351,32050.0,山西,200341.6,2020-08-27
太原金圆水泥有限责任公司,100970381,2528433,山西省太原市阳曲县东黄水镇古县村路古县村,31B0,144011214,太原,客服,AC00351,32050.0,山西,121649.2,2020-09-03
太原金圆水泥有限责任公司,100970381,2528433,山西省太原市阳曲县东黄水镇古县村路古县村,31B0,144011214,太原,客服,AC00351,32050.0,山西,170395.2,2020-08-31
山西金虎水泥有限责任公司,910874412,1197213419,山西省吕梁市交城县洪相乡广兴村307国道山西金虎水泥有限责任公司,31B0,144090101,吕梁,交城,AC00101,1600.0,山西,23910.0,2020-08-31
太原金圆水泥有限责任公司,100970381,2528433,山西省太原市阳曲县东黄水镇古县村路古县村,31B0,144011214,太原,客服,AC00351,32050.0,山西,107948.0,2020-09-02
山西金虎水泥有限责任公司,910874412,1197213419,山西省吕梁市交城县洪相乡广兴村307国道山西金虎水泥有限责任公司,31B0,144090101,吕梁,交城,AC00101,1600.0,山西,30240.0,2020-09-02
山西金虎水泥有限责任公司,910874412,1197213419,山西省吕梁市交城县洪相乡广兴村307国道山西金虎水泥有限责任公司,31B0,144090101,吕梁,交城,AC00101,1600.0,山西,15750.0,2020-09-09
山西金虎水泥有限责任公司,910874412,1197213419,山西省吕梁市交城县洪相乡广兴村307国道山西金虎水泥有限责任公司,31B0,144090101,吕梁,交城,AC00101,1600.0,山西,7770.0,2020-10-14
太原金圆水泥有限责任公司,100970381,2528433,山西省太原市阳曲县东黄水镇古县村路古县村,31B0,144011214,太原,客服,AC00351,32050.0,山西,11534.8,2020-10-14
太原金圆水泥有限责任公司,100970381,2528433,山西省太原市阳曲县东黄水镇古县村路古县村,31B0,144011214,太原,客服,AC00351,32050.0,山西,276838.4,2020-09-11
山西金虎水泥有限责任公司,910874412,1197213419,山西省吕梁市交城县洪相乡广兴村307国道山西金虎水泥有限责任公司,31B0,144090101,吕梁,交城,AC00101,1600.0,山西,1860.0,2020-09-12
太原金圆水泥有限责任公司,100970381,2528433,山西省太原市阳曲县东黄水镇古县村路古县村,31B0,144011214,太原,客服,AC00351,32050.0,山西,202350.4,2020-09-17
山西金虎水泥有限责任公司,910874412,1197213419,山西省吕梁市交城县洪相乡广兴村307国道山西金虎水泥有限责任公司,31B0,144090101,吕梁,交城,AC00101,1600.0,山西,22650.0,2020-09-17
山西金虎水泥有限责任公司,910874412,1197213419,山西省吕梁市交城县洪相乡广兴村307国道山西金虎水泥有限责任公司,31B0,144090101,吕梁,交城,AC00101,1600.0,山西,36930.0,2020-09-20
山西金虎水泥有限责任公司,910874412,1197213419,山西省吕梁市交城县洪相乡广兴村307国道山西金虎水泥有限责任公司,31B0,144090101,吕梁,交城,AC00101,1600.0,山西,31440.0,2020-09-22
太原金圆水泥有限责任公司,100970381,2528433,山西省太原市阳曲县东黄水镇古县村路古县村,31B0,144011214,太原,客服,AC00351,32050.0,山西,249929.6,2020-09-22
山西金虎水泥有限责任公司,910874412,1197213419,山西省吕梁市交城县洪相乡广兴村307国道山西金虎水泥有限责任公司,31B0,144090101,吕梁,交城,AC00101,1600.0,山西,25500.0,2020-09-24
山西金虎水泥有限责任公司,910874412,1197213419,山西省吕梁市交城县洪相乡广兴村307国道山西金虎水泥有限责任公司,31B0,144090101,吕梁,交城,AC00101,1600.0,山西,41460.0,2020-09-29
山西金虎水泥有限责任公司,910874412,1197213419,山西省吕梁市交城县洪相乡广兴村307国道山西金虎水泥有限责任公司,31B0,144090101,吕梁,交城,AC00101,1600.0,山西,32880.0,2020-10-07
太原金圆水泥有限责任公司,100970381,2528433,山西省太原市阳曲县东黄水镇古县村路古县村,31B0,144011214,太原,客服,AC00351,32050.0,山西,256843.6,2020-10-08
太原金圆水泥有限责任公司,100970381,2528433,山西省太原市阳曲县东黄水镇古县村路古县村,31B0,144011214,太原,客服,AC00351,32050.0,山西,255209.6,2020-10-09
山西金虎水泥有限责任公司,910874412,1197213419,山西省吕梁市交城县洪相乡广兴村307国道山西金虎水泥有限责任公司,31B0,144090101,吕梁,交城,AC00101,1600.0,山西,41760.0,2020-10-10
太原金圆水泥有限责任公司,100970381,2528433,山西省太原市阳曲县东黄水镇古县村路古县村,31B0,144011214,太原,客服,AC00351,32050.0,山西,21900.0,2020-10-10
山西金虎水泥有限责任公司,910874412,1197213419,山西省吕梁市交城县洪相乡广兴村307国道山西金虎水泥有限责任公司,31B0,144090101,吕梁,交城,AC00101,1600.0,山西,38880.0,2020-10-21
太原金圆水泥有限责任公司,100970381,2528433,山西省太原市阳曲县东黄水镇古县村路古县村,31B0,144011214,太原,客服,AC00351,32050.0,山西,19924.0,2020-10-25
山西金虎水泥有限责任公司,910874412,1197213419,山西省吕梁市交城县洪相乡广兴村307国道山西金虎水泥有限责任公司,31B0,144090101,吕梁,交城,AC00101,1600.0,山西,34320.0,2020-10-25
山西金虎水泥有限责任公司,910874412,1197213419,山西省吕梁市交城县洪相乡广兴村307国道山西金虎水泥有限责任公司,31B0,144090101,吕梁,交城,AC00101,1600.0,山西,23370.0,2020-10-27
太原金圆水泥有限责任公司,100970381,2528433,山西省太原市阳曲县东黄水镇古县村路古县村,31B0,144011214,太原,客服,AC00351,32050.0,山西,15796.0,2020-10-27
山西金虎水泥有限责任公司,910874412,1197213419,山西省吕梁市交城县洪相乡广兴村307国道山西金虎水泥有限责任公司,31B0,144090101,吕梁,交城,AC00101,1600.0,山西,2250.0,2020-11-05
太原金圆水泥有限责任公司,100970381,2528433,山西省太原市阳曲县东黄水镇古县村路古县村,31B0,144011214,太原,客服,AC00351,32050.0,山西,355081.6,2020-11-06
山西金虎水泥有限责任公司,910874412,1197213419,山西省吕梁市交城县洪相乡广兴村307国道山西金虎水泥有限责任公司,31B0,144090101,吕梁,交城,AC00101,1600.0,山西,27690.0,2020-11-16
太原金圆水泥有限责任公司,100970381,2528433,山西省太原市阳曲县东黄水镇古县村路古县村,31B0,144011214,太原,客服,AC00351,32050.0,山西,20166.4,2020-11-16
太原金圆水泥有限责任公司,100970381,2528433,山西省太原市阳曲县东黄水镇古县村路古县村,31B0,144011214,太原,客服,AC00351,32050.0,山西,19582.0,2020-11-17
山西金虎水泥有限责任公司,910874412,1197213419,山西省吕梁市交城县洪相乡广兴村307国道山西金虎水泥有限责任公司,31B0,144090101,吕梁,交城,AC00101,1600.0,山西,30360.0,2020-11-13
山西金虎水泥有限责任公司,910874412,1197213419,山西省吕梁市交城县洪相乡广兴村307国道山西金虎水泥有限责任公司,31B0,144090101,吕梁,交城,AC00101,1600.0,山西,8400.0,2020-11-14
太原金圆水泥有限责任公司,100970381,2528433,山西省太原市阳曲县东黄水镇古县村路古县村,31B0,144011214,太原,客服,AC00351,32050.0,山西,17647.2,2020-11-15
山西金虎水泥有限责任公司,910874412,1197213419,山西省吕梁市交城县洪相乡广兴村307国道山西金虎水泥有限责任公司,31B0,144090101,吕梁,交城,AC00101,1600.0,山西,16320.0,2020-11-15
山西金虎水泥有限责任公司,910874412,1197213419,山西省吕梁市交城县洪相乡广兴村307国道山西金虎水泥有限责任公司,31B0,144090101,吕梁,交城,AC00101,1600.0,山西,38250.0,2020-11-19
山西金虎水泥有限责任公司,910874412,1197213419,山西省吕梁市交城县洪相乡广兴村307国道山西金虎水泥有限责任公司,31B0,144090101,吕梁,交城,AC00101,1600.0,山西,34290.0,2020-07-12
山西金虎水泥有限责任公司,910874412,1197213419,山西省吕梁市交城县洪相乡广兴村307国道山西金虎水泥有限责任公司,31B0,144090101,吕梁,交城,AC00101,1600.0,山西,3300.0,2020-07-13
太原金圆水泥有限责任公司,100970381,2528433,山西省太原市阳曲县东黄水镇古县村路古县村,31B0,144011214,太原,客服,AC00351,32050.0,山西,81714.8,2020-07-08
山西金虎水泥有限责任公司,910874412,1197213419,山西省吕梁市交城县洪相乡广兴村307国道山西金虎水泥有限责任公司,31B0,144090101,吕梁,交城,AC00101,1600.0,山西,30510.0,2020-07-08
山西金虎水泥有限责任公司,910874412,1197213419,山西省吕梁市交城县洪相乡广兴村307国道山西金虎水泥有限责任公司,31B0,144090101,吕梁,交城,AC00101,1600.0,山西,33270.0,2020-07-09
太原金圆水泥有限责任公司,100970381,2528433,山西省太原市阳曲县东黄水镇古县村路古县村,31B0,144011214,太原,客服,AC00351,32050.0,山西,154203.2,2020-07-10
太原金圆水泥有限责任公司,100970381,2528433,山西省太原市阳曲县东黄水镇古县村路古县村,31B0,144011214,太原,客服,AC00351,32050.0,山西,114452.4,2020-07-06
太原金圆水泥有限责任公司,100970381,2528433,山西省太原市阳曲县东黄水镇古县村路古县村,31B0,144011214,太原,客服,AC00351,32050.0,山西,214376.0,2020-07-18
山西金虎水泥有限责任公司,910874412,1197213419,山西省吕梁市交城县洪相乡广兴村307国道山西金虎水泥有限责任公司,31B0,144090101,吕梁,交城,AC00101,1600.0,山西,34680.0,2020-07-02
太原金圆水泥有限责任公司,100970381,2528433,山西省太原市阳曲县东黄水镇古县村路古县村,31B0,144011214,太原,客服,AC00351,32050.0,山西,81394.0,2020-07-02
太原金圆水泥有限责任公司,100970381,2528433,山西省太原市阳曲县东黄水镇古县村路古县村,31B0,144011214,太原,客服,AC00351,32050.0,山西,152328.8,2020-07-01
山西金虎水泥有限责任公司,910874412,1197213419,山西省吕梁市交城县洪相乡广兴村307国道山西金虎水泥有限责任公司,31B0,144090101,吕梁,交城,AC00101,1600.0,山西,34950.0,2020-07-01
山西金虎水泥有限责任公司,910874412,1197213419,山西省吕梁市交城县洪相乡广兴村307国道山西金虎水泥有限责任公司,31B0,144090101,吕梁,交城,AC00101,1600.0,山西,43320.0,2020-07-03
太原金圆水泥有限责任公司,100970381,2528433,山西省太原市阳曲县东黄水镇古县村路古县村,31B0,144011214,太原,客服,AC00351,32050.0,山西,69693.6,2020-07-03
太原金圆水泥有限责任公司,100970381,2528433,山西省太原市阳曲县东黄水镇古县村路古县村,31B0,144011214,太原,客服,AC00351,32050.0,山西,84240.8,2020-07-04
山西金虎水泥有限责任公司,910874412,1197213419,山西省吕梁市交城县洪相乡广兴村307国道山西金虎水泥有限责任公司,31B0,144090101,吕梁,交城,AC00101,1600.0,山西,43110.0,2020-07-04
太原金圆水泥有限责任公司,100970381,2528433,山西省太原市阳曲县东黄水镇古县村路古县村,31B0,144011214,太原,客服,AC00351,32050.0,山西,127340.8,2020-07-05
山西金虎水泥有限责任公司,910874412,1197213419,山西省吕梁市交城县洪相乡广兴村307国道山西金虎水泥有限责任公司,31B0,144090101,吕梁,交城,AC00101,1600.0,山西,43080.0,2020-07-05
山西金虎水泥有限责任公司,910874412,1197213419,山西省吕梁市交城县洪相乡广兴村307国道山西金虎水泥有限责任公司,31B0,144090101,吕梁,交城,AC00101,1600.0,山西,33420.0,2020-07-06
太原金圆水泥有限责任公司,100970381,2528433,山西省太原市阳曲县东黄水镇古县村路古县村,31B0,144011214,太原,客服,AC00351,32050.0,山西,139664.4,2020-07-07
山西金虎水泥有限责任公司,910874412,1197213419,山西省吕梁市交城县洪相乡广兴村307国道山西金虎水泥有限责任公司,31B0,144090101,吕梁,交城,AC00101,1600.0,山西,34050.0,2020-07-07
太原金圆水泥有限责任公司,100970381,2528433,山西省太原市阳曲县东黄水镇古县村路古县村,31B0,144011214,太原,客服,AC00351,32050.0,山西,81748.4,2020-07-09
太原金圆水泥有限责任公司,100970381,2528433,山西省太原市阳曲县东黄水镇古县村路古县村,31B0,144011214,太原,客服,AC00351,32050.0,山西,174667.2,2020-07-13
太原金圆水泥有限责任公司,100970381,2528433,山西省太原市阳曲县东黄水镇古县村路古县村,31B0,144011214,太原,客服,AC00351,32050.0,山西,208826.4,2020-07-14
山西金虎水泥有限责任公司,910874412,1197213419,山西省吕梁市交城县洪相乡广兴村307国道山西金虎水泥有限责任公司,31B0,144090101,吕梁,交城,AC00101,1600.0,山西,930.0,2020-07-14
太原金圆水泥有限责任公司,100970381,2528433,山西省太原市阳曲县东黄水镇古县村路古县村,31B0,144011214,太原,客服,AC00351,32050.0,山西,228157.2,2020-07-15
山西金虎水泥有限责任公司,910874412,1197213419,山西省吕梁市交城县洪相乡广兴村307国道山西金虎水泥有限责任公司,31B0,144090101,吕梁,交城,AC00101,1600.0,山西,16410.0,2020-07-15
山西金虎水泥有限责任公司,910874412,1197213419,山西省吕梁市交城县洪相乡广兴村307国道山西金虎水泥有限责任公司,31B0,144090101,吕梁,交城,AC00101,1600.0,山西,18720.0,2020-07-16
太原金圆水泥有限责任公司,100970381,2528433,山西省太原市阳曲县东黄水镇古县村路古县村,31B0,144011214,太原,客服,AC00351,32050.0,山西,188977.6,2020-07-16
山西金虎水泥有限责任公司,910874412,1197213419,山西省吕梁市交城县洪相乡广兴村307国道山西金虎水泥有限责任公司,31B0,144090101,吕梁,交城,AC00101,1600.0,山西,19710.0,2020-07-17
山西金虎水泥有限责任公司,910874412,1197213419,山西省吕梁市交城县洪相乡广兴村307国道山西金虎水泥有限责任公司,31B0,144090101,吕梁,交城,AC00101,1600.0,山西,22620.0,2020-07-19
太原金圆水泥有限责任公司,100970381,2528433,山西省太原市阳曲县东黄水镇古县村路古县村,31B0,144011214,太原,客服,AC00351,32050.0,山西,257518.0,2020-07-20
太原金圆水泥有限责任公司,100970381,2528433,山西省太原市阳曲县东黄水镇古县村路古县村,31B0,144011214,太原,客服,AC00351,32050.0,山西,199879.2,2020-07-21
山西金虎水泥有限责任公司,910874412,1197213419,山西省吕梁市交城县洪相乡广兴村307国道山西金虎水泥有限责任公司,31B0,144090101,吕梁,交城,AC00101,1600.0,山西,30810.0,2020-07-21
太原金圆水泥有限责任公司,100970381,2528433,山西省太原市阳曲县东黄水镇古县村路古县村,31B0,144011214,太原,客服,AC00351,32050.0,山西,273510.0,2020-07-22
山西金虎水泥有限责任公司,910874412,1197213419,山西省吕梁市交城县洪相乡广兴村307国道山西金虎水泥有限责任公司,31B0,144090101,吕梁,交城,AC00101,1600.0,山西,9510.0,2020-07-22
太原金圆水泥有限责任公司,100970381,2528433,山西省太原市阳曲县东黄水镇古县村路古县村,31B0,144011214,太原,客服,AC00351,32050.0,山西,258949.6,2020-07-23
山西金虎水泥有限责任公司,910874412,1197213419,山西省吕梁市交城县洪相乡广兴村307国道山西金虎水泥有限责任公司,31B0,144090101,吕梁,交城,AC00101,1600.0,山西,21780.0,2020-07-23
山西金虎水泥有限责任公司,910874412,1197213419,山西省吕梁市交城县洪相乡广兴村307国道山西金虎水泥有限责任公司,31B0,144090101,吕梁,交城,AC00101,1600.0,山西,32910.0,2020-07-24
太原金圆水泥有限责任公司,100970381,2528433,山西省太原市阳曲县东黄水镇古县村路古县村,31B0,144011214,太原,客服,AC00351,32050.0,山西,270736.8,2020-07-24
山西金虎水泥有限责任公司,910874412,1197213419,山西省吕梁市交城县洪相乡广兴村307国道山西金虎水泥有限责任公司,31B0,144090101,吕梁,交城,AC00101,1600.0,山西,29370.0,2020-07-25
山西金虎水泥有限责任公司,910874412,1197213419,山西省吕梁市交城县洪相乡广兴村307国道山西金虎水泥有限责任公司,31B0,144090101,吕梁,交城,AC00101,1600.0,山西,32760.0,2020-07-26
太原金圆水泥有限责任公司,100970381,2528433,山西省太原市阳曲县东黄水镇古县村路古县村,31B0,144011214,太原,客服,AC00351,32050.0,山西,245756.0,2020-07-26
山西金虎水泥有限责任公司,910874412,1197213419,山西省吕梁市交城县洪相乡广兴村307国道山西金虎水泥有限责任公司,31B0,144090101,吕梁,交城,AC00101,1600.0,山西,42330.0,2020-07-27
太原金圆水泥有限责任公司,100970381,2528433,山西省太原市阳曲县东黄水镇古县村路古县村,31B0,144011214,太原,客服,AC00351,32050.0,山西,213316.4,2020-07-27
太原金圆水泥有限责任公司,100970381,2528433,山西省太原市阳曲县东黄水镇古县村路古县村,31B0,144011214,太原,客服,AC00351,32050.0,山西,234046.0,2020-07-28
太原金圆水泥有限责任公司,100970381,2528433,山西省太原市阳曲县东黄水镇古县村路古县村,31B0,144011214,太原,客服,AC00351,32050.0,山西,278860.8,2020-07-30
山西金虎水泥有限责任公司,910874412,1197213419,山西省吕梁市交城县洪相乡广兴村307国道山西金虎水泥有限责任公司,31B0,144090101,吕梁,交城,AC00101,1600.0,山西,44430.0,2020-07-31
太原金圆水泥有限责任公司,100970381,2528433,山西省太原市阳曲县东黄水镇古县村路古县村,31B0,144011214,太原,客服,AC00351,32050.0,山西,274402.0,2020-07-31
太原金圆水泥有限责任公司,100970381,2528433,山西省太原市阳曲县东黄水镇古县村路古县村,31B0,144011214,太原,客服,AC00351,32050.0,山西,256458.8,2020-08-01
太原金圆水泥有限责任公司,100970381,2528433,山西省太原市阳曲县东黄水镇古县村路古县村,31B0,144011214,太原,客服,AC00351,32050.0,山西,263153.2,2020-08-02
山西金虎水泥有限责任公司,910874412,1197213419,山西省吕梁市交城县洪相乡广兴村307国道山西金虎水泥有限责任公司,31B0,144090101,吕梁,交城,AC00101,1600.0,山西,43800.0,2020-08-02
太原金圆水泥有限责任公司,100970381,2528433,山西省太原市阳曲县东黄水镇古县村路古县村,31B0,144011214,太原,客服,AC00351,32050.0,山西,235184.8,2020-08-03
山西金虎水泥有限责任公司,910874412,1197213419,山西省吕梁市交城县洪相乡广兴村307国道山西金虎水泥有限责任公司,31B0,144090101,吕梁,交城,AC00101,1600.0,山西,43710.0,2020-08-03
太原金圆水泥有限责任公司,100970381,2528433,山西省太原市阳曲县东黄水镇古县村路古县村,31B0,144011214,太原,客服,AC00351,32050.0,山西,238270.0,2020-08-04
太原金圆水泥有限责任公司,100970381,2528433,山西省太原市阳曲县东黄水镇古县村路古县村,31B0,144011214,太原,客服,AC00351,32050.0,山西,225007.6,2020-08-05
山西金虎水泥有限责任公司,910874412,1197213419,山西省吕梁市交城县洪相乡广兴村307国道山西金虎水泥有限责任公司,31B0,144090101,吕梁,交城,AC00101,1600.0,山西,29790.0,2020-08-05
太原金圆水泥有限责任公司,100970381,2528433,山西省太原市阳曲县东黄水镇古县村路古县村,31B0,144011214,太原,客服,AC00351,32050.0,山西,216894.8,2020-08-06
山西金虎水泥有限责任公司,910874412,1197213419,山西省吕梁市交城县洪相乡广兴村307国道山西金虎水泥有限责任公司,31B0,144090101,吕梁,交城,AC00101,1600.0,山西,7410.0,2020-08-06
山西金虎水泥有限责任公司,910874412,1197213419,山西省吕梁市交城县洪相乡广兴村307国道山西金虎水泥有限责任公司,31B0,144090101,吕梁,交城,AC00101,1600.0,山西,0.0,2020-08-07
太原金圆水泥有限责任公司,100970381,2528433,山西省太原市阳曲县东黄水镇古县村路古县村,31B0,144011214,太原,客服,AC00351,32050.0,山西,217178.0,2020-08-07
山西金虎水泥有限责任公司,910874412,1197213419,山西省吕梁市交城县洪相乡广兴村307国道山西金虎水泥有限责任公司,31B0,144090101,吕梁,交城,AC00101,1600.0,山西,24570.0,2020-08-08
太原金圆水泥有限责任公司,100970381,2528433,山西省太原市阳曲县东黄水镇古县村路古县村,31B0,144011214,太原,客服,AC00351,32050.0,山西,213558.8,2020-08-08
太原金圆水泥有限责任公司,100970381,2528433,山西省太原市阳曲县东黄水镇古县村路古县村,31B0,144011214,太原,客服,AC00351,32050.0,山西,259518.8,2020-08-10
山西金虎水泥有限责任公司,910874412,1197213419,山西省吕梁市交城县洪相乡广兴村307国道山西金虎水泥有限责任公司,31B0,144090101,吕梁,交城,AC00101,1600.0,山西,43830.0,2020-08-10
山西金虎水泥有限责任公司,910874412,1197213419,山西省吕梁市交城县洪相乡广兴村307国道山西金虎水泥有限责任公司,31B0,144090101,吕梁,交城,AC00101,1600.0,山西,43500.0,2020-08-11
山西金虎水泥有限责任公司,910874412,1197213419,山西省吕梁市交城县洪相乡广兴村307国道山西金虎水泥有限责任公司,31B0,144090101,吕梁,交城,AC00101,1600.0,山西,35040.0,2020-08-13
太原金圆水泥有限责任公司,100970381,2528433,山西省太原市阳曲县东黄水镇古县村路古县村,31B0,144011214,太原,客服,AC00351,32050.0,山西,222018.4,2020-08-13
太原金圆水泥有限责任公司,100970381,2528433,山西省太原市阳曲县东黄水镇古县村路古县村,31B0,144011214,太原,客服,AC00351,32050.0,山西,191466.0,2020-08-14
山西金虎水泥有限责任公司,910874412,1197213419,山西省吕梁市交城县洪相乡广兴村307国道山西金虎水泥有限责任公司,31B0,144090101,吕梁,交城,AC00101,1600.0,山西,43440.0,2020-08-14
太原金圆水泥有限责任公司,100970381,2528433,山西省太原市阳曲县东黄水镇古县村路古县村,31B0,144011214,太原,客服,AC00351,32050.0,山西,102710.0,2020-08-15
山西金虎水泥有限责任公司,910874412,1197213419,山西省吕梁市交城县洪相乡广兴村307国道山西金虎水泥有限责任公司,31B0,144090101,吕梁,交城,AC00101,1600.0,山西,39690.0,2020-08-15
山西金虎水泥有限责任公司,910874412,1197213419,山西省吕梁市交城县洪相乡广兴村307国道山西金虎水泥有限责任公司,31B0,144090101,吕梁,交城,AC00101,1600.0,山西,32940.0,2020-08-16
太原金圆水泥有限责任公司,100970381,2528433,山西省太原市阳曲县东黄水镇古县村路古县村,31B0,144011214,太原,客服,AC00351,32050.0,山西,103735.6,2020-08-16
太原金圆水泥有限责任公司,100970381,2528433,山西省太原市阳曲县东黄水镇古县村路古县村,31B0,144011214,太原,客服,AC00351,32050.0,山西,111083.2,2020-08-17
山西金虎水泥有限责任公司,910874412,1197213419,山西省吕梁市交城县洪相乡广兴村307国道山西金虎水泥有限责任公司,31B0,144090101,吕梁,交城,AC00101,1600.0,山西,18690.0,2020-08-17
太原金圆水泥有限责任公司,100970381,2528433,山西省太原市阳曲县东黄水镇古县村路古县村,31B0,144011214,太原,客服,AC00351,32050.0,山西,98485.2,2020-08-18
山西金虎水泥有限责任公司,910874412,1197213419,山西省吕梁市交城县洪相乡广兴村307国道山西金虎水泥有限责任公司,31B0,144090101,吕梁,交城,AC00101,1600.0,山西,34140.0,2020-08-18
太原金圆水泥有限责任公司,100970381,2528433,山西省太原市阳曲县东黄水镇古县村路古县村,31B0,144011214,太原,客服,AC00351,32050.0,山西,60677.6,2020-08-19
山西金虎水泥有限责任公司,910874412,1197213419,山西省吕梁市交城县洪相乡广兴村307国道山西金虎水泥有限责任公司,31B0,144090101,吕梁,交城,AC00101,1600.0,山西,30450.0,2020-08-20
太原金圆水泥有限责任公司,100970381,2528433,山西省太原市阳曲县东黄水镇古县村路古县村,31B0,144011214,太原,客服,AC00351,32050.0,山西,52800.0,2020-08-20
太原金圆水泥有限责任公司,100970381,2528433,山西省太原市阳曲县东黄水镇古县村路古县村,31B0,144011214,太原,客服,AC00351,32050.0,山西,102575.6,2020-08-21
山西金虎水泥有限责任公司,910874412,1197213419,山西省吕梁市交城县洪相乡广兴村307国道山西金虎水泥有限责任公司,31B0,144090101,吕梁,交城,AC00101,1600.0,山西,31260.0,2020-08-21
太原金圆水泥有限责任公司,100970381,2528433,山西省太原市阳曲县东黄水镇古县村路古县村,31B0,144011214,太原,客服,AC00351,32050.0,山西,214107.2,2020-08-22
山西金虎水泥有限责任公司,910874412,1197213419,山西省吕梁市交城县洪相乡广兴村307国道山西金虎水泥有限责任公司,31B0,144090101,吕梁,交城,AC00101,1600.0,山西,32280.0,2020-08-22
山西金虎水泥有限责任公司,910874412,1197213419,山西省吕梁市交城县洪相乡广兴村307国道山西金虎水泥有限责任公司,31B0,144090101,吕梁,交城,AC00101,1600.0,山西,16650.0,2020-08-23
太原金圆水泥有限责任公司,100970381,2528433,山西省太原市阳曲县东黄水镇古县村路古县村,31B0,144011214,太原,客服,AC00351,32050.0,山西,134793.2,2020-08-23
太原金圆水泥有限责任公司,100970381,2528433,山西省太原市阳曲县东黄水镇古县村路古县村,31B0,144011214,太原,客服,AC00351,32050.0,山西,111624.4,2020-08-24
山西金虎水泥有限责任公司,910874412,1197213419,山西省吕梁市交城县洪相乡广兴村307国道山西金虎水泥有限责任公司,31B0,144090101,吕梁,交城,AC00101,1600.0,山西,13380.0,2020-08-27
太原金圆水泥有限责任公司,100970381,2528433,山西省太原市阳曲县东黄水镇古县村路古县村,31B0,144011214,太原,客服,AC00351,32050.0,山西,126424.8,2020-08-28
山西金虎水泥有限责任公司,910874412,1197213419,山西省吕梁市交城县洪相乡广兴村307国道山西金虎水泥有限责任公司,31B0,144090101,吕梁,交城,AC00101,1600.0,山西,18690.0,2020-08-28
山西金虎水泥有限责任公司,910874412,1197213419,山西省吕梁市交城县洪相乡广兴村307国道山西金虎水泥有限责任公司,31B0,144090101,吕梁,交城,AC00101,1600.0,山西,8010.0,2020-08-29
太原金圆水泥有限责任公司,100970381,2528433,山西省太原市阳曲县东黄水镇古县村路古县村,31B0,144011214,太原,客服,AC00351,32050.0,山西,99076.4,2020-08-29
太原金圆水泥有限责任公司,100970381,2528433,山西省太原市阳曲县东黄水镇古县村路古县村,31B0,144011214,太原,客服,AC00351,32050.0,山西,163157.2,2020-08-30
山西金虎水泥有限责任公司,910874412,1197213419,山西省吕梁市交城县洪相乡广兴村307国道山西金虎水泥有限责任公司,31B0,144090101,吕梁,交城,AC00101,1600.0,山西,13140.0,2020-08-30
太原金圆水泥有限责任公司,100970381,2528433,山西省太原市阳曲县东黄水镇古县村路古县村,31B0,144011214,太原,客服,AC00351,32050.0,山西,88086.8,2020-09-01
山西金虎水泥有限责任公司,910874412,1197213419,山西省吕梁市交城县洪相乡广兴村307国道山西金虎水泥有限责任公司,31B0,144090101,吕梁,交城,AC00101,1600.0,山西,9090.0,2020-09-01
山西金虎水泥有限责任公司,910874412,1197213419,山西省吕梁市交城县洪相乡广兴村307国道山西金虎水泥有限责任公司,31B0,144090101,吕梁,交城,AC00101,1600.0,山西,29970.0,2020-09-03
太原金圆水泥有限责任公司,100970381,2528433,山西省太原市阳曲县东黄水镇古县村路古县村,31B0,144011214,太原,客服,AC00351,32050.0,山西,139557.6,2020-09-04
山西金虎水泥有限责任公司,910874412,1197213419,山西省吕梁市交城县洪相乡广兴村307国道山西金虎水泥有限责任公司,31B0,144090101,吕梁,交城,AC00101,1600.0,山西,28530.0,2020-09-04
太原金圆水泥有限责任公司,100970381,2528433,山西省太原市阳曲县东黄水镇古县村路古县村,31B0,144011214,太原,客服,AC00351,32050.0,山西,215199.2,2020-09-05
山西金虎水泥有限责任公司,910874412,1197213419,山西省吕梁市交城县洪相乡广兴村307国道山西金虎水泥有限责任公司,31B0,144090101,吕梁,交城,AC00101,1600.0,山西,16470.0,2020-09-05
山西金虎水泥有限责任公司,910874412,1197213419,山西省吕梁市交城县洪相乡广兴村307国道山西金虎水泥有限责任公司,31B0,144090101,吕梁,交城,AC00101,1600.0,山西,11460.0,2020-09-06
太原金圆水泥有限责任公司,100970381,2528433,山西省太原市阳曲县东黄水镇古县村路古县村,31B0,144011214,太原,客服,AC00351,32050.0,山西,305897.6,2020-09-06
山西金虎水泥有限责任公司,910874412,1197213419,山西省吕梁市交城县洪相乡广兴村307国道山西金虎水泥有限责任公司,31B0,144090101,吕梁,交城,AC00101,1600.0,山西,1620.0,2020-09-07
太原金圆水泥有限责任公司,100970381,2528433,山西省太原市阳曲县东黄水镇古县村路古县村,31B0,144011214,太原,客服,AC00351,32050.0,山西,305611.2,2020-09-07
太原金圆水泥有限责任公司,100970381,2528433,山西省太原市阳曲县东黄水镇古县村路古县村,31B0,144011214,太原,客服,AC00351,32050.0,山西,255824.8,2020-09-08
山西金虎水泥有限责任公司,910874412,1197213419,山西省吕梁市交城县洪相乡广兴村307国道山西金虎水泥有限责任公司,31B0,144090101,吕梁,交城,AC00101,1600.0,山西,24690.0,2020-09-08
太原金圆水泥有限责任公司,100970381,2528433,山西省太原市阳曲县东黄水镇古县村路古县村,31B0,144011214,太原,客服,AC00351,32050.0,山西,272050.0,2020-09-09
太原金圆水泥有限责任公司,100970381,2528433,山西省太原市阳曲县东黄水镇古县村路古县村,31B0,144011214,太原,客服,AC00351,32050.0,山西,244896.8,2020-09-10
山西金虎水泥有限责任公司,910874412,1197213419,山西省吕梁市交城县洪相乡广兴村307国道山西金虎水泥有限责任公司,31B0,144090101,吕梁,交城,AC00101,1600.0,山西,27330.0,2020-09-10
山西金虎水泥有限责任公司,910874412,1197213419,山西省吕梁市交城县洪相乡广兴村307国道山西金虎水泥有限责任公司,31B0,144090101,吕梁,交城,AC00101,1600.0,山西,13800.0,2020-09-11
太原金圆水泥有限责任公司,100970381,2528433,山西省太原市阳曲县东黄水镇古县村路古县村,31B0,144011214,太原,客服,AC00351,32050.0,山西,265299.6,2020-09-12
山西金虎水泥有限责任公司,910874412,1197213419,山西省吕梁市交城县洪相乡广兴村307国道山西金虎水泥有限责任公司,31B0,144090101,吕梁,交城,AC00101,1600.0,山西,17490.0,2020-09-13
太原金圆水泥有限责任公司,100970381,2528433,山西省太原市阳曲县东黄水镇古县村路古县村,31B0,144011214,太原,客服,AC00351,32050.0,山西,340651.2,2020-09-13
山西金虎水泥有限责任公司,910874412,1197213419,山西省吕梁市交城县洪相乡广兴村307国道山西金虎水泥有限责任公司,31B0,144090101,吕梁,交城,AC00101,1600.0,山西,9780.0,2020-09-14
太原金圆水泥有限责任公司,100970381,2528433,山西省太原市阳曲县东黄水镇古县村路古县村,31B0,144011214,太原,客服,AC00351,32050.0,山西,269821.6,2020-09-14
山西金虎水泥有限责任公司,910874412,1197213419,山西省吕梁市交城县洪相乡广兴村307国道山西金虎水泥有限责任公司,31B0,144090101,吕梁,交城,AC00101,1600.0,山西,10230.0,2020-09-15
太原金圆水泥有限责任公司,100970381,2528433,山西省太原市阳曲县东黄水镇古县村路古县村,31B0,144011214,太原,客服,AC00351,32050.0,山西,254417.6,2020-09-15
太原金圆水泥有限责任公司,100970381,2528433,山西省太原市阳曲县东黄水镇古县村路古县村,31B0,144011214,太原,客服,AC00351,32050.0,山西,337548.0,2020-09-16
山西金虎水泥有限责任公司,910874412,1197213419,山西省吕梁市交城县洪相乡广兴村307国道山西金虎水泥有限责任公司,31B0,144090101,吕梁,交城,AC00101,1600.0,山西,9330.0,2020-09-16
山西金虎水泥有限责任公司,910874412,1197213419,山西省吕梁市交城县洪相乡广兴村307国道山西金虎水泥有限责任公司,31B0,144090101,吕梁,交城,AC00101,1600.0,山西,21180.0,2020-09-18
太原金圆水泥有限责任公司,100970381,2528433,山西省太原市阳曲县东黄水镇古县村路古县村,31B0,144011214,太原,客服,AC00351,32050.0,山西,294135.2,2020-09-18
太原金圆水泥有限责任公司,100970381,2528433,山西省太原市阳曲县东黄水镇古县村路古县村,31B0,144011214,太原,客服,AC00351,32050.0,山西,235922.0,2020-09-19
山西金虎水泥有限责任公司,910874412,1197213419,山西省吕梁市交城县洪相乡广兴村307国道山西金虎水泥有限责任公司,31B0,144090101,吕梁,交城,AC00101,1600.0,山西,27540.0,2020-09-19
太原金圆水泥有限责任公司,100970381,2528433,山西省太原市阳曲县东黄水镇古县村路古县村,31B0,144011214,太原,客服,AC00351,32050.0,山西,338060.4,2020-09-20
山西金虎水泥有限责任公司,910874412,1197213419,山西省吕梁市交城县洪相乡广兴村307国道山西金虎水泥有限责任公司,31B0,144090101,吕梁,交城,AC00101,1600.0,山西,16680.0,2020-09-21
太原金圆水泥有限责任公司,100970381,2528433,山西省太原市阳曲县东黄水镇古县村路古县村,31B0,144011214,太原,客服,AC00351,32050.0,山西,301972.4,2020-09-21
太原金圆水泥有限责任公司,100970381,2528433,山西省太原市阳曲县东黄水镇古县村路古县村,31B0,144011214,太原,客服,AC00351,32050.0,山西,195080.4,2020-09-23
山西金虎水泥有限责任公司,910874412,1197213419,山西省吕梁市交城县洪相乡广兴村307国道山西金虎水泥有限责任公司,31B0,144090101,吕梁,交城,AC00101,1600.0,山西,4680.0,2020-09-23
太原金圆水泥有限责任公司,100970381,2528433,山西省太原市阳曲县东黄水镇古县村路古县村,31B0,144011214,太原,客服,AC00351,32050.0,山西,236460.8,2020-09-24
太原金圆水泥有限责任公司,100970381,2528433,山西省太原市阳曲县东黄水镇古县村路古县村,31B0,144011214,太原,客服,AC00351,32050.0,山西,267850.4,2020-09-25
山西金虎水泥有限责任公司,910874412,1197213419,山西省吕梁市交城县洪相乡广兴村307国道山西金虎水泥有限责任公司,31B0,144090101,吕梁,交城,AC00101,1600.0,山西,23610.0,2020-09-25
山西金虎水泥有限责任公司,910874412,1197213419,山西省吕梁市交城县洪相乡广兴村307国道山西金虎水泥有限责任公司,31B0,144090101,吕梁,交城,AC00101,1600.0,山西,27900.0,2020-09-26
太原金圆水泥有限责任公司,100970381,2528433,山西省太原市阳曲县东黄水镇古县村路古县村,31B0,144011214,太原,客服,AC00351,32050.0,山西,325749.6,2020-09-26
太原金圆水泥有限责任公司,100970381,2528433,山西省太原市阳曲县东黄水镇古县村路古县村,31B0,144011214,太原,客服,AC00351,32050.0,山西,282386.4,2020-09-27
山西金虎水泥有限责任公司,910874412,1197213419,山西省吕梁市交城县洪相乡广兴村307国道山西金虎水泥有限责任公司,31B0,144090101,吕梁,交城,AC00101,1600.0,山西,42030.0,2020-09-27
山西金虎水泥有限责任公司,910874412,1197213419,山西省吕梁市交城县洪相乡广兴村307国道山西金虎水泥有限责任公司,31B0,144090101,吕梁,交城,AC00101,1600.0,山西,35160.0,2020-09-28
太原金圆水泥有限责任公司,100970381,2528433,山西省太原市阳曲县东黄水镇古县村路古县村,31B0,144011214,太原,客服,AC00351,32050.0,山西,275346.8,2020-09-28
太原金圆水泥有限责任公司,100970381,2528433,山西省太原市阳曲县东黄水镇古县村路古县村,31B0,144011214,太原,客服,AC00351,32050.0,山西,261998.8,2020-09-29
山西金虎水泥有限责任公司,910874412,1197213419,山西省吕梁市交城县洪相乡广兴村307国道山西金虎水泥有限责任公司,31B0,144090101,吕梁,交城,AC00101,1600.0,山西,41430.0,2020-09-30
太原金圆水泥有限责任公司,100970381,2528433,山西省太原市阳曲县东黄水镇古县村路古县村,31B0,144011214,太原,客服,AC00351,32050.0,山西,316555.2,2020-09-30
山西金虎水泥有限责任公司,910874412,1197213419,山西省吕梁市交城县洪相乡广兴村307国道山西金虎水泥有限责任公司,31B0,144090101,吕梁,交城,AC00101,1600.0,山西,22410.0,2020-10-01
太原金圆水泥有限责任公司,100970381,2528433,山西省太原市阳曲县东黄水镇古县村路古县村,31B0,144011214,太原,客服,AC00351,32050.0,山西,276327.2,2020-10-01
太原金圆水泥有限责任公司,100970381,2528433,山西省太原市阳曲县东黄水镇古县村路古县村,31B0,144011214,太原,客服,AC00351,32050.0,山西,207146.8,2020-10-02
山西金虎水泥有限责任公司,910874412,1197213419,山西省吕梁市交城县洪相乡广兴村307国道山西金虎水泥有限责任公司,31B0,144090101,吕梁,交城,AC00101,1600.0,山西,34650.0,2020-10-02
太原金圆水泥有限责任公司,100970381,2528433,山西省太原市阳曲县东黄水镇古县村路古县村,31B0,144011214,太原,客服,AC00351,32050.0,山西,304017.6,2020-10-03
山西金虎水泥有限责任公司,910874412,1197213419,山西省吕梁市交城县洪相乡广兴村307国道山西金虎水泥有限责任公司,31B0,144090101,吕梁,交城,AC00101,1600.0,山西,31350.0,2020-10-03
太原金圆水泥有限责任公司,100970381,2528433,山西省太原市阳曲县东黄水镇古县村路古县村,31B0,144011214,太原,客服,AC00351,32050.0,山西,360381.6,2020-10-04
山西金虎水泥有限责任公司,910874412,1197213419,山西省吕梁市交城县洪相乡广兴村307国道山西金虎水泥有限责任公司,31B0,144090101,吕梁,交城,AC00101,1600.0,山西,8610.0,2020-10-04
太原金圆水泥有限责任公司,100970381,2528433,山西省太原市阳曲县东黄水镇古县村路古县村,31B0,144011214,太原,客服,AC00351,32050.0,山西,288096.4,2020-10-05
山西金虎水泥有限责任公司,910874412,1197213419,山西省吕梁市交城县洪相乡广兴村307国道山西金虎水泥有限责任公司,31B0,144090101,吕梁,交城,AC00101,1600.0,山西,42030.0,2020-10-05
山西金虎水泥有限责任公司,910874412,1197213419,山西省吕梁市交城县洪相乡广兴村307国道山西金虎水泥有限责任公司,31B0,144090101,吕梁,交城,AC00101,1600.0,山西,33750.0,2020-10-06
太原金圆水泥有限责任公司,100970381,2528433,山西省太原市阳曲县东黄水镇古县村路古县村,31B0,144011214,太原,客服,AC00351,32050.0,山西,320688.0,2020-10-06
太原金圆水泥有限责任公司,100970381,2528433,山西省太原市阳曲县东黄水镇古县村路古县村,31B0,144011214,太原,客服,AC00351,32050.0,山西,270262.4,2020-10-07
山西金虎水泥有限责任公司,910874412,1197213419,山西省吕梁市交城县洪相乡广兴村307国道山西金虎水泥有限责任公司,31B0,144090101,吕梁,交城,AC00101,1600.0,山西,33180.0,2020-10-08
山西金虎水泥有限责任公司,910874412,1197213419,山西省吕梁市交城县洪相乡广兴村307国道山西金虎水泥有限责任公司,31B0,144090101,吕梁,交城,AC00101,1600.0,山西,40950.0,2020-10-09
太原金圆水泥有限责任公司,100970381,2528433,山西省太原市阳曲县东黄水镇古县村路古县村,31B0,144011214,太原,客服,AC00351,32050.0,山西,12584.4,2020-10-11
山西金虎水泥有限责任公司,910874412,1197213419,山西省吕梁市交城县洪相乡广兴村307国道山西金虎水泥有限责任公司,31B0,144090101,吕梁,交城,AC00101,1600.0,山西,11940.0,2020-10-11
太原金圆水泥有限责任公司,100970381,2528433,山西省太原市阳曲县东黄水镇古县村路古县村,31B0,144011214,太原,客服,AC00351,32050.0,山西,9934.8,2020-10-12
山西金虎水泥有限责任公司,910874412,1197213419,山西省吕梁市交城县洪相乡广兴村307国道山西金虎水泥有限责任公司,31B0,144090101,吕梁,交城,AC00101,1600.0,山西,17910.0,2020-10-12
山西金虎水泥有限责任公司,910874412,1197213419,山西省吕梁市交城县洪相乡广兴村307国道山西金虎水泥有限责任公司,31B0,144090101,吕梁,交城,AC00101,1600.0,山西,27720.0,2020-10-13
太原金圆水泥有限责任公司,100970381,2528433,山西省太原市阳曲县东黄水镇古县村路古县村,31B0,144011214,太原,客服,AC00351,32050.0,山西,11267.6,2020-10-13
太原金圆水泥有限责任公司,100970381,2528433,山西省太原市阳曲县东黄水镇古县村路古县村,31B0,144011214,太原,客服,AC00351,32050.0,山西,70601.6,2020-10-15
山西金虎水泥有限责任公司,910874412,1197213419,山西省吕梁市交城县洪相乡广兴村307国道山西金虎水泥有限责任公司,31B0,144090101,吕梁,交城,AC00101,1600.0,山西,14100.0,2020-10-15
山西金虎水泥有限责任公司,910874412,1197213419,山西省吕梁市交城县洪相乡广兴村307国道山西金虎水泥有限责任公司,31B0,144090101,吕梁,交城,AC00101,1600.0,山西,43440.0,2020-10-16
太原金圆水泥有限责任公司,100970381,2528433,山西省太原市阳曲县东黄水镇古县村路古县村,31B0,144011214,太原,客服,AC00351,32050.0,山西,205568.8,2020-10-16
山西金虎水泥有限责任公司,910874412,1197213419,山西省吕梁市交城县洪相乡广兴村307国道山西金虎水泥有限责任公司,31B0,144090101,吕梁,交城,AC00101,1600.0,山西,43350.0,2020-10-17
太原金圆水泥有限责任公司,100970381,2528433,山西省太原市阳曲县东黄水镇古县村路古县村,31B0,144011214,太原,客服,AC00351,32050.0,山西,304850.0,2020-10-17
太原金圆水泥有限责任公司,100970381,2528433,山西省太原市阳曲县东黄水镇古县村路古县村,31B0,144011214,太原,客服,AC00351,32050.0,山西,349641.6,2020-10-18
山西金虎水泥有限责任公司,910874412,1197213419,山西省吕梁市交城县洪相乡广兴村307国道山西金虎水泥有限责任公司,31B0,144090101,吕梁,交城,AC00101,1600.0,山西,43410.0,2020-10-18
山西金虎水泥有限责任公司,910874412,1197213419,山西省吕梁市交城县洪相乡广兴村307国道山西金虎水泥有限责任公司,31B0,144090101,吕梁,交城,AC00101,1600.0,山西,41670.0,2020-10-19
太原金圆水泥有限责任公司,100970381,2528433,山西省太原市阳曲县东黄水镇古县村路古县村,31B0,144011214,太原,客服,AC00351,32050.0,山西,327273.6,2020-10-19
山西金虎水泥有限责任公司,910874412,1197213419,山西省吕梁市交城县洪相乡广兴村307国道山西金虎水泥有限责任公司,31B0,144090101,吕梁,交城,AC00101,1600.0,山西,38490.0,2020-10-20
太原金圆水泥有限责任公司,100970381,2528433,山西省太原市阳曲县东黄水镇古县村路古县村,31B0,144011214,太原,客服,AC00351,32050.0,山西,310667.6,2020-10-20
太原金圆水泥有限责任公司,100970381,2528433,山西省太原市阳曲县东黄水镇古县村路古县村,31B0,144011214,太原,客服,AC00351,32050.0,山西,358251.2,2020-10-21
山西金虎水泥有限责任公司,910874412,1197213419,山西省吕梁市交城县洪相乡广兴村307国道山西金虎水泥有限责任公司,31B0,144090101,吕梁,交城,AC00101,1600.0,山西,40350.0,2020-10-22
太原金圆水泥有限责任公司,100970381,2528433,山西省太原市阳曲县东黄水镇古县村路古县村,31B0,144011214,太原,客服,AC00351,32050.0,山西,352409.2,2020-10-22
太原金圆水泥有限责任公司,100970381,2528433,山西省太原市阳曲县东黄水镇古县村路古县村,31B0,144011214,太原,客服,AC00351,32050.0,山西,298684.0,2020-10-23
山西金虎水泥有限责任公司,910874412,1197213419,山西省吕梁市交城县洪相乡广兴村307国道山西金虎水泥有限责任公司,31B0,144090101,吕梁,交城,AC00101,1600.0,山西,25800.0,2020-10-23
山西金虎水泥有限责任公司,910874412,1197213419,山西省吕梁市交城县洪相乡广兴村307国道山西金虎水泥有限责任公司,31B0,144090101,吕梁,交城,AC00101,1600.0,山西,12420.0,2020-10-24
太原金圆水泥有限责任公司,100970381,2528433,山西省太原市阳曲县东黄水镇古县村路古县村,31B0,144011214,太原,客服,AC00351,32050.0,山西,22510.8,2020-10-24
山西金虎水泥有限责任公司,910874412,1197213419,山西省吕梁市交城县洪相乡广兴村307国道山西金虎水泥有限责任公司,31B0,144090101,吕梁,交城,AC00101,1600.0,山西,8310.0,2020-10-26
太原金圆水泥有限责任公司,100970381,2528433,山西省太原市阳曲县东黄水镇古县村路古县村,31B0,144011214,太原,客服,AC00351,32050.0,山西,17927.6,2020-10-26
太原金圆水泥有限责任公司,100970381,2528433,山西省太原市阳曲县东黄水镇古县村路古县村,31B0,144011214,太原,客服,AC00351,32050.0,山西,15954.8,2020-10-28
山西金虎水泥有限责任公司,910874412,1197213419,山西省吕梁市交城县洪相乡广兴村307国道山西金虎水泥有限责任公司,31B0,144090101,吕梁,交城,AC00101,1600.0,山西,19170.0,2020-10-28
山西金虎水泥有限责任公司,910874412,1197213419,山西省吕梁市交城县洪相乡广兴村307国道山西金虎水泥有限责任公司,31B0,144090101,吕梁,交城,AC00101,1600.0,山西,2490.0,2020-10-29
太原金圆水泥有限责任公司,100970381,2528433,山西省太原市阳曲县东黄水镇古县村路古县村,31B0,144011214,太原,客服,AC00351,32050.0,山西,14478.4,2020-10-29
太原金圆水泥有限责任公司,100970381,2528433,山西省太原市阳曲县东黄水镇古县村路古县村,31B0,144011214,太原,客服,AC00351,32050.0,山西,24875.6,2020-10-30
山西金虎水泥有限责任公司,910874412,1197213419,山西省吕梁市交城县洪相乡广兴村307国道山西金虎水泥有限责任公司,31B0,144090101,吕梁,交城,AC00101,1600.0,山西,16110.0,2020-10-30
山西金虎水泥有限责任公司,910874412,1197213419,山西省吕梁市交城县洪相乡广兴村307国道山西金虎水泥有限责任公司,31B0,144090101,吕梁,交城,AC00101,1600.0,山西,33630.0,2020-10-31
太原金圆水泥有限责任公司,100970381,2528433,山西省太原市阳曲县东黄水镇古县村路古县村,31B0,144011214,太原,客服,AC00351,32050.0,山西,212982.4,2020-10-31
山西金虎水泥有限责任公司,910874412,1197213419,山西省吕梁市交城县洪相乡广兴村307国道山西金虎水泥有限责任公司,31B0,144090101,吕梁,交城,AC00101,1600.0,山西,25830.0,2020-11-01
太原金圆水泥有限责任公司,100970381,2528433,山西省太原市阳曲县东黄水镇古县村路古县村,31B0,144011214,太原,客服,AC00351,32050.0,山西,366707.6,2020-11-01
山西金虎水泥有限责任公司,910874412,1197213419,山西省吕梁市交城县洪相乡广兴村307国道山西金虎水泥有限责任公司,31B0,144090101,吕梁,交城,AC00101,1600.0,山西,8070.0,2020-11-02
太原金圆水泥有限责任公司,100970381,2528433,山西省太原市阳曲县东黄水镇古县村路古县村,31B0,144011214,太原,客服,AC00351,32050.0,山西,371223.2,2020-11-02
太原金圆水泥有限责任公司,100970381,2528433,山西省太原市阳曲县东黄水镇古县村路古县村,31B0,144011214,太原,客服,AC00351,32050.0,山西,407073.6,2020-11-03
山西金虎水泥有限责任公司,910874412,1197213419,山西省吕梁市交城县洪相乡广兴村307国道山西金虎水泥有限责任公司,31B0,144090101,吕梁,交城,AC00101,1600.0,山西,27210.0,2020-11-03
太原金圆水泥有限责任公司,100970381,2528433,山西省太原市阳曲县东黄水镇古县村路古县村,31B0,144011214,太原,客服,AC00351,32050.0,山西,324825.2,2020-11-04
山西金虎水泥有限责任公司,910874412,1197213419,山西省吕梁市交城县洪相乡广兴村307国道山西金虎水泥有限责任公司,31B0,144090101,吕梁,交城,AC00101,1600.0,山西,42000.0,2020-11-04
太原金圆水泥有限责任公司,100970381,2528433,山西省太原市阳曲县东黄水镇古县村路古县村,31B0,144011214,太原,客服,AC00351,32050.0,山西,341630.8,2020-11-05
山西金虎水泥有限责任公司,910874412,1197213419,山西省吕梁市交城县洪相乡广兴村307国道山西金虎水泥有限责任公司,31B0,144090101,吕梁,交城,AC00101,1600.0,山西,41700.0,2020-11-06
山西金虎水泥有限责任公司,910874412,1197213419,山西省吕梁市交城县洪相乡广兴村307国道山西金虎水泥有限责任公司,31B0,144090101,吕梁,交城,AC00101,1600.0,山西,12390.0,2020-11-07
太原金圆水泥有限责任公司,100970381,2528433,山西省太原市阳曲县东黄水镇古县村路古县村,31B0,144011214,太原,客服,AC00351,32050.0,山西,322289.2,2020-11-07
太原金圆水泥有限责任公司,100970381,2528433,山西省太原市阳曲县东黄水镇古县村路古县村,31B0,144011214,太原,客服,AC00351,32050.0,山西,263581.6,2020-11-08
山西金虎水泥有限责任公司,910874412,1197213419,山西省吕梁市交城县洪相乡广兴村307国道山西金虎水泥有限责任公司,31B0,144090101,吕梁,交城,AC00101,1600.0,山西,21420.0,2020-11-08
山西金虎水泥有限责任公司,910874412,1197213419,山西省吕梁市交城县洪相乡广兴村307国道山西金虎水泥有限责任公司,31B0,144090101,吕梁,交城,AC00101,1600.0,山西,41790.0,2020-11-09
太原金圆水泥有限责任公司,100970381,2528433,山西省太原市阳曲县东黄水镇古县村路古县村,31B0,144011214,太原,客服,AC00351,32050.0,山西,385641.2,2020-11-09
山西金虎水泥有限责任公司,910874412,1197213419,山西省吕梁市交城县洪相乡广兴村307国道山西金虎水泥有限责任公司,31B0,144090101,吕梁,交城,AC00101,1600.0,山西,11460.0,2020-11-10
太原金圆水泥有限责任公司,100970381,2528433,山西省太原市阳曲县东黄水镇古县村路古县村,31B0,144011214,太原,客服,AC00351,32050.0,山西,290216.8,2020-11-10
山西金虎水泥有限责任公司,910874412,1197213419,山西省吕梁市交城县洪相乡广兴村307国道山西金虎水泥有限责任公司,31B0,144090101,吕梁,交城,AC00101,1600.0,山西,25860.0,2020-11-11
太原金圆水泥有限责任公司,100970381,2528433,山西省太原市阳曲县东黄水镇古县村路古县村,31B0,144011214,太原,客服,AC00351,32050.0,山西,229742.4,2020-11-11
山西金虎水泥有限责任公司,910874412,1197213419,山西省吕梁市交城县洪相乡广兴村307国道山西金虎水泥有限责任公司,31B0,144090101,吕梁,交城,AC00101,1600.0,山西,19950.0,2020-11-12
太原金圆水泥有限责任公司,100970381,2528433,山西省太原市阳曲县东黄水镇古县村路古县村,31B0,144011214,太原,客服,AC00351,32050.0,山西,22487.2,2020-11-12
太原金圆水泥有限责任公司,100970381,2528433,山西省太原市阳曲县东黄水镇古县村路古县村,31B0,144011214,太原,客服,AC00351,32050.0,山西,20589.2,2020-11-13
太原金圆水泥有限责任公司,100970381,2528433,山西省太原市阳曲县东黄水镇古县村路古县村,31B0,144011214,太原,客服,AC00351,32050.0,山西,19038.8,2020-11-14
山西金虎水泥有限责任公司,910874412,1197213419,山西省吕梁市交城县洪相乡广兴村307国道山西金虎水泥有限责任公司,31B0,144090101,吕梁,交城,AC00101,1600.0,山西,42390.0,2020-11-17
山西金虎水泥有限责任公司,910874412,1197213419,山西省吕梁市交城县洪相乡广兴村307国道山西金虎水泥有限责任公司,31B0,144090101,吕梁,交城,AC00101,1600.0,山西,180.0,2020-11-18
太原金圆水泥有限责任公司,100970381,2528433,山西省太原市阳曲县东黄水镇古县村路古县村,31B0,144011214,太原,客服,AC00351,32050.0,山西,308007.2,2020-11-18
太原金圆水泥有限责任公司,100970381,2528433,山西省太原市阳曲县东黄水镇古县村路古县村,31B0,144011214,太原,客服,AC00351,32050.0,山西,370465.6,2020-11-19
太原金圆水泥有限责任公司,100970381,2528433,山西省太原市阳曲县东黄水镇古县村路古县村,31B0,144011214,太原,客服,AC00351,32050.0,山西,337886.8,2020-11-20
山西金虎水泥有限责任公司,910874412,1197213419,山西省吕梁市交城县洪相乡广兴村307国道山西金虎水泥有限责任公司,31B0,144090101,吕梁,交城,AC00101,1600.0,山西,42300.0,2020-11-20
太原金圆水泥有限责任公司,100970381,2528433,山西省太原市阳曲县东黄水镇古县村路古县村,31B0,144011214,太原,客服,AC00351,32050.0,山西,346631.6,2020-11-21
山西金虎水泥有限责任公司,910874412,1197213419,山西省吕梁市交城县洪相乡广兴村307国道山西金虎水泥有限责任公司,31B0,144090101,吕梁,交城,AC00101,1600.0,山西,42570.0,2020-11-21
山西金虎水泥有限责任公司,910874412,1197213419,山西省吕梁市交城县洪相乡广兴村307国道山西金虎水泥有限责任公司,31B0,144090101,吕梁,交城,AC00101,1600.0,山西,42360.0,2020-11-22
太原金圆水泥有限责任公司,100970381,2528433,山西省太原市阳曲县东黄水镇古县村路古县村,31B0,144011214,太原,客服,AC00351,32050.0,山西,355426.0,2020-11-22
太原金圆水泥有限责任公司,100970381,2528433,山西省太原市阳曲县东黄水镇古县村路古县村,31B0,144011214,太原,客服,AC00351,32050.0,山西,252518.4,2020-11-23
山西金虎水泥有限责任公司,910874412,1197213419,山西省吕梁市交城县洪相乡广兴村307国道山西金虎水泥有限责任公司,31B0,144090101,吕梁,交城,AC00101,1600.0,山西,14790.0,2020-11-23
太原金圆水泥有限责任公司,100970381,2528433,山西省太原市阳曲县东黄水镇古县村路古县村,31B0,144011214,太原,客服,AC00351,32050.0,山西,280865.6,2020-11-24
山西金虎水泥有限责任公司,910874412,1197213419,山西省吕梁市交城县洪相乡广兴村307国道山西金虎水泥有限责任公司,31B0,144090101,吕梁,交城,AC00101,1600.0,山西,42390.0,2020-11-24
山西金虎水泥有限责任公司,910874412,1197213419,山西省吕梁市交城县洪相乡广兴村307国道山西金虎水泥有限责任公司,31B0,144090101,吕梁,交城,AC00101,1600.0,山西,24390.0,2020-11-25
太原金圆水泥有限责任公司,100970381,2528433,山西省太原市阳曲县东黄水镇古县村路古县村,31B0,144011214,太原,客服,AC00351,32050.0,山西,31471.6,2020-11-25
山西金虎水泥有限责任公司,910874412,1197213419,山西省吕梁市交城县洪相乡广兴村307国道山西金虎水泥有限责任公司,31B0,144090101,吕梁,交城,AC00101,1600.0,山西,0.0,2020-11-26
太原金圆水泥有限责任公司,100970381,2528433,山西省太原市阳曲县东黄水镇古县村路古县村,31B0,144011214,太原,客服,AC00351,32050.0,山西,28973.2,2020-11-26
太原金圆水泥有限责任公司,100970381,2528433,山西省太原市阳曲县东黄水镇古县村路古县村,31B0,144011214,太原,客服,AC00351,32050.0,山西,24255.6,2020-11-27
山西金虎水泥有限责任公司,910874412,1197213419,山西省吕梁市交城县洪相乡广兴村307国道山西金虎水泥有限责任公司,31B0,144090101,吕梁,交城,AC00101,1600.0,山西,17940.0,2020-11-27
山西金虎水泥有限责任公司,910874412,1197213419,山西省吕梁市交城县洪相乡广兴村307国道山西金虎水泥有限责任公司,31B0,144090101,吕梁,交城,AC00101,1600.0,山西,28680.0,2020-11-28
太原金圆水泥有限责任公司,100970381,2528433,山西省太原市阳曲县东黄水镇古县村路古县村,31B0,144011214,太原,客服,AC00351,32050.0,山西,24484.4,2020-11-28
山西金虎水泥有限责任公司,910874412,1197213419,山西省吕梁市交城县洪相乡广兴村307国道山西金虎水泥有限责任公司,31B0,144090101,吕梁,交城,AC00101,1600.0,山西,42810.0,2020-11-29
太原金圆水泥有限责任公司,100970381,2528433,山西省太原市阳曲县东黄水镇古县村路古县村,31B0,144011214,太原,客服,AC00351,32050.0,山西,22341.2,2020-11-29
太原金圆水泥有限责任公司,100970381,2528433,山西省太原市阳曲县东黄水镇古县村路古县村,31B0,144011214,太原,客服,AC00351,32050.0,山西,23985.6,2020-11-30
山西金虎水泥有限责任公司,910874412,1197213419,山西省吕梁市交城县洪相乡广兴村307国道山西金虎水泥有限责任公司,31B0,144090101,吕梁,交城,AC00101,1600.0,山西,42780.0,2020-11-30
太原金圆水泥有限责任公司,100970381,2528433,山西省太原市阳曲县东黄水镇古县村路古县村,31B0,144011214,太原,客服,AC00351,32050.0,山西,20690.4,2020-12-01
山西金虎水泥有限责任公司,910874412,1197213419,山西省吕梁市交城县洪相乡广兴村307国道山西金虎水泥有限责任公司,31B0,144090101,吕梁,交城,AC00101,1600.0,山西,18840.0,2020-12-01
太原金圆水泥有限责任公司,100970381,2528433,山西省太原市阳曲县东黄水镇古县村路古县村,31B0,144011214,太原,客服,AC00351,32050.0,山西,55882.8,2020-12-02
山西金虎水泥有限责任公司,910874412,1197213419,山西省吕梁市交城县洪相乡广兴村307国道山西金虎水泥有限责任公司,31B0,144090101,吕梁,交城,AC00101,1600.0,山西,40740.0,2020-12-02
太原金圆水泥有限责任公司,100970381,2528433,山西省太原市阳曲县东黄水镇古县村路古县村,31B0,144011214,太原,客服,AC00351,32050.0,山西,106918.8,2020-12-03
山西金虎水泥有限责任公司,910874412,1197213419,山西省吕梁市交城县洪相乡广兴村307国道山西金虎水泥有限责任公司,31B0,144090101,吕梁,交城,AC00101,1600.0,山西,43620.0,2020-12-03
太原金圆水泥有限责任公司,100970381,2528433,山西省太原市阳曲县东黄水镇古县村路古县村,31B0,144011214,太原,客服,AC00351,32050.0,山西,63085.59,2020-12-04
山西金虎水泥有限责任公司,910874412,1197213419,山西省吕梁市交城县洪相乡广兴村307国道山西金虎水泥有限责任公司,31B0,144090101,吕梁,交城,AC00101,1600.0,山西,43590.02,2020-12-04
太原金圆水泥有限责任公司,100970381,2528433,山西省太原市阳曲县东黄水镇古县村路古县村,31B0,144011214,太原,客服,AC00351,32050.0,山西,57770.43,2020-12-05
山西金虎水泥有限责任公司,910874412,1197213419,山西省吕梁市交城县洪相乡广兴村307国道山西金虎水泥有限责任公司,31B0,144090101,吕梁,交城,AC00101,1600.0,山西,25710.02,2020-12-05
太原金圆水泥有限责任公司,100970381,2528433,山西省太原市阳曲县东黄水镇古县村路古县村,31B0,144011214,太原,客服,AC00351,32050.0,山西,49602.39,2020-12-06
山西金虎水泥有限责任公司,910874412,1197213419,山西省吕梁市交城县洪相乡广兴村307国道山西金虎水泥有限责任公司,31B0,144090101,吕梁,交城,AC00101,1600.0,山西,23620.03,2020-12-06
山西金虎水泥有限责任公司,910874412,1197213419,山西省吕梁市交城县洪相乡广兴村307国道山西金虎水泥有限责任公司,31B0,144090101,吕梁,交城,AC00101,1600.0,山西,5213.95,2020-12-07
太原金圆水泥有限责任公司,100970381,2528433,山西省太原市阳曲县东黄水镇古县村路古县村,31B0,144011214,太原,客服,AC00351,32050.0,山西,56930.0,2020-12-07
太原金圆水泥有限责任公司,100970381,2528433,山西省太原市阳曲县东黄水镇古县村路古县村,31B0,144011214,太原,客服,AC00351,32050.0,山西,55034.0,2020-12-08
山西金虎水泥有限责任公司,910874412,1197213419,山西省吕梁市交城县洪相乡广兴村307国道山西金虎水泥有限责任公司,31B0,144090101,吕梁,交城,AC00101,1600.0,山西,24045.19,2020-12-08
大同冀东水泥有限责任公司,301225556,6046402,山西省大同市南郊区口泉乡五法村新区路40号,31B0,144030217,大同,客服,AC01101,61500.0,山西,603680.0,2020-11-12
大同冀东水泥有限责任公司,301225556,6046402,山西省大同市南郊区口泉乡五法村新区路40号,31B0,144030217,大同,客服,AC01101,61500.0,山西,613360.0,2020-11-14
大同冀东水泥有限责任公司,301225556,6046402,山西省大同市南郊区口泉乡五法村新区路40号,31B0,144030217,大同,客服,AC01101,61500.0,山西,541200.0,2020-11-16
大同冀东水泥有限责任公司,301225556,6046402,山西省大同市南郊区口泉乡五法村新区路40号,31B0,144030217,大同,客服,AC01101,61500.0,山西,563200.0,2020-11-18
大同冀东水泥有限责任公司,301225556,6046402,山西省大同市南郊区口泉乡五法村新区路40号,31B0,144030217,大同,客服,AC01101,61500.0,山西,308000.0,2020-07-08
大同冀东水泥有限责任公司,301225556,6046402,山西省大同市南郊区口泉乡五法村新区路40号,31B0,144030217,大同,客服,AC01101,61500.0,山西,364320.0,2020-07-14
大同冀东水泥有限责任公司,301225556,6046402,山西省大同市南郊区口泉乡五法村新区路40号,31B0,144030217,大同,客服,AC01101,61500.0,山西,388080.0,2020-07-20
大同冀东水泥有限责任公司,301225556,6046402,山西省大同市南郊区口泉乡五法村新区路40号,31B0,144030217,大同,客服,AC01101,61500.0,山西,441760.0,2020-07-21
大同冀东水泥有限责任公司,301225556,6046402,山西省大同市南郊区口泉乡五法村新区路40号,31B0,144030217,大同,客服,AC01101,61500.0,山西,602800.0,2020-07-23
大同冀东水泥有限责任公司,301225556,6046402,山西省大同市南郊区口泉乡五法村新区路40号,31B0,144030217,大同,客服,AC01101,61500.0,山西,664400.0,2020-09-02
大同冀东水泥有限责任公司,301225556,6046402,山西省大同市南郊区口泉乡五法村新区路40号,31B0,144030217,大同,客服,AC01101,61500.0,山西,378400.0,2020-07-27
大同冀东水泥有限责任公司,301225556,6046402,山西省大同市南郊区口泉乡五法村新区路40号,31B0,144030217,大同,客服,AC01101,61500.0,山西,579920.0,2020-07-24
大同冀东水泥有限责任公司,301225556,6046402,山西省大同市南郊区口泉乡五法村新区路40号,31B0,144030217,大同,客服,AC01101,61500.0,山西,449680.0,2020-07-28
大同冀东水泥有限责任公司,301225556,6046402,山西省大同市南郊区口泉乡五法村新区路40号,31B0,144030217,大同,客服,AC01101,61500.0,山西,541200.0,2020-07-29
大同冀东水泥有限责任公司,301225556,6046402,山西省大同市南郊区口泉乡五法村新区路40号,31B0,144030217,大同,客服,AC01101,61500.0,山西,453200.0,2020-07-30
大同冀东水泥有限责任公司,301225556,6046402,山西省大同市南郊区口泉乡五法村新区路40号,31B0,144030217,大同,客服,AC01101,61500.0,山西,490160.0,2020-07-31
大同冀东水泥有限责任公司,301225556,6046402,山西省大同市南郊区口泉乡五法村新区路40号,31B0,144030217,大同,客服,AC01101,61500.0,山西,510400.0,2020-08-03
大同冀东水泥有限责任公司,301225556,6046402,山西省大同市南郊区口泉乡五法村新区路40号,31B0,144030217,大同,客服,AC01101,61500.0,山西,520080.0,2020-08-09
大同冀东水泥有限责任公司,301225556,6046402,山西省大同市南郊区口泉乡五法村新区路40号,31B0,144030217,大同,客服,AC01101,61500.0,山西,637120.0,2020-09-09
大同冀东水泥有限责任公司,301225556,6046402,山西省大同市南郊区口泉乡五法村新区路40号,31B0,144030217,大同,客服,AC01101,61500.0,山西,689920.0,2020-08-16
大同冀东水泥有限责任公司,301225556,6046402,山西省大同市南郊区口泉乡五法村新区路40号,31B0,144030217,大同,客服,AC01101,61500.0,山西,692560.0,2020-08-18
大同冀东水泥有限责任公司,301225556,6046402,山西省大同市南郊区口泉乡五法村新区路40号,31B0,144030217,大同,客服,AC01101,61500.0,山西,681120.0,2020-08-28
大同冀东水泥有限责任公司,301225556,6046402,山西省大同市南郊区口泉乡五法村新区路40号,31B0,144030217,大同,客服,AC01101,61500.0,山西,651200.0,2020-09-17
大同冀东水泥有限责任公司,301225556,6046402,山西省大同市南郊区口泉乡五法村新区路40号,31B0,144030217,大同,客服,AC01101,61500.0,山西,586080.0,2020-09-22
大同冀东水泥有限责任公司,301225556,6046402,山西省大同市南郊区口泉乡五法村新区路40号,31B0,144030217,大同,客服,AC01101,61500.0,山西,461120.0,2020-09-23
大同冀东水泥有限责任公司,301225556,6046402,山西省大同市南郊区口泉乡五法村新区路40号,31B0,144030217,大同,客服,AC01101,61500.0,山西,498960.0,2020-09-24
大同冀东水泥有限责任公司,301225556,6046402,山西省大同市南郊区口泉乡五法村新区路40号,31B0,144030217,大同,客服,AC01101,61500.0,山西,547360.0,2020-09-26
大同冀东水泥有限责任公司,301225556,6046402,山西省大同市南郊区口泉乡五法村新区路40号,31B0,144030217,大同,客服,AC01101,61500.0,山西,680240.0,2020-09-30
大同冀东水泥有限责任公司,301225556,6046402,山西省大同市南郊区口泉乡五法村新区路40号,31B0,144030217,大同,客服,AC01101,61500.0,山西,476960.0,2020-10-27
大同冀东水泥有限责任公司,301225556,6046402,山西省大同市南郊区口泉乡五法村新区路40号,31B0,144030217,大同,客服,AC01101,61500.0,山西,606320.0,2020-11-06
大同冀东水泥有限责任公司,301225556,6046402,山西省大同市南郊区口泉乡五法村新区路40号,31B0,144030217,大同,客服,AC01101,61500.0,山西,599280.0,2020-11-08
大同冀东水泥有限责任公司,301225556,6046402,山西省大同市南郊区口泉乡五法村新区路40号,31B0,144030217,大同,客服,AC01101,61500.0,山西,608080.0,2020-11-09
大同冀东水泥有限责任公司,301225556,6046402,山西省大同市南郊区口泉乡五法村新区路40号,31B0,144030217,大同,客服,AC01101,61500.0,山西,506000.0,2020-11-05
大同冀东水泥有限责任公司,301225556,6046402,山西省大同市南郊区口泉乡五法村新区路40号,31B0,144030217,大同,客服,AC01101,61500.0,山西,447040.0,2020-07-01
大同冀东水泥有限责任公司,301225556,6046402,山西省大同市南郊区口泉乡五法村新区路40号,31B0,144030217,大同,客服,AC01101,61500.0,山西,366080.0,2020-07-02
大同冀东水泥有限责任公司,301225556,6046402,山西省大同市南郊区口泉乡五法村新区路40号,31B0,144030217,大同,客服,AC01101,61500.0,山西,456720.0,2020-07-03
大同冀东水泥有限责任公司,301225556,6046402,山西省大同市南郊区口泉乡五法村新区路40号,31B0,144030217,大同,客服,AC01101,61500.0,山西,455840.0,2020-07-04
大同冀东水泥有限责任公司,301225556,6046402,山西省大同市南郊区口泉乡五法村新区路40号,31B0,144030217,大同,客服,AC01101,61500.0,山西,427680.0,2020-07-05
大同冀东水泥有限责任公司,301225556,6046402,山西省大同市南郊区口泉乡五法村新区路40号,31B0,144030217,大同,客服,AC01101,61500.0,山西,522720.0,2020-07-06
大同冀东水泥有限责任公司,301225556,6046402,山西省大同市南郊区口泉乡五法村新区路40号,31B0,144030217,大同,客服,AC01101,61500.0,山西,454080.0,2020-07-07
大同冀东水泥有限责任公司,301225556,6046402,山西省大同市南郊区口泉乡五法村新区路40号,31B0,144030217,大同,客服,AC01101,61500.0,山西,469040.0,2020-07-09
大同冀东水泥有限责任公司,301225556,6046402,山西省大同市南郊区口泉乡五法村新区路40号,31B0,144030217,大同,客服,AC01101,61500.0,山西,584320.0,2020-07-10
大同冀东水泥有限责任公司,301225556,6046402,山西省大同市南郊区口泉乡五法村新区路40号,31B0,144030217,大同,客服,AC01101,61500.0,山西,461120.0,2020-07-11
大同冀东水泥有限责任公司,301225556,6046402,山西省大同市南郊区口泉乡五法村新区路40号,31B0,144030217,大同,客服,AC01101,61500.0,山西,432960.0,2020-07-12
大同冀东水泥有限责任公司,301225556,6046402,山西省大同市南郊区口泉乡五法村新区路40号,31B0,144030217,大同,客服,AC01101,61500.0,山西,407440.0,2020-07-13
大同冀东水泥有限责任公司,301225556,6046402,山西省大同市南郊区口泉乡五法村新区路40号,31B0,144030217,大同,客服,AC01101,61500.0,山西,417120.0,2020-07-15
大同冀东水泥有限责任公司,301225556,6046402,山西省大同市南郊区口泉乡五法村新区路40号,31B0,144030217,大同,客服,AC01101,61500.0,山西,497200.0,2020-07-16
大同冀东水泥有限责任公司,301225556,6046402,山西省大同市南郊区口泉乡五法村新区路40号,31B0,144030217,大同,客服,AC01101,61500.0,山西,471680.0,2020-07-17
大同冀东水泥有限责任公司,301225556,6046402,山西省大同市南郊区口泉乡五法村新区路40号,31B0,144030217,大同,客服,AC01101,61500.0,山西,395120.0,2020-07-18
大同冀东水泥有限责任公司,301225556,6046402,山西省大同市南郊区口泉乡五法村新区路40号,31B0,144030217,大同,客服,AC01101,61500.0,山西,337040.0,2020-07-19
大同冀东水泥有限责任公司,301225556,6046402,山西省大同市南郊区口泉乡五法村新区路40号,31B0,144030217,大同,客服,AC01101,61500.0,山西,533280.0,2020-07-22
大同冀东水泥有限责任公司,301225556,6046402,山西省大同市南郊区口泉乡五法村新区路40号,31B0,144030217,大同,客服,AC01101,61500.0,山西,576400.0,2020-07-25
大同冀东水泥有限责任公司,301225556,6046402,山西省大同市南郊区口泉乡五法村新区路40号,31B0,144030217,大同,客服,AC01101,61500.0,山西,493680.0,2020-07-26
大同冀东水泥有限责任公司,301225556,6046402,山西省大同市南郊区口泉乡五法村新区路40号,31B0,144030217,大同,客服,AC01101,61500.0,山西,435600.0,2020-08-01
大同冀东水泥有限责任公司,301225556,6046402,山西省大同市南郊区口泉乡五法村新区路40号,31B0,144030217,大同,客服,AC01101,61500.0,山西,503360.0,2020-08-02
大同冀东水泥有限责任公司,301225556,6046402,山西省大同市南郊区口泉乡五法村新区路40号,31B0,144030217,大同,客服,AC01101,61500.0,山西,487520.0,2020-08-04
大同冀东水泥有限责任公司,301225556,6046402,山西省大同市南郊区口泉乡五法村新区路40号,31B0,144030217,大同,客服,AC01101,61500.0,山西,493680.0,2020-08-05
大同冀东水泥有限责任公司,301225556,6046402,山西省大同市南郊区口泉乡五法村新区路40号,31B0,144030217,大同,客服,AC01101,61500.0,山西,322960.0,2020-08-06
大同冀东水泥有限责任公司,301225556,6046402,山西省大同市南郊区口泉乡五法村新区路40号,31B0,144030217,大同,客服,AC01101,61500.0,山西,434720.0,2020-08-07
大同冀东水泥有限责任公司,301225556,6046402,山西省大同市南郊区口泉乡五法村新区路40号,31B0,144030217,大同,客服,AC01101,61500.0,山西,362560.0,2020-08-08
大同冀东水泥有限责任公司,301225556,6046402,山西省大同市南郊区口泉乡五法村新区路40号,31B0,144030217,大同,客服,AC01101,61500.0,山西,670560.0,2020-08-11
大同冀东水泥有限责任公司,301225556,6046402,山西省大同市南郊区口泉乡五法村新区路40号,31B0,144030217,大同,客服,AC01101,61500.0,山西,627440.0,2020-08-13
大同冀东水泥有限责任公司,301225556,6046402,山西省大同市南郊区口泉乡五法村新区路40号,31B0,144030217,大同,客服,AC01101,61500.0,山西,535920.0,2020-08-19
大同冀东水泥有限责任公司,301225556,6046402,山西省大同市南郊区口泉乡五法村新区路40号,31B0,144030217,大同,客服,AC01101,61500.0,山西,663520.0,2020-08-20
大同冀东水泥有限责任公司,301225556,6046402,山西省大同市南郊区口泉乡五法村新区路40号,31B0,144030217,大同,客服,AC01101,61500.0,山西,638000.0,2020-08-21
大同冀东水泥有限责任公司,301225556,6046402,山西省大同市南郊区口泉乡五法村新区路40号,31B0,144030217,大同,客服,AC01101,61500.0,山西,665280.0,2020-08-23
大同冀东水泥有限责任公司,301225556,6046402,山西省大同市南郊区口泉乡五法村新区路40号,31B0,144030217,大同,客服,AC01101,61500.0,山西,690800.0,2020-08-24
大同冀东水泥有限责任公司,301225556,6046402,山西省大同市南郊区口泉乡五法村新区路40号,31B0,144030217,大同,客服,AC01101,61500.0,山西,662640.0,2020-08-25
大同冀东水泥有限责任公司,301225556,6046402,山西省大同市南郊区口泉乡五法村新区路40号,31B0,144030217,大同,客服,AC01101,61500.0,山西,689920.0,2020-08-30
大同冀东水泥有限责任公司,301225556,6046402,山西省大同市南郊区口泉乡五法村新区路40号,31B0,144030217,大同,客服,AC01101,61500.0,山西,660880.0,2020-09-01
大同冀东水泥有限责任公司,301225556,6046402,山西省大同市南郊区口泉乡五法村新区路40号,31B0,144030217,大同,客服,AC01101,61500.0,山西,633600.0,2020-09-07
大同冀东水泥有限责任公司,301225556,6046402,山西省大同市南郊区口泉乡五法村新区路40号,31B0,144030217,大同,客服,AC01101,61500.0,山西,604560.0,2020-09-08
大同冀东水泥有限责任公司,301225556,6046402,山西省大同市南郊区口泉乡五法村新区路40号,31B0,144030217,大同,客服,AC01101,61500.0,山西,658240.0,2020-09-13
大同冀东水泥有限责任公司,301225556,6046402,山西省大同市南郊区口泉乡五法村新区路40号,31B0,144030217,大同,客服,AC01101,61500.0,山西,436480.0,2020-09-25
大同冀东水泥有限责任公司,301225556,6046402,山西省大同市南郊区口泉乡五法村新区路40号,31B0,144030217,大同,客服,AC01101,61500.0,山西,449680.0,2020-09-27
大同冀东水泥有限责任公司,301225556,6046402,山西省大同市南郊区口泉乡五法村新区路40号,31B0,144030217,大同,客服,AC01101,61500.0,山西,641520.0,2020-09-28
大同冀东水泥有限责任公司,301225556,6046402,山西省大同市南郊区口泉乡五法村新区路40号,31B0,144030217,大同,客服,AC01101,61500.0,山西,634480.0,2020-09-29
大同冀东水泥有限责任公司,301225556,6046402,山西省大同市南郊区口泉乡五法村新区路40号,31B0,144030217,大同,客服,AC01101,61500.0,山西,682000.0,2020-10-01
大同冀东水泥有限责任公司,301225556,6046402,山西省大同市南郊区口泉乡五法村新区路40号,31B0,144030217,大同,客服,AC01101,61500.0,山西,613360.0,2020-10-02
大同冀东水泥有限责任公司,301225556,6046402,山西省大同市南郊区口泉乡五法村新区路40号,31B0,144030217,大同,客服,AC01101,61500.0,山西,649440.0,2020-10-03
大同冀东水泥有限责任公司,301225556,6046402,山西省大同市南郊区口泉乡五法村新区路40号,31B0,144030217,大同,客服,AC01101,61500.0,山西,596640.0,2020-10-04
大同冀东水泥有限责任公司,301225556,6046402,山西省大同市南郊区口泉乡五法村新区路40号,31B0,144030217,大同,客服,AC01101,61500.0,山西,655600.0,2020-10-10
大同冀东水泥有限责任公司,301225556,6046402,山西省大同市南郊区口泉乡五法村新区路40号,31B0,144030217,大同,客服,AC01101,61500.0,山西,621280.0,2020-10-15
大同冀东水泥有限责任公司,301225556,6046402,山西省大同市南郊区口泉乡五法村新区路40号,31B0,144030217,大同,客服,AC01101,61500.0,山西,576400.0,2020-10-18
大同冀东水泥有限责任公司,301225556,6046402,山西省大同市南郊区口泉乡五法村新区路40号,31B0,144030217,大同,客服,AC01101,61500.0,山西,588720.0,2020-10-21
大同冀东水泥有限责任公司,301225556,6046402,山西省大同市南郊区口泉乡五法村新区路40号,31B0,144030217,大同,客服,AC01101,61500.0,山西,687280.0,2020-10-22
大同冀东水泥有限责任公司,301225556,6046402,山西省大同市南郊区口泉乡五法村新区路40号,31B0,144030217,大同,客服,AC01101,61500.0,山西,567600.0,2020-10-24
大同冀东水泥有限责任公司,301225556,6046402,山西省大同市南郊区口泉乡五法村新区路40号,31B0,144030217,大同,客服,AC01101,61500.0,山西,618640.0,2020-10-25
大同冀东水泥有限责任公司,301225556,6046402,山西省大同市南郊区口泉乡五法村新区路40号,31B0,144030217,大同,客服,AC01101,61500.0,山西,601040.0,2020-10-26
大同冀东水泥有限责任公司,301225556,6046402,山西省大同市南郊区口泉乡五法村新区路40号,31B0,144030217,大同,客服,AC01101,61500.0,山西,673200.0,2020-10-31
大同冀东水泥有限责任公司,301225556,6046402,山西省大同市南郊区口泉乡五法村新区路40号,31B0,144030217,大同,客服,AC01101,61500.0,山西,558800.0,2020-11-03
大同冀东水泥有限责任公司,301225556,6046402,山西省大同市南郊区口泉乡五法村新区路40号,31B0,144030217,大同,客服,AC01101,61500.0,山西,548240.0,2020-11-11
大同冀东水泥有限责任公司,301225556,6046402,山西省大同市南郊区口泉乡五法村新区路40号,31B0,144030217,大同,客服,AC01101,61500.0,山西,630080.0,2020-11-13
大同冀东水泥有限责任公司,301225556,6046402,山西省大同市南郊区口泉乡五法村新区路40号,31B0,144030217,大同,客服,AC01101,61500.0,山西,557920.0,2020-11-15
大同冀东水泥有限责任公司,301225556,6046402,山西省大同市南郊区口泉乡五法村新区路40号,31B0,144030217,大同,客服,AC01101,61500.0,山西,374880.0,2020-11-17
大同冀东水泥有限责任公司,301225556,6046402,山西省大同市南郊区口泉乡五法村新区路40号,31B0,144030217,大同,客服,AC01101,61500.0,山西,394240.0,2020-11-19
大同冀东水泥有限责任公司,301225556,6046402,山西省大同市南郊区口泉乡五法村新区路40号,31B0,144030217,大同,客服,AC01101,61500.0,山西,501600.0,2020-11-21
大同冀东水泥有限责任公司,301225556,6046402,山西省大同市南郊区口泉乡五法村新区路40号,31B0,144030217,大同,客服,AC01101,61500.0,山西,553520.0,2020-11-20
大同冀东水泥有限责任公司,301225556,6046402,山西省大同市南郊区口泉乡五法村新区路40号,31B0,144030217,大同,客服,AC01101,61500.0,山西,481360.0,2020-11-22
大同冀东水泥有限责任公司,301225556,6046402,山西省大同市南郊区口泉乡五法村新区路40号,31B0,144030217,大同,客服,AC01101,61500.0,山西,526240.0,2020-11-23
大同冀东水泥有限责任公司,301225556,6046402,山西省大同市南郊区口泉乡五法村新区路40号,31B0,144030217,大同,客服,AC01101,61500.0,山西,687280.0,2020-11-25
大同冀东水泥有限责任公司,301225556,6046402,山西省大同市南郊区口泉乡五法村新区路40号,31B0,144030217,大同,客服,AC01101,61500.0,山西,530640.0,2020-11-26
大同冀东水泥有限责任公司,301225556,6046402,山西省大同市南郊区口泉乡五法村新区路40号,31B0,144030217,大同,客服,AC01101,61500.0,山西,512340.0,2020-11-27
大同冀东水泥有限责任公司,301225556,6046402,山西省大同市南郊区口泉乡五法村新区路40号,31B0,144030217,大同,客服,AC01101,61500.0,山西,556450.0,2020-11-28
大同冀东水泥有限责任公司,301225556,6046402,山西省大同市南郊区口泉乡五法村新区路40号,31B0,144030217,大同,客服,AC01101,61500.0,山西,523620.0,2020-11-29
大同冀东水泥有限责任公司,301225556,6046402,山西省大同市南郊区口泉乡五法村新区路40号,31B0,144030217,大同,客服,AC01101,61500.0,山西,28480.0,2020-11-30
大同冀东水泥有限责任公司,301225556,6046402,山西省大同市南郊区口泉乡五法村新区路40号,31B0,144030217,大同,客服,AC01101,61500.0,山西,23480.0,2020-12-01
大同冀东水泥有限责任公司,301225556,6046402,山西省大同市南郊区口泉乡五法村新区路40号,31B0,144030217,大同,客服,AC01101,61500.0,山西,46101.01,2020-12-02
大同冀东水泥有限责任公司,301225556,6046402,山西省大同市南郊区口泉乡五法村新区路40号,31B0,144030217,大同,客服,AC01101,61500.0,山西,28478.73,2020-12-03
大同冀东水泥有限责任公司,301225556,6046402,山西省大同市南郊区口泉乡五法村新区路40号,31B0,144030217,大同,客服,AC01101,61500.0,山西,29160.25,2020-12-04
大同冀东水泥有限责任公司,301225556,6046402,山西省大同市南郊区口泉乡五法村新区路40号,31B0,144030217,大同,客服,AC01101,61500.0,山西,28797.14,2020-12-05
大同冀东水泥有限责任公司,301225556,6046402,山西省大同市南郊区口泉乡五法村新区路40号,31B0,144030217,大同,客服,AC01101,61500.0,山西,28396.45,2020-12-06
大同冀东水泥有限责任公司,301225556,6046402,山西省大同市南郊区口泉乡五法村新区路40号,31B0,144030217,大同,客服,AC01101,61500.0,山西,28220.39,2020-12-07
高平市维高水泥制造有限责任公司,1119349123,1179975744,山西省晋城市高平市马村镇康营村1号,31B0,144110601,晋城,客服,AC00351,20050.0,山西,171920.0,2020-07-01
太原北白水泥制造有限责任公司,100276123,2349346,山西省太原市阳曲县高村乡北白村委村大运路23号,31B0,144010801,太原,阳曲,AC00101,13645.0,山西,183200.0,2020-07-02
高平市维高水泥制造有限责任公司,1119349123,1179975744,山西省晋城市高平市马村镇康营村1号,31B0,144110601,晋城,客服,AC00351,20050.0,山西,95760.0,2020-07-02
太原北白水泥制造有限责任公司,100276123,2349346,山西省太原市阳曲县高村乡北白村委村大运路23号,31B0,144010801,太原,阳曲,AC00101,13645.0,山西,238320.0,2020-07-03
高平市维高水泥制造有限责任公司,1119349123,1179975744,山西省晋城市高平市马村镇康营村1号,31B0,144110601,晋城,客服,AC00351,20050.0,山西,122640.0,2020-07-04
高平市维高水泥制造有限责任公司,1119349123,1179975744,山西省晋城市高平市马村镇康营村1号,31B0,144110601,晋城,客服,AC00351,20050.0,山西,161000.0,2020-07-15
太原北白水泥制造有限责任公司,100276123,2349346,山西省太原市阳曲县高村乡北白村委村大运路23号,31B0,144010801,太原,阳曲,AC00101,13645.0,山西,43200.0,2020-07-08
高平市维高水泥制造有限责任公司,1119349123,1179975744,山西省晋城市高平市马村镇康营村1号,31B0,144110601,晋城,客服,AC00351,20050.0,山西,177240.0,2020-07-17
高平市维高水泥制造有限责任公司,1119349123,1179975744,山西省晋城市高平市马村镇康营村1号,31B0,144110601,晋城,客服,AC00351,20050.0,山西,236040.0,2020-08-21
高平市维高水泥制造有限责任公司,1119349123,1179975744,山西省晋城市高平市马村镇康营村1号,31B0,144110601,晋城,客服,AC00351,20050.0,山西,247520.0,2020-10-26
太原北白水泥制造有限责任公司,100276123,2349346,山西省太原市阳曲县高村乡北白村委村大运路23号,31B0,144010801,太原,阳曲,AC00101,13645.0,山西,75200.0,2020-11-07
高平市维高水泥制造有限责任公司,1119349123,1179975744,山西省晋城市高平市马村镇康营村1号,31B0,144110601,晋城,客服,AC00351,20050.0,山西,260960.0,2020-11-07
太原北白水泥制造有限责任公司,100276123,2349346,山西省太原市阳曲县高村乡北白村委村大运路23号,31B0,144010801,太原,阳曲,AC00101,13645.0,山西,5920.0,2020-11-17
高平市维高水泥制造有限责任公司,1119349123,1179975744,山西省晋城市高平市马村镇康营村1号,31B0,144110601,晋城,客服,AC00351,20050.0,山西,252560.0,2020-07-29
高平市维高水泥制造有限责任公司,1119349123,1179975744,山西省晋城市高平市马村镇康营村1号,31B0,144110601,晋城,客服,AC00351,20050.0,山西,246400.0,2020-08-22
太原北白水泥制造有限责任公司,100276123,2349346,山西省太原市阳曲县高村乡北白村委村大运路23号,31B0,144010801,太原,阳曲,AC00101,13645.0,山西,235840.0,2020-08-26
高平市维高水泥制造有限责任公司,1119349123,1179975744,山西省晋城市高平市马村镇康营村1号,31B0,144110601,晋城,客服,AC00351,20050.0,山西,199640.0,2020-11-19
太原北白水泥制造有限责任公司,100276123,2349346,山西省太原市阳曲县高村乡北白村委村大运路23号,31B0,144010801,太原,阳曲,AC00101,13645.0,山西,263120.0,2020-11-19
高平市维高水泥制造有限责任公司,1119349123,1179975744,山西省晋城市高平市马村镇康营村1号,31B0,144110601,晋城,客服,AC00351,20050.0,山西,205240.0,2020-08-28
太原北白水泥制造有限责任公司,100276123,2349346,山西省太原市阳曲县高村乡北白村委村大运路23号,31B0,144010801,太原,阳曲,AC00101,13645.0,山西,207680.0,2020-08-30
太原北白水泥制造有限责任公司,100276123,2349346,山西省太原市阳曲县高村乡北白村委村大运路23号,31B0,144010801,太原,阳曲,AC00101,13645.0,山西,209120.0,2020-09-01
太原北白水泥制造有限责任公司,100276123,2349346,山西省太原市阳曲县高村乡北白村委村大运路23号,31B0,144010801,太原,阳曲,AC00101,13645.0,山西,247760.0,2020-09-04
高平市维高水泥制造有限责任公司,1119349123,1179975744,山西省晋城市高平市马村镇康营村1号,31B0,144110601,晋城,客服,AC00351,20050.0,山西,244440.0,2020-09-07
太原北白水泥制造有限责任公司,100276123,2349346,山西省太原市阳曲县高村乡北白村委村大运路23号,31B0,144010801,太原,阳曲,AC00101,13645.0,山西,122960.0,2020-09-15
太原北白水泥制造有限责任公司,100276123,2349346,山西省太原市阳曲县高村乡北白村委村大运路23号,31B0,144010801,太原,阳曲,AC00101,13645.0,山西,215200.0,2020-11-01
高平市维高水泥制造有限责任公司,1119349123,1179975744,山西省晋城市高平市马村镇康营村1号,31B0,144110601,晋城,客服,AC00351,20050.0,山西,135520.0,2020-09-17
高平市维高水泥制造有限责任公司,1119349123,1179975744,山西省晋城市高平市马村镇康营村1号,31B0,144110601,晋城,客服,AC00351,20050.0,山西,126840.0,2020-09-23
太原北白水泥制造有限责任公司,100276123,2349346,山西省太原市阳曲县高村乡北白村委村大运路23号,31B0,144010801,太原,阳曲,AC00101,13645.0,山西,274960.0,2020-11-02
高平市维高水泥制造有限责任公司,1119349123,1179975744,山西省晋城市高平市马村镇康营村1号,31B0,144110601,晋城,客服,AC00351,20050.0,山西,209440.0,2020-11-02
太原北白水泥制造有限责任公司,100276123,2349346,山西省太原市阳曲县高村乡北白村委村大运路23号,31B0,144010801,太原,阳曲,AC00101,13645.0,山西,200240.0,2020-07-01
高平市维高水泥制造有限责任公司,1119349123,1179975744,山西省晋城市高平市马村镇康营村1号,31B0,144110601,晋城,客服,AC00351,20050.0,山西,122080.0,2020-07-03
太原北白水泥制造有限责任公司,100276123,2349346,山西省太原市阳曲县高村乡北白村委村大运路23号,31B0,144010801,太原,阳曲,AC00101,13645.0,山西,185840.0,2020-07-04
高平市维高水泥制造有限责任公司,1119349123,1179975744,山西省晋城市高平市马村镇康营村1号,31B0,144110601,晋城,客服,AC00351,20050.0,山西,60760.0,2020-07-05
太原北白水泥制造有限责任公司,100276123,2349346,山西省太原市阳曲县高村乡北白村委村大运路23号,31B0,144010801,太原,阳曲,AC00101,13645.0,山西,104160.0,2020-07-05
太原北白水泥制造有限责任公司,100276123,2349346,山西省太原市阳曲县高村乡北白村委村大运路23号,31B0,144010801,太原,阳曲,AC00101,13645.0,山西,108640.0,2020-07-06
高平市维高水泥制造有限责任公司,1119349123,1179975744,山西省晋城市高平市马村镇康营村1号,31B0,144110601,晋城,客服,AC00351,20050.0,山西,123200.0,2020-07-06
太原北白水泥制造有限责任公司,100276123,2349346,山西省太原市阳曲县高村乡北白村委村大运路23号,31B0,144010801,太原,阳曲,AC00101,13645.0,山西,99440.0,2020-07-07
高平市维高水泥制造有限责任公司,1119349123,1179975744,山西省晋城市高平市马村镇康营村1号,31B0,144110601,晋城,客服,AC00351,20050.0,山西,113400.0,2020-07-07
高平市维高水泥制造有限责任公司,1119349123,1179975744,山西省晋城市高平市马村镇康营村1号,31B0,144110601,晋城,客服,AC00351,20050.0,山西,123760.0,2020-07-08
太原北白水泥制造有限责任公司,100276123,2349346,山西省太原市阳曲县高村乡北白村委村大运路23号,31B0,144010801,太原,阳曲,AC00101,13645.0,山西,63600.0,2020-07-09
高平市维高水泥制造有限责任公司,1119349123,1179975744,山西省晋城市高平市马村镇康营村1号,31B0,144110601,晋城,客服,AC00351,20050.0,山西,49280.0,2020-07-09
太原北白水泥制造有限责任公司,100276123,2349346,山西省太原市阳曲县高村乡北白村委村大运路23号,31B0,144010801,太原,阳曲,AC00101,13645.0,山西,83120.0,2020-07-10
高平市维高水泥制造有限责任公司,1119349123,1179975744,山西省晋城市高平市马村镇康营村1号,31B0,144110601,晋城,客服,AC00351,20050.0,山西,156240.0,2020-07-10
太原北白水泥制造有限责任公司,100276123,2349346,山西省太原市阳曲县高村乡北白村委村大运路23号,31B0,144010801,太原,阳曲,AC00101,13645.0,山西,82160.0,2020-07-11
高平市维高水泥制造有限责任公司,1119349123,1179975744,山西省晋城市高平市马村镇康营村1号,31B0,144110601,晋城,客服,AC00351,20050.0,山西,218960.0,2020-07-11
高平市维高水泥制造有限责任公司,1119349123,1179975744,山西省晋城市高平市马村镇康营村1号,31B0,144110601,晋城,客服,AC00351,20050.0,山西,257320.0,2020-07-12
太原北白水泥制造有限责任公司,100276123,2349346,山西省太原市阳曲县高村乡北白村委村大运路23号,31B0,144010801,太原,阳曲,AC00101,13645.0,山西,92400.0,2020-07-12
高平市维高水泥制造有限责任公司,1119349123,1179975744,山西省晋城市高平市马村镇康营村1号,31B0,144110601,晋城,客服,AC00351,20050.0,山西,207480.0,2020-07-13
太原北白水泥制造有限责任公司,100276123,2349346,山西省太原市阳曲县高村乡北白村委村大运路23号,31B0,144010801,太原,阳曲,AC00101,13645.0,山西,81040.0,2020-07-13
太原北白水泥制造有限责任公司,100276123,2349346,山西省太原市阳曲县高村乡北白村委村大运路23号,31B0,144010801,太原,阳曲,AC00101,13645.0,山西,78640.0,2020-07-14
高平市维高水泥制造有限责任公司,1119349123,1179975744,山西省晋城市高平市马村镇康营村1号,31B0,144110601,晋城,客服,AC00351,20050.0,山西,147280.0,2020-07-14
太原北白水泥制造有限责任公司,100276123,2349346,山西省太原市阳曲县高村乡北白村委村大运路23号,31B0,144010801,太原,阳曲,AC00101,13645.0,山西,151520.0,2020-07-15
高平市维高水泥制造有限责任公司,1119349123,1179975744,山西省晋城市高平市马村镇康营村1号,31B0,144110601,晋城,客服,AC00351,20050.0,山西,158760.0,2020-07-16
太原北白水泥制造有限责任公司,100276123,2349346,山西省太原市阳曲县高村乡北白村委村大运路23号,31B0,144010801,太原,阳曲,AC00101,13645.0,山西,198560.0,2020-07-16
太原北白水泥制造有限责任公司,100276123,2349346,山西省太原市阳曲县高村乡北白村委村大运路23号,31B0,144010801,太原,阳曲,AC00101,13645.0,山西,189360.0,2020-07-17
高平市维高水泥制造有限责任公司,1119349123,1179975744,山西省晋城市高平市马村镇康营村1号,31B0,144110601,晋城,客服,AC00351,20050.0,山西,263200.0,2020-07-18
太原北白水泥制造有限责任公司,100276123,2349346,山西省太原市阳曲县高村乡北白村委村大运路23号,31B0,144010801,太原,阳曲,AC00101,13645.0,山西,203760.0,2020-07-18
高平市维高水泥制造有限责任公司,1119349123,1179975744,山西省晋城市高平市马村镇康营村1号,31B0,144110601,晋城,客服,AC00351,20050.0,山西,254240.0,2020-07-19
太原北白水泥制造有限责任公司,100276123,2349346,山西省太原市阳曲县高村乡北白村委村大运路23号,31B0,144010801,太原,阳曲,AC00101,13645.0,山西,229040.0,2020-07-19
高平市维高水泥制造有限责任公司,1119349123,1179975744,山西省晋城市高平市马村镇康营村1号,31B0,144110601,晋城,客服,AC00351,20050.0,山西,221760.0,2020-07-20
太原北白水泥制造有限责任公司,100276123,2349346,山西省太原市阳曲县高村乡北白村委村大运路23号,31B0,144010801,太原,阳曲,AC00101,13645.0,山西,185600.0,2020-07-20
太原北白水泥制造有限责任公司,100276123,2349346,山西省太原市阳曲县高村乡北白村委村大运路23号,31B0,144010801,太原,阳曲,AC00101,13645.0,山西,174640.0,2020-07-21
高平市维高水泥制造有限责任公司,1119349123,1179975744,山西省晋城市高平市马村镇康营村1号,31B0,144110601,晋城,客服,AC00351,20050.0,山西,248640.0,2020-07-21
高平市维高水泥制造有限责任公司,1119349123,1179975744,山西省晋城市高平市马村镇康营村1号,31B0,144110601,晋城,客服,AC00351,20050.0,山西,251720.0,2020-07-22
太原北白水泥制造有限责任公司,100276123,2349346,山西省太原市阳曲县高村乡北白村委村大运路23号,31B0,144010801,太原,阳曲,AC00101,13645.0,山西,179120.0,2020-07-22
高平市维高水泥制造有限责任公司,1119349123,1179975744,山西省晋城市高平市马村镇康营村1号,31B0,144110601,晋城,客服,AC00351,20050.0,山西,232960.0,2020-07-23
太原北白水泥制造有限责任公司,100276123,2349346,山西省太原市阳曲县高村乡北白村委村大运路23号,31B0,144010801,太原,阳曲,AC00101,13645.0,山西,239040.0,2020-07-23
太原北白水泥制造有限责任公司,100276123,2349346,山西省太原市阳曲县高村乡北白村委村大运路23号,31B0,144010801,太原,阳曲,AC00101,13645.0,山西,197040.0,2020-07-24
高平市维高水泥制造有限责任公司,1119349123,1179975744,山西省晋城市高平市马村镇康营村1号,31B0,144110601,晋城,客服,AC00351,20050.0,山西,190120.0,2020-07-24
太原北白水泥制造有限责任公司,100276123,2349346,山西省太原市阳曲县高村乡北白村委村大运路23号,31B0,144010801,太原,阳曲,AC00101,13645.0,山西,205600.0,2020-07-25
高平市维高水泥制造有限责任公司,1119349123,1179975744,山西省晋城市高平市马村镇康营村1号,31B0,144110601,晋城,客服,AC00351,20050.0,山西,253400.0,2020-07-25
高平市维高水泥制造有限责任公司,1119349123,1179975744,山西省晋城市高平市马村镇康营村1号,31B0,144110601,晋城,客服,AC00351,20050.0,山西,254800.0,2020-07-26
太原北白水泥制造有限责任公司,100276123,2349346,山西省太原市阳曲县高村乡北白村委村大运路23号,31B0,144010801,太原,阳曲,AC00101,13645.0,山西,181280.0,2020-07-26
太原北白水泥制造有限责任公司,100276123,2349346,山西省太原市阳曲县高村乡北白村委村大运路23号,31B0,144010801,太原,阳曲,AC00101,13645.0,山西,188960.0,2020-07-27
高平市维高水泥制造有限责任公司,1119349123,1179975744,山西省晋城市高平市马村镇康营村1号,31B0,144110601,晋城,客服,AC00351,20050.0,山西,247800.0,2020-07-27
太原北白水泥制造有限责任公司,100276123,2349346,山西省太原市阳曲县高村乡北白村委村大运路23号,31B0,144010801,太原,阳曲,AC00101,13645.0,山西,207280.0,2020-07-28
高平市维高水泥制造有限责任公司,1119349123,1179975744,山西省晋城市高平市马村镇康营村1号,31B0,144110601,晋城,客服,AC00351,20050.0,山西,231000.0,2020-07-28
太原北白水泥制造有限责任公司,100276123,2349346,山西省太原市阳曲县高村乡北白村委村大运路23号,31B0,144010801,太原,阳曲,AC00101,13645.0,山西,202000.0,2020-07-29
太原北白水泥制造有限责任公司,100276123,2349346,山西省太原市阳曲县高村乡北白村委村大运路23号,31B0,144010801,太原,阳曲,AC00101,13645.0,山西,142800.0,2020-07-30
高平市维高水泥制造有限责任公司,1119349123,1179975744,山西省晋城市高平市马村镇康营村1号,31B0,144110601,晋城,客服,AC00351,20050.0,山西,257880.0,2020-07-30
太原北白水泥制造有限责任公司,100276123,2349346,山西省太原市阳曲县高村乡北白村委村大运路23号,31B0,144010801,太原,阳曲,AC00101,13645.0,山西,229440.0,2020-07-31
高平市维高水泥制造有限责任公司,1119349123,1179975744,山西省晋城市高平市马村镇康营村1号,31B0,144110601,晋城,客服,AC00351,20050.0,山西,237160.0,2020-07-31
太原北白水泥制造有限责任公司,100276123,2349346,山西省太原市阳曲县高村乡北白村委村大运路23号,31B0,144010801,太原,阳曲,AC00101,13645.0,山西,199360.0,2020-08-01
高平市维高水泥制造有限责任公司,1119349123,1179975744,山西省晋城市高平市马村镇康营村1号,31B0,144110601,晋城,客服,AC00351,20050.0,山西,248920.0,2020-08-01
太原北白水泥制造有限责任公司,100276123,2349346,山西省太原市阳曲县高村乡北白村委村大运路23号,31B0,144010801,太原,阳曲,AC00101,13645.0,山西,232640.0,2020-08-02
高平市维高水泥制造有限责任公司,1119349123,1179975744,山西省晋城市高平市马村镇康营村1号,31B0,144110601,晋城,客服,AC00351,20050.0,山西,262640.0,2020-08-02
太原北白水泥制造有限责任公司,100276123,2349346,山西省太原市阳曲县高村乡北白村委村大运路23号,31B0,144010801,太原,阳曲,AC00101,13645.0,山西,216320.0,2020-08-03
高平市维高水泥制造有限责任公司,1119349123,1179975744,山西省晋城市高平市马村镇康营村1号,31B0,144110601,晋城,客服,AC00351,20050.0,山西,252000.0,2020-08-03
太原北白水泥制造有限责任公司,100276123,2349346,山西省太原市阳曲县高村乡北白村委村大运路23号,31B0,144010801,太原,阳曲,AC00101,13645.0,山西,195920.0,2020-08-04
高平市维高水泥制造有限责任公司,1119349123,1179975744,山西省晋城市高平市马村镇康营村1号,31B0,144110601,晋城,客服,AC00351,20050.0,山西,227360.0,2020-08-04
太原北白水泥制造有限责任公司,100276123,2349346,山西省太原市阳曲县高村乡北白村委村大运路23号,31B0,144010801,太原,阳曲,AC00101,13645.0,山西,240640.0,2020-08-05
高平市维高水泥制造有限责任公司,1119349123,1179975744,山西省晋城市高平市马村镇康营村1号,31B0,144110601,晋城,客服,AC00351,20050.0,山西,212800.0,2020-08-05
高平市维高水泥制造有限责任公司,1119349123,1179975744,山西省晋城市高平市马村镇康营村1号,31B0,144110601,晋城,客服,AC00351,20050.0,山西,60760.0,2020-08-06
太原北白水泥制造有限责任公司,100276123,2349346,山西省太原市阳曲县高村乡北白村委村大运路23号,31B0,144010801,太原,阳曲,AC00101,13645.0,山西,58080.0,2020-08-06
高平市维高水泥制造有限责任公司,1119349123,1179975744,山西省晋城市高平市马村镇康营村1号,31B0,144110601,晋城,客服,AC00351,20050.0,山西,38360.0,2020-08-07
太原北白水泥制造有限责任公司,100276123,2349346,山西省太原市阳曲县高村乡北白村委村大运路23号,31B0,144010801,太原,阳曲,AC00101,13645.0,山西,35440.0,2020-08-07
太原北白水泥制造有限责任公司,100276123,2349346,山西省太原市阳曲县高村乡北白村委村大运路23号,31B0,144010801,太原,阳曲,AC00101,13645.0,山西,83760.0,2020-08-08
高平市维高水泥制造有限责任公司,1119349123,1179975744,山西省晋城市高平市马村镇康营村1号,31B0,144110601,晋城,客服,AC00351,20050.0,山西,62440.0,2020-08-08
太原北白水泥制造有限责任公司,100276123,2349346,山西省太原市阳曲县高村乡北白村委村大运路23号,31B0,144010801,太原,阳曲,AC00101,13645.0,山西,95760.0,2020-08-09
高平市维高水泥制造有限责任公司,1119349123,1179975744,山西省晋城市高平市马村镇康营村1号,31B0,144110601,晋城,客服,AC00351,20050.0,山西,120680.0,2020-08-09
太原北白水泥制造有限责任公司,100276123,2349346,山西省太原市阳曲县高村乡北白村委村大运路23号,31B0,144010801,太原,阳曲,AC00101,13645.0,山西,61520.0,2020-08-10
高平市维高水泥制造有限责任公司,1119349123,1179975744,山西省晋城市高平市马村镇康营村1号,31B0,144110601,晋城,客服,AC00351,20050.0,山西,74200.0,2020-08-10
太原北白水泥制造有限责任公司,100276123,2349346,山西省太原市阳曲县高村乡北白村委村大运路23号,31B0,144010801,太原,阳曲,AC00101,13645.0,山西,60480.0,2020-08-11
高平市维高水泥制造有限责任公司,1119349123,1179975744,山西省晋城市高平市马村镇康营村1号,31B0,144110601,晋城,客服,AC00351,20050.0,山西,101080.0,2020-08-11
高平市维高水泥制造有限责任公司,1119349123,1179975744,山西省晋城市高平市马村镇康营村1号,31B0,144110601,晋城,客服,AC00351,20050.0,山西,141680.0,2020-08-12
太原北白水泥制造有限责任公司,100276123,2349346,山西省太原市阳曲县高村乡北白村委村大运路23号,31B0,144010801,太原,阳曲,AC00101,13645.0,山西,139120.0,2020-08-12
高平市维高水泥制造有限责任公司,1119349123,1179975744,山西省晋城市高平市马村镇康营村1号,31B0,144110601,晋城,客服,AC00351,20050.0,山西,249760.0,2020-08-13
太原北白水泥制造有限责任公司,100276123,2349346,山西省太原市阳曲县高村乡北白村委村大运路23号,31B0,144010801,太原,阳曲,AC00101,13645.0,山西,222000.0,2020-08-13
太原北白水泥制造有限责任公司,100276123,2349346,山西省太原市阳曲县高村乡北白村委村大运路23号,31B0,144010801,太原,阳曲,AC00101,13645.0,山西,229760.0,2020-08-14
高平市维高水泥制造有限责任公司,1119349123,1179975744,山西省晋城市高平市马村镇康营村1号,31B0,144110601,晋城,客服,AC00351,20050.0,山西,222151.64,2020-08-14
高平市维高水泥制造有限责任公司,1119349123,1179975744,山西省晋城市高平市马村镇康营村1号,31B0,144110601,晋城,客服,AC00351,20050.0,山西,209617.4,2020-08-15
太原北白水泥制造有限责任公司,100276123,2349346,山西省太原市阳曲县高村乡北白村委村大运路23号,31B0,144010801,太原,阳曲,AC00101,13645.0,山西,48480.0,2020-08-15
太原北白水泥制造有限责任公司,100276123,2349346,山西省太原市阳曲县高村乡北白村委村大运路23号,31B0,144010801,太原,阳曲,AC00101,13645.0,山西,195840.0,2020-08-16
高平市维高水泥制造有限责任公司,1119349123,1179975744,山西省晋城市高平市马村镇康营村1号,31B0,144110601,晋城,客服,AC00351,20050.0,山西,281298.34,2020-08-16
高平市维高水泥制造有限责任公司,1119349123,1179975744,山西省晋城市高平市马村镇康营村1号,31B0,144110601,晋城,客服,AC00351,20050.0,山西,256480.0,2020-08-17
太原北白水泥制造有限责任公司,100276123,2349346,山西省太原市阳曲县高村乡北白村委村大运路23号,31B0,144010801,太原,阳曲,AC00101,13645.0,山西,162240.0,2020-08-17
太原北白水泥制造有限责任公司,100276123,2349346,山西省太原市阳曲县高村乡北白村委村大运路23号,31B0,144010801,太原,阳曲,AC00101,13645.0,山西,108720.0,2020-08-18
高平市维高水泥制造有限责任公司,1119349123,1179975744,山西省晋城市高平市马村镇康营村1号,31B0,144110601,晋城,客服,AC00351,20050.0,山西,250040.0,2020-08-18
太原北白水泥制造有限责任公司,100276123,2349346,山西省太原市阳曲县高村乡北白村委村大运路23号,31B0,144010801,太原,阳曲,AC00101,13645.0,山西,78480.0,2020-08-19
高平市维高水泥制造有限责任公司,1119349123,1179975744,山西省晋城市高平市马村镇康营村1号,31B0,144110601,晋城,客服,AC00351,20050.0,山西,238280.0,2020-08-19
太原北白水泥制造有限责任公司,100276123,2349346,山西省太原市阳曲县高村乡北白村委村大运路23号,31B0,144010801,太原,阳曲,AC00101,13645.0,山西,59200.0,2020-08-20
高平市维高水泥制造有限责任公司,1119349123,1179975744,山西省晋城市高平市马村镇康营村1号,31B0,144110601,晋城,客服,AC00351,20050.0,山西,256200.0,2020-08-20
太原北白水泥制造有限责任公司,100276123,2349346,山西省太原市阳曲县高村乡北白村委村大运路23号,31B0,144010801,太原,阳曲,AC00101,13645.0,山西,133600.0,2020-08-21
太原北白水泥制造有限责任公司,100276123,2349346,山西省太原市阳曲县高村乡北白村委村大运路23号,31B0,144010801,太原,阳曲,AC00101,13645.0,山西,167120.0,2020-08-22
高平市维高水泥制造有限责任公司,1119349123,1179975744,山西省晋城市高平市马村镇康营村1号,31B0,144110601,晋城,客服,AC00351,20050.0,山西,229880.0,2020-08-23
太原北白水泥制造有限责任公司,100276123,2349346,山西省太原市阳曲县高村乡北白村委村大运路23号,31B0,144010801,太原,阳曲,AC00101,13645.0,山西,214880.0,2020-08-23
太原北白水泥制造有限责任公司,100276123,2349346,山西省太原市阳曲县高村乡北白村委村大运路23号,31B0,144010801,太原,阳曲,AC00101,13645.0,山西,161840.0,2020-08-24
高平市维高水泥制造有限责任公司,1119349123,1179975744,山西省晋城市高平市马村镇康营村1号,31B0,144110601,晋城,客服,AC00351,20050.0,山西,181440.0,2020-08-24
太原北白水泥制造有限责任公司,100276123,2349346,山西省太原市阳曲县高村乡北白村委村大运路23号,31B0,144010801,太原,阳曲,AC00101,13645.0,山西,202240.0,2020-08-25
高平市维高水泥制造有限责任公司,1119349123,1179975744,山西省晋城市高平市马村镇康营村1号,31B0,144110601,晋城,客服,AC00351,20050.0,山西,142800.0,2020-08-25
高平市维高水泥制造有限责任公司,1119349123,1179975744,山西省晋城市高平市马村镇康营村1号,31B0,144110601,晋城,客服,AC00351,20050.0,山西,82880.0,2020-08-26
太原北白水泥制造有限责任公司,100276123,2349346,山西省太原市阳曲县高村乡北白村委村大运路23号,31B0,144010801,太原,阳曲,AC00101,13645.0,山西,136960.0,2020-08-27
高平市维高水泥制造有限责任公司,1119349123,1179975744,山西省晋城市高平市马村镇康营村1号,31B0,144110601,晋城,客服,AC00351,20050.0,山西,94080.0,2020-08-27
太原北白水泥制造有限责任公司,100276123,2349346,山西省太原市阳曲县高村乡北白村委村大运路23号,31B0,144010801,太原,阳曲,AC00101,13645.0,山西,222400.0,2020-08-28
太原北白水泥制造有限责任公司,100276123,2349346,山西省太原市阳曲县高村乡北白村委村大运路23号,31B0,144010801,太原,阳曲,AC00101,13645.0,山西,142480.0,2020-08-29
高平市维高水泥制造有限责任公司,1119349123,1179975744,山西省晋城市高平市马村镇康营村1号,31B0,144110601,晋城,客服,AC00351,20050.0,山西,220640.0,2020-08-29
高平市维高水泥制造有限责任公司,1119349123,1179975744,山西省晋城市高平市马村镇康营村1号,31B0,144110601,晋城,客服,AC00351,20050.0,山西,257600.0,2020-08-30
高平市维高水泥制造有限责任公司,1119349123,1179975744,山西省晋城市高平市马村镇康营村1号,31B0,144110601,晋城,客服,AC00351,20050.0,山西,245000.0,2020-08-31
太原北白水泥制造有限责任公司,100276123,2349346,山西省太原市阳曲县高村乡北白村委村大运路23号,31B0,144010801,太原,阳曲,AC00101,13645.0,山西,205920.0,2020-08-31
高平市维高水泥制造有限责任公司,1119349123,1179975744,山西省晋城市高平市马村镇康营村1号,31B0,144110601,晋城,客服,AC00351,20050.0,山西,257040.0,2020-09-01
太原北白水泥制造有限责任公司,100276123,2349346,山西省太原市阳曲县高村乡北白村委村大运路23号,31B0,144010801,太原,阳曲,AC00101,13645.0,山西,198000.0,2020-09-02
高平市维高水泥制造有限责任公司,1119349123,1179975744,山西省晋城市高平市马村镇康营村1号,31B0,144110601,晋城,客服,AC00351,20050.0,山西,240520.0,2020-09-02
高平市维高水泥制造有限责任公司,1119349123,1179975744,山西省晋城市高平市马村镇康营村1号,31B0,144110601,晋城,客服,AC00351,20050.0,山西,253400.0,2020-09-03
太原北白水泥制造有限责任公司,100276123,2349346,山西省太原市阳曲县高村乡北白村委村大运路23号,31B0,144010801,太原,阳曲,AC00101,13645.0,山西,244400.0,2020-09-03
高平市维高水泥制造有限责任公司,1119349123,1179975744,山西省晋城市高平市马村镇康营村1号,31B0,144110601,晋城,客服,AC00351,20050.0,山西,237440.0,2020-09-04
太原北白水泥制造有限责任公司,100276123,2349346,山西省太原市阳曲县高村乡北白村委村大运路23号,31B0,144010801,太原,阳曲,AC00101,13645.0,山西,187440.0,2020-09-05
高平市维高水泥制造有限责任公司,1119349123,1179975744,山西省晋城市高平市马村镇康营村1号,31B0,144110601,晋城,客服,AC00351,20050.0,山西,243600.0,2020-09-05
高平市维高水泥制造有限责任公司,1119349123,1179975744,山西省晋城市高平市马村镇康营村1号,31B0,144110601,晋城,客服,AC00351,20050.0,山西,234360.0,2020-09-06
太原北白水泥制造有限责任公司,100276123,2349346,山西省太原市阳曲县高村乡北白村委村大运路23号,31B0,144010801,太原,阳曲,AC00101,13645.0,山西,236240.0,2020-09-06
太原北白水泥制造有限责任公司,100276123,2349346,山西省太原市阳曲县高村乡北白村委村大运路23号,31B0,144010801,太原,阳曲,AC00101,13645.0,山西,232400.0,2020-09-07
太原北白水泥制造有限责任公司,100276123,2349346,山西省太原市阳曲县高村乡北白村委村大运路23号,31B0,144010801,太原,阳曲,AC00101,13645.0,山西,198320.0,2020-09-08
高平市维高水泥制造有限责任公司,1119349123,1179975744,山西省晋城市高平市马村镇康营村1号,31B0,144110601,晋城,客服,AC00351,20050.0,山西,245280.0,2020-09-08
太原北白水泥制造有限责任公司,100276123,2349346,山西省太原市阳曲县高村乡北白村委村大运路23号,31B0,144010801,太原,阳曲,AC00101,13645.0,山西,215600.0,2020-09-09
高平市维高水泥制造有限责任公司,1119349123,1179975744,山西省晋城市高平市马村镇康营村1号,31B0,144110601,晋城,客服,AC00351,20050.0,山西,170520.0,2020-09-09
太原北白水泥制造有限责任公司,100276123,2349346,山西省太原市阳曲县高村乡北白村委村大运路23号,31B0,144010801,太原,阳曲,AC00101,13645.0,山西,256640.0,2020-09-10
高平市维高水泥制造有限责任公司,1119349123,1179975744,山西省晋城市高平市马村镇康营村1号,31B0,144110601,晋城,客服,AC00351,20050.0,山西,126280.0,2020-09-10
太原北白水泥制造有限责任公司,100276123,2349346,山西省太原市阳曲县高村乡北白村委村大运路23号,31B0,144010801,太原,阳曲,AC00101,13645.0,山西,205840.0,2020-09-11
高平市维高水泥制造有限责任公司,1119349123,1179975744,山西省晋城市高平市马村镇康营村1号,31B0,144110601,晋城,客服,AC00351,20050.0,山西,119560.0,2020-09-11
太原北白水泥制造有限责任公司,100276123,2349346,山西省太原市阳曲县高村乡北白村委村大运路23号,31B0,144010801,太原,阳曲,AC00101,13645.0,山西,203840.0,2020-09-12
高平市维高水泥制造有限责任公司,1119349123,1179975744,山西省晋城市高平市马村镇康营村1号,31B0,144110601,晋城,客服,AC00351,20050.0,山西,124880.0,2020-09-12
太原北白水泥制造有限责任公司,100276123,2349346,山西省太原市阳曲县高村乡北白村委村大运路23号,31B0,144010801,太原,阳曲,AC00101,13645.0,山西,186080.0,2020-09-13
高平市维高水泥制造有限责任公司,1119349123,1179975744,山西省晋城市高平市马村镇康营村1号,31B0,144110601,晋城,客服,AC00351,20050.0,山西,198800.0,2020-09-13
高平市维高水泥制造有限责任公司,1119349123,1179975744,山西省晋城市高平市马村镇康营村1号,31B0,144110601,晋城,客服,AC00351,20050.0,山西,253680.0,2020-09-14
太原北白水泥制造有限责任公司,100276123,2349346,山西省太原市阳曲县高村乡北白村委村大运路23号,31B0,144010801,太原,阳曲,AC00101,13645.0,山西,206640.0,2020-09-14
高平市维高水泥制造有限责任公司,1119349123,1179975744,山西省晋城市高平市马村镇康营村1号,31B0,144110601,晋城,客服,AC00351,20050.0,山西,169120.0,2020-09-15
高平市维高水泥制造有限责任公司,1119349123,1179975744,山西省晋城市高平市马村镇康营村1号,31B0,144110601,晋城,客服,AC00351,20050.0,山西,105560.0,2020-09-16
太原北白水泥制造有限责任公司,100276123,2349346,山西省太原市阳曲县高村乡北白村委村大运路23号,31B0,144010801,太原,阳曲,AC00101,13645.0,山西,70320.0,2020-09-16
太原北白水泥制造有限责任公司,100276123,2349346,山西省太原市阳曲县高村乡北白村委村大运路23号,31B0,144010801,太原,阳曲,AC00101,13645.0,山西,49040.0,2020-09-17
太原北白水泥制造有限责任公司,100276123,2349346,山西省太原市阳曲县高村乡北白村委村大运路23号,31B0,144010801,太原,阳曲,AC00101,13645.0,山西,49440.0,2020-09-18
高平市维高水泥制造有限责任公司,1119349123,1179975744,山西省晋城市高平市马村镇康营村1号,31B0,144110601,晋城,客服,AC00351,20050.0,山西,225960.0,2020-09-18
太原北白水泥制造有限责任公司,100276123,2349346,山西省太原市阳曲县高村乡北白村委村大运路23号,31B0,144010801,太原,阳曲,AC00101,13645.0,山西,57680.0,2020-09-19
高平市维高水泥制造有限责任公司,1119349123,1179975744,山西省晋城市高平市马村镇康营村1号,31B0,144110601,晋城,客服,AC00351,20050.0,山西,258160.0,2020-09-19
太原北白水泥制造有限责任公司,100276123,2349346,山西省太原市阳曲县高村乡北白村委村大运路23号,31B0,144010801,太原,阳曲,AC00101,13645.0,山西,91600.0,2020-09-20
高平市维高水泥制造有限责任公司,1119349123,1179975744,山西省晋城市高平市马村镇康营村1号,31B0,144110601,晋城,客服,AC00351,20050.0,山西,179200.0,2020-09-20
太原北白水泥制造有限责任公司,100276123,2349346,山西省太原市阳曲县高村乡北白村委村大运路23号,31B0,144010801,太原,阳曲,AC00101,13645.0,山西,176400.0,2020-09-21
高平市维高水泥制造有限责任公司,1119349123,1179975744,山西省晋城市高平市马村镇康营村1号,31B0,144110601,晋城,客服,AC00351,20050.0,山西,133560.0,2020-09-21
太原北白水泥制造有限责任公司,100276123,2349346,山西省太原市阳曲县高村乡北白村委村大运路23号,31B0,144010801,太原,阳曲,AC00101,13645.0,山西,244240.0,2020-09-22
高平市维高水泥制造有限责任公司,1119349123,1179975744,山西省晋城市高平市马村镇康营村1号,31B0,144110601,晋城,客服,AC00351,20050.0,山西,123480.0,2020-09-22
太原北白水泥制造有限责任公司,100276123,2349346,山西省太原市阳曲县高村乡北白村委村大运路23号,31B0,144010801,太原,阳曲,AC00101,13645.0,山西,241600.0,2020-09-23
太原北白水泥制造有限责任公司,100276123,2349346,山西省太原市阳曲县高村乡北白村委村大运路23号,31B0,144010801,太原,阳曲,AC00101,13645.0,山西,189440.0,2020-09-24
高平市维高水泥制造有限责任公司,1119349123,1179975744,山西省晋城市高平市马村镇康营村1号,31B0,144110601,晋城,客服,AC00351,20050.0,山西,220360.0,2020-09-24
太原北白水泥制造有限责任公司,100276123,2349346,山西省太原市阳曲县高村乡北白村委村大运路23号,31B0,144010801,太原,阳曲,AC00101,13645.0,山西,181040.0,2020-09-25
高平市维高水泥制造有限责任公司,1119349123,1179975744,山西省晋城市高平市马村镇康营村1号,31B0,144110601,晋城,客服,AC00351,20050.0,山西,241640.0,2020-09-25
高平市维高水泥制造有限责任公司,1119349123,1179975744,山西省晋城市高平市马村镇康营村1号,31B0,144110601,晋城,客服,AC00351,20050.0,山西,219240.0,2020-09-26
太原北白水泥制造有限责任公司,100276123,2349346,山西省太原市阳曲县高村乡北白村委村大运路23号,31B0,144010801,太原,阳曲,AC00101,13645.0,山西,191760.0,2020-09-26
太原北白水泥制造有限责任公司,100276123,2349346,山西省太原市阳曲县高村乡北白村委村大运路23号,31B0,144010801,太原,阳曲,AC00101,13645.0,山西,198640.0,2020-09-27
高平市维高水泥制造有限责任公司,1119349123,1179975744,山西省晋城市高平市马村镇康营村1号,31B0,144110601,晋城,客服,AC00351,20050.0,山西,173880.0,2020-09-27
高平市维高水泥制造有限责任公司,1119349123,1179975744,山西省晋城市高平市马村镇康营村1号,31B0,144110601,晋城,客服,AC00351,20050.0,山西,254240.0,2020-09-28
太原北白水泥制造有限责任公司,100276123,2349346,山西省太原市阳曲县高村乡北白村委村大运路23号,31B0,144010801,太原,阳曲,AC00101,13645.0,山西,207520.0,2020-09-28
太原北白水泥制造有限责任公司,100276123,2349346,山西省太原市阳曲县高村乡北白村委村大运路23号,31B0,144010801,太原,阳曲,AC00101,13645.0,山西,166880.0,2020-09-29
高平市维高水泥制造有限责任公司,1119349123,1179975744,山西省晋城市高平市马村镇康营村1号,31B0,144110601,晋城,客服,AC00351,20050.0,山西,257880.0,2020-09-29
高平市维高水泥制造有限责任公司,1119349123,1179975744,山西省晋城市高平市马村镇康营村1号,31B0,144110601,晋城,客服,AC00351,20050.0,山西,240520.0,2020-09-30
太原北白水泥制造有限责任公司,100276123,2349346,山西省太原市阳曲县高村乡北白村委村大运路23号,31B0,144010801,太原,阳曲,AC00101,13645.0,山西,163840.0,2020-09-30
高平市维高水泥制造有限责任公司,1119349123,1179975744,山西省晋城市高平市马村镇康营村1号,31B0,144110601,晋城,客服,AC00351,20050.0,山西,124320.0,2020-11-18
太原北白水泥制造有限责任公司,100276123,2349346,山西省太原市阳曲县高村乡北白村委村大运路23号,31B0,144010801,太原,阳曲,AC00101,13645.0,山西,208480.0,2020-10-01
高平市维高水泥制造有限责任公司,1119349123,1179975744,山西省晋城市高平市马村镇康营村1号,31B0,144110601,晋城,客服,AC00351,20050.0,山西,257600.0,2020-10-01
高平市维高水泥制造有限责任公司,1119349123,1179975744,山西省晋城市高平市马村镇康营村1号,31B0,144110601,晋城,客服,AC00351,20050.0,山西,246680.0,2020-10-02
太原北白水泥制造有限责任公司,100276123,2349346,山西省太原市阳曲县高村乡北白村委村大运路23号,31B0,144010801,太原,阳曲,AC00101,13645.0,山西,192720.0,2020-10-02
高平市维高水泥制造有限责任公司,1119349123,1179975744,山西省晋城市高平市马村镇康营村1号,31B0,144110601,晋城,客服,AC00351,20050.0,山西,229320.0,2020-10-03
太原北白水泥制造有限责任公司,100276123,2349346,山西省太原市阳曲县高村乡北白村委村大运路23号,31B0,144010801,太原,阳曲,AC00101,13645.0,山西,208800.0,2020-10-03
太原北白水泥制造有限责任公司,100276123,2349346,山西省太原市阳曲县高村乡北白村委村大运路23号,31B0,144010801,太原,阳曲,AC00101,13645.0,山西,211680.0,2020-10-04
高平市维高水泥制造有限责任公司,1119349123,1179975744,山西省晋城市高平市马村镇康营村1号,31B0,144110601,晋城,客服,AC00351,20050.0,山西,238840.0,2020-10-04
太原北白水泥制造有限责任公司,100276123,2349346,山西省太原市阳曲县高村乡北白村委村大运路23号,31B0,144010801,太原,阳曲,AC00101,13645.0,山西,177040.0,2020-10-05
高平市维高水泥制造有限责任公司,1119349123,1179975744,山西省晋城市高平市马村镇康营村1号,31B0,144110601,晋城,客服,AC00351,20050.0,山西,253400.0,2020-10-05
太原北白水泥制造有限责任公司,100276123,2349346,山西省太原市阳曲县高村乡北白村委村大运路23号,31B0,144010801,太原,阳曲,AC00101,13645.0,山西,87520.0,2020-10-06
高平市维高水泥制造有限责任公司,1119349123,1179975744,山西省晋城市高平市马村镇康营村1号,31B0,144110601,晋城,客服,AC00351,20050.0,山西,236320.0,2020-10-06
太原北白水泥制造有限责任公司,100276123,2349346,山西省太原市阳曲县高村乡北白村委村大运路23号,31B0,144010801,太原,阳曲,AC00101,13645.0,山西,173200.0,2020-10-07
高平市维高水泥制造有限责任公司,1119349123,1179975744,山西省晋城市高平市马村镇康营村1号,31B0,144110601,晋城,客服,AC00351,20050.0,山西,245000.0,2020-10-07
高平市维高水泥制造有限责任公司,1119349123,1179975744,山西省晋城市高平市马村镇康营村1号,31B0,144110601,晋城,客服,AC00351,20050.0,山西,246400.0,2020-10-08
太原北白水泥制造有限责任公司,100276123,2349346,山西省太原市阳曲县高村乡北白村委村大运路23号,31B0,144010801,太原,阳曲,AC00101,13645.0,山西,166320.0,2020-10-08
太原北白水泥制造有限责任公司,100276123,2349346,山西省太原市阳曲县高村乡北白村委村大运路23号,31B0,144010801,太原,阳曲,AC00101,13645.0,山西,210240.0,2020-10-09
高平市维高水泥制造有限责任公司,1119349123,1179975744,山西省晋城市高平市马村镇康营村1号,31B0,144110601,晋城,客服,AC00351,20050.0,山西,224280.0,2020-10-09
高平市维高水泥制造有限责任公司,1119349123,1179975744,山西省晋城市高平市马村镇康营村1号,31B0,144110601,晋城,客服,AC00351,20050.0,山西,204120.0,2020-10-10
太原北白水泥制造有限责任公司,100276123,2349346,山西省太原市阳曲县高村乡北白村委村大运路23号,31B0,144010801,太原,阳曲,AC00101,13645.0,山西,10080.0,2020-10-10
太原北白水泥制造有限责任公司,100276123,2349346,山西省太原市阳曲县高村乡北白村委村大运路23号,31B0,144010801,太原,阳曲,AC00101,13645.0,山西,1200.0,2020-10-11
高平市维高水泥制造有限责任公司,1119349123,1179975744,山西省晋城市高平市马村镇康营村1号,31B0,144110601,晋城,客服,AC00351,20050.0,山西,232960.0,2020-10-11
高平市维高水泥制造有限责任公司,1119349123,1179975744,山西省晋城市高平市马村镇康营村1号,31B0,144110601,晋城,客服,AC00351,20050.0,山西,148120.0,2020-10-12
太原北白水泥制造有限责任公司,100276123,2349346,山西省太原市阳曲县高村乡北白村委村大运路23号,31B0,144010801,太原,阳曲,AC00101,13645.0,山西,1360.0,2020-10-12
太原北白水泥制造有限责任公司,100276123,2349346,山西省太原市阳曲县高村乡北白村委村大运路23号,31B0,144010801,太原,阳曲,AC00101,13645.0,山西,1520.0,2020-10-13
高平市维高水泥制造有限责任公司,1119349123,1179975744,山西省晋城市高平市马村镇康营村1号,31B0,144110601,晋城,客服,AC00351,20050.0,山西,71400.0,2020-10-13
太原北白水泥制造有限责任公司,100276123,2349346,山西省太原市阳曲县高村乡北白村委村大运路23号,31B0,144010801,太原,阳曲,AC00101,13645.0,山西,1360.0,2020-10-14
高平市维高水泥制造有限责任公司,1119349123,1179975744,山西省晋城市高平市马村镇康营村1号,31B0,144110601,晋城,客服,AC00351,20050.0,山西,120120.0,2020-10-14
太原北白水泥制造有限责任公司,100276123,2349346,山西省太原市阳曲县高村乡北白村委村大运路23号,31B0,144010801,太原,阳曲,AC00101,13645.0,山西,35520.0,2020-10-15
高平市维高水泥制造有限责任公司,1119349123,1179975744,山西省晋城市高平市马村镇康营村1号,31B0,144110601,晋城,客服,AC00351,20050.0,山西,68600.0,2020-10-15
太原北白水泥制造有限责任公司,100276123,2349346,山西省太原市阳曲县高村乡北白村委村大运路23号,31B0,144010801,太原,阳曲,AC00101,13645.0,山西,100480.0,2020-10-16
高平市维高水泥制造有限责任公司,1119349123,1179975744,山西省晋城市高平市马村镇康营村1号,31B0,144110601,晋城,客服,AC00351,20050.0,山西,19320.0,2020-10-16
高平市维高水泥制造有限责任公司,1119349123,1179975744,山西省晋城市高平市马村镇康营村1号,31B0,144110601,晋城,客服,AC00351,20050.0,山西,140560.0,2020-10-17
太原北白水泥制造有限责任公司,100276123,2349346,山西省太原市阳曲县高村乡北白村委村大运路23号,31B0,144010801,太原,阳曲,AC00101,13645.0,山西,144720.0,2020-10-17
高平市维高水泥制造有限责任公司,1119349123,1179975744,山西省晋城市高平市马村镇康营村1号,31B0,144110601,晋城,客服,AC00351,20050.0,山西,257040.0,2020-10-18
太原北白水泥制造有限责任公司,100276123,2349346,山西省太原市阳曲县高村乡北白村委村大运路23号,31B0,144010801,太原,阳曲,AC00101,13645.0,山西,225920.0,2020-10-18
高平市维高水泥制造有限责任公司,1119349123,1179975744,山西省晋城市高平市马村镇康营村1号,31B0,144110601,晋城,客服,AC00351,20050.0,山西,184520.0,2020-10-19
太原北白水泥制造有限责任公司,100276123,2349346,山西省太原市阳曲县高村乡北白村委村大运路23号,31B0,144010801,太原,阳曲,AC00101,13645.0,山西,191600.0,2020-10-19
太原北白水泥制造有限责任公司,100276123,2349346,山西省太原市阳曲县高村乡北白村委村大运路23号,31B0,144010801,太原,阳曲,AC00101,13645.0,山西,225440.0,2020-10-20
高平市维高水泥制造有限责任公司,1119349123,1179975744,山西省晋城市高平市马村镇康营村1号,31B0,144110601,晋城,客服,AC00351,20050.0,山西,242200.0,2020-10-20
太原北白水泥制造有限责任公司,100276123,2349346,山西省太原市阳曲县高村乡北白村委村大运路23号,31B0,144010801,太原,阳曲,AC00101,13645.0,山西,228880.0,2020-10-21
高平市维高水泥制造有限责任公司,1119349123,1179975744,山西省晋城市高平市马村镇康营村1号,31B0,144110601,晋城,客服,AC00351,20050.0,山西,177800.0,2020-10-21
太原北白水泥制造有限责任公司,100276123,2349346,山西省太原市阳曲县高村乡北白村委村大运路23号,31B0,144010801,太原,阳曲,AC00101,13645.0,山西,216960.0,2020-10-22
高平市维高水泥制造有限责任公司,1119349123,1179975744,山西省晋城市高平市马村镇康营村1号,31B0,144110601,晋城,客服,AC00351,20050.0,山西,231560.0,2020-10-22
太原北白水泥制造有限责任公司,100276123,2349346,山西省太原市阳曲县高村乡北白村委村大运路23号,31B0,144010801,太原,阳曲,AC00101,13645.0,山西,167920.0,2020-10-23
高平市维高水泥制造有限责任公司,1119349123,1179975744,山西省晋城市高平市马村镇康营村1号,31B0,144110601,晋城,客服,AC00351,20050.0,山西,243320.0,2020-10-23
太原北白水泥制造有限责任公司,100276123,2349346,山西省太原市阳曲县高村乡北白村委村大运路23号,31B0,144010801,太原,阳曲,AC00101,13645.0,山西,3280.0,2020-10-24
高平市维高水泥制造有限责任公司,1119349123,1179975744,山西省晋城市高平市马村镇康营村1号,31B0,144110601,晋城,客服,AC00351,20050.0,山西,232120.0,2020-10-24
太原北白水泥制造有限责任公司,100276123,2349346,山西省太原市阳曲县高村乡北白村委村大运路23号,31B0,144010801,太原,阳曲,AC00101,13645.0,山西,15360.0,2020-10-25
高平市维高水泥制造有限责任公司,1119349123,1179975744,山西省晋城市高平市马村镇康营村1号,31B0,144110601,晋城,客服,AC00351,20050.0,山西,246120.0,2020-10-25
太原北白水泥制造有限责任公司,100276123,2349346,山西省太原市阳曲县高村乡北白村委村大运路23号,31B0,144010801,太原,阳曲,AC00101,13645.0,山西,39440.0,2020-10-26
高平市维高水泥制造有限责任公司,1119349123,1179975744,山西省晋城市高平市马村镇康营村1号,31B0,144110601,晋城,客服,AC00351,20050.0,山西,166600.0,2020-10-27
太原北白水泥制造有限责任公司,100276123,2349346,山西省太原市阳曲县高村乡北白村委村大运路23号,31B0,144010801,太原,阳曲,AC00101,13645.0,山西,2320.0,2020-10-27
太原北白水泥制造有限责任公司,100276123,2349346,山西省太原市阳曲县高村乡北白村委村大运路23号,31B0,144010801,太原,阳曲,AC00101,13645.0,山西,2320.0,2020-10-28
高平市维高水泥制造有限责任公司,1119349123,1179975744,山西省晋城市高平市马村镇康营村1号,31B0,144110601,晋城,客服,AC00351,20050.0,山西,16520.0,2020-10-28
太原北白水泥制造有限责任公司,100276123,2349346,山西省太原市阳曲县高村乡北白村委村大运路23号,31B0,144010801,太原,阳曲,AC00101,13645.0,山西,2560.0,2020-10-29
高平市维高水泥制造有限责任公司,1119349123,1179975744,山西省晋城市高平市马村镇康营村1号,31B0,144110601,晋城,客服,AC00351,20050.0,山西,11760.0,2020-10-29
太原北白水泥制造有限责任公司,100276123,2349346,山西省太原市阳曲县高村乡北白村委村大运路23号,31B0,144010801,太原,阳曲,AC00101,13645.0,山西,2400.0,2020-10-30
高平市维高水泥制造有限责任公司,1119349123,1179975744,山西省晋城市高平市马村镇康营村1号,31B0,144110601,晋城,客服,AC00351,20050.0,山西,10920.0,2020-10-30
太原北白水泥制造有限责任公司,100276123,2349346,山西省太原市阳曲县高村乡北白村委村大运路23号,31B0,144010801,太原,阳曲,AC00101,13645.0,山西,98480.0,2020-10-31
高平市维高水泥制造有限责任公司,1119349123,1179975744,山西省晋城市高平市马村镇康营村1号,31B0,144110601,晋城,客服,AC00351,20050.0,山西,48440.0,2020-10-31
高平市维高水泥制造有限责任公司,1119349123,1179975744,山西省晋城市高平市马村镇康营村1号,31B0,144110601,晋城,客服,AC00351,20050.0,山西,109200.0,2020-11-01
太原北白水泥制造有限责任公司,100276123,2349346,山西省太原市阳曲县高村乡北白村委村大运路23号,31B0,144010801,太原,阳曲,AC00101,13645.0,山西,276080.0,2020-11-03
高平市维高水泥制造有限责任公司,1119349123,1179975744,山西省晋城市高平市马村镇康营村1号,31B0,144110601,晋城,客服,AC00351,20050.0,山西,239680.0,2020-11-03
高平市维高水泥制造有限责任公司,1119349123,1179975744,山西省晋城市高平市马村镇康营村1号,31B0,144110601,晋城,客服,AC00351,20050.0,山西,257880.0,2020-11-04
太原北白水泥制造有限责任公司,100276123,2349346,山西省太原市阳曲县高村乡北白村委村大运路23号,31B0,144010801,太原,阳曲,AC00101,13645.0,山西,259280.0,2020-11-04
高平市维高水泥制造有限责任公司,1119349123,1179975744,山西省晋城市高平市马村镇康营村1号,31B0,144110601,晋城,客服,AC00351,20050.0,山西,247240.0,2020-11-05
太原北白水泥制造有限责任公司,100276123,2349346,山西省太原市阳曲县高村乡北白村委村大运路23号,31B0,144010801,太原,阳曲,AC00101,13645.0,山西,180080.0,2020-11-05
高平市维高水泥制造有限责任公司,1119349123,1179975744,山西省晋城市高平市马村镇康营村1号,31B0,144110601,晋城,客服,AC00351,20050.0,山西,250600.0,2020-11-06
太原北白水泥制造有限责任公司,100276123,2349346,山西省太原市阳曲县高村乡北白村委村大运路23号,31B0,144010801,太原,阳曲,AC00101,13645.0,山西,141600.0,2020-11-06
太原北白水泥制造有限责任公司,100276123,2349346,山西省太原市阳曲县高村乡北白村委村大运路23号,31B0,144010801,太原,阳曲,AC00101,13645.0,山西,269280.0,2020-11-08
高平市维高水泥制造有限责任公司,1119349123,1179975744,山西省晋城市高平市马村镇康营村1号,31B0,144110601,晋城,客服,AC00351,20050.0,山西,238000.0,2020-11-08
太原北白水泥制造有限责任公司,100276123,2349346,山西省太原市阳曲县高村乡北白村委村大运路23号,31B0,144010801,太原,阳曲,AC00101,13645.0,山西,257520.0,2020-11-09
高平市维高水泥制造有限责任公司,1119349123,1179975744,山西省晋城市高平市马村镇康营村1号,31B0,144110601,晋城,客服,AC00351,20050.0,山西,20440.0,2020-11-09
高平市维高水泥制造有限责任公司,1119349123,1179975744,山西省晋城市高平市马村镇康营村1号,31B0,144110601,晋城,客服,AC00351,20050.0,山西,12320.0,2020-11-10
太原北白水泥制造有限责任公司,100276123,2349346,山西省太原市阳曲县高村乡北白村委村大运路23号,31B0,144010801,太原,阳曲,AC00101,13645.0,山西,203680.0,2020-11-10
太原北白水泥制造有限责任公司,100276123,2349346,山西省太原市阳曲县高村乡北白村委村大运路23号,31B0,144010801,太原,阳曲,AC00101,13645.0,山西,128480.0,2020-11-11
高平市维高水泥制造有限责任公司,1119349123,1179975744,山西省晋城市高平市马村镇康营村1号,31B0,144110601,晋城,客服,AC00351,20050.0,山西,12880.0,2020-11-11
太原北白水泥制造有限责任公司,100276123,2349346,山西省太原市阳曲县高村乡北白村委村大运路23号,31B0,144010801,太原,阳曲,AC00101,13645.0,山西,5120.0,2020-11-12
高平市维高水泥制造有限责任公司,1119349123,1179975744,山西省晋城市高平市马村镇康营村1号,31B0,144110601,晋城,客服,AC00351,20050.0,山西,9800.0,2020-11-12
太原北白水泥制造有限责任公司,100276123,2349346,山西省太原市阳曲县高村乡北白村委村大运路23号,31B0,144010801,太原,阳曲,AC00101,13645.0,山西,4560.0,2020-11-13
高平市维高水泥制造有限责任公司,1119349123,1179975744,山西省晋城市高平市马村镇康营村1号,31B0,144110601,晋城,客服,AC00351,20050.0,山西,10360.0,2020-11-13
高平市维高水泥制造有限责任公司,1119349123,1179975744,山西省晋城市高平市马村镇康营村1号,31B0,144110601,晋城,客服,AC00351,20050.0,山西,13160.0,2020-11-17
太原北白水泥制造有限责任公司,100276123,2349346,山西省太原市阳曲县高村乡北白村委村大运路23号,31B0,144010801,太原,阳曲,AC00101,13645.0,山西,4640.0,2020-11-14
高平市维高水泥制造有限责任公司,1119349123,1179975744,山西省晋城市高平市马村镇康营村1号,31B0,144110601,晋城,客服,AC00351,20050.0,山西,10640.0,2020-11-14
高平市维高水泥制造有限责任公司,1119349123,1179975744,山西省晋城市高平市马村镇康营村1号,31B0,144110601,晋城,客服,AC00351,20050.0,山西,9520.0,2020-11-15
太原北白水泥制造有限责任公司,100276123,2349346,山西省太原市阳曲县高村乡北白村委村大运路23号,31B0,144010801,太原,阳曲,AC00101,13645.0,山西,5120.0,2020-11-15
高平市维高水泥制造有限责任公司,1119349123,1179975744,山西省晋城市高平市马村镇康营村1号,31B0,144110601,晋城,客服,AC00351,20050.0,山西,11480.0,2020-11-16
太原北白水泥制造有限责任公司,100276123,2349346,山西省太原市阳曲县高村乡北白村委村大运路23号,31B0,144010801,太原,阳曲,AC00101,13645.0,山西,4640.0,2020-11-16
太原北白水泥制造有限责任公司,100276123,2349346,山西省太原市阳曲县高村乡北白村委村大运路23号,31B0,144010801,太原,阳曲,AC00101,13645.0,山西,137600.0,2020-11-18
高平市维高水泥制造有限责任公司,1119349123,1179975744,山西省晋城市高平市马村镇康营村1号,31B0,144110601,晋城,客服,AC00351,20050.0,山西,260120.0,2020-11-20
高平市维高水泥制造有限责任公司,1119349123,1179975744,山西省晋城市高平市马村镇康营村1号,31B0,144110601,晋城,客服,AC00351,20050.0,山西,257880.0,2020-11-21
太原北白水泥制造有限责任公司,100276123,2349346,山西省太原市阳曲县高村乡北白村委村大运路23号,31B0,144010801,太原,阳曲,AC00101,13645.0,山西,278800.0,2020-11-20
太原北白水泥制造有限责任公司,100276123,2349346,山西省太原市阳曲县高村乡北白村委村大运路23号,31B0,144010801,太原,阳曲,AC00101,13645.0,山西,253200.0,2020-11-21
高平市维高水泥制造有限责任公司,1119349123,1179975744,山西省晋城市高平市马村镇康营村1号,31B0,144110601,晋城,客服,AC00351,20050.0,山西,262640.0,2020-11-22
太原北白水泥制造有限责任公司,100276123,2349346,山西省太原市阳曲县高村乡北白村委村大运路23号,31B0,144010801,太原,阳曲,AC00101,13645.0,山西,256080.0,2020-11-22
高平市维高水泥制造有限责任公司,1119349123,1179975744,山西省晋城市高平市马村镇康营村1号,31B0,144110601,晋城,客服,AC00351,20050.0,山西,254240.0,2020-11-23
太原北白水泥制造有限责任公司,100276123,2349346,山西省太原市阳曲县高村乡北白村委村大运路23号,31B0,144010801,太原,阳曲,AC00101,13645.0,山西,214640.0,2020-11-23
高平市维高水泥制造有限责任公司,1119349123,1179975744,山西省晋城市高平市马村镇康营村1号,31B0,144110601,晋城,客服,AC00351,20050.0,山西,201320.0,2020-11-24
太原北白水泥制造有限责任公司,100276123,2349346,山西省太原市阳曲县高村乡北白村委村大运路23号,31B0,144010801,太原,阳曲,AC00101,13645.0,山西,136080.0,2020-11-24
高平市维高水泥制造有限责任公司,1119349123,1179975744,山西省晋城市高平市马村镇康营村1号,31B0,144110601,晋城,客服,AC00351,20050.0,山西,17920.0,2020-11-25
太原北白水泥制造有限责任公司,100276123,2349346,山西省太原市阳曲县高村乡北白村委村大运路23号,31B0,144010801,太原,阳曲,AC00101,13645.0,山西,17600.0,2020-11-25
高平市维高水泥制造有限责任公司,1119349123,1179975744,山西省晋城市高平市马村镇康营村1号,31B0,144110601,晋城,客服,AC00351,20050.0,山西,11760.0,2020-11-26
太原北白水泥制造有限责任公司,100276123,2349346,山西省太原市阳曲县高村乡北白村委村大运路23号,31B0,144010801,太原,阳曲,AC00101,13645.0,山西,4960.0,2020-11-26
高平市维高水泥制造有限责任公司,1119349123,1179975744,山西省晋城市高平市马村镇康营村1号,31B0,144110601,晋城,客服,AC00351,20050.0,山西,11743.0,2020-11-27
太原北白水泥制造有限责任公司,100276123,2349346,山西省太原市阳曲县高村乡北白村委村大运路23号,31B0,144010801,太原,阳曲,AC00101,13645.0,山西,4880.0,2020-11-27
高平市维高水泥制造有限责任公司,1119349123,1179975744,山西省晋城市高平市马村镇康营村1号,31B0,144110601,晋城,客服,AC00351,20050.0,山西,12640.0,2020-11-28
太原北白水泥制造有限责任公司,100276123,2349346,山西省太原市阳曲县高村乡北白村委村大运路23号,31B0,144010801,太原,阳曲,AC00101,13645.0,山西,4080.0,2020-11-28
高平市维高水泥制造有限责任公司,1119349123,1179975744,山西省晋城市高平市马村镇康营村1号,31B0,144110601,晋城,客服,AC00351,20050.0,山西,12365.0,2020-11-29
太原北白水泥制造有限责任公司,100276123,2349346,山西省太原市阳曲县高村乡北白村委村大运路23号,31B0,144010801,太原,阳曲,AC00101,13645.0,山西,3920.0,2020-11-29
高平市维高水泥制造有限责任公司,1119349123,1179975744,山西省晋城市高平市马村镇康营村1号,31B0,144110601,晋城,客服,AC00351,20050.0,山西,579.5,2020-11-30
太原北白水泥制造有限责任公司,100276123,2349346,山西省太原市阳曲县高村乡北白村委村大运路23号,31B0,144010801,太原,阳曲,AC00101,13645.0,山西,4080.0,2020-11-30
高平市维高水泥制造有限责任公司,1119349123,1179975744,山西省晋城市高平市马村镇康营村1号,31B0,144110601,晋城,客服,AC00351,20050.0,山西,579.5,2020-12-01
太原北白水泥制造有限责任公司,100276123,2349346,山西省太原市阳曲县高村乡北白村委村大运路23号,31B0,144010801,太原,阳曲,AC00101,13645.0,山西,4000.0,2020-12-01
太原北白水泥制造有限责任公司,100276123,2349346,山西省太原市阳曲县高村乡北白村委村大运路23号,31B0,144010801,太原,阳曲,AC00101,13645.0,山西,4080.0,2020-12-02
高平市维高水泥制造有限责任公司,1119349123,1179975744,山西省晋城市高平市马村镇康营村1号,31B0,144110601,晋城,客服,AC00351,20050.0,山西,579.5,2020-12-02
高平市维高水泥制造有限责任公司,1119349123,1179975744,山西省晋城市高平市马村镇康营村1号,31B0,144110601,晋城,客服,AC00351,20050.0,山西,559.88,2020-12-03
太原北白水泥制造有限责任公司,100276123,2349346,山西省太原市阳曲县高村乡北白村委村大运路23号,31B0,144010801,太原,阳曲,AC00101,13645.0,山西,46720.0,2020-12-03
太原北白水泥制造有限责任公司,100276123,2349346,山西省太原市阳曲县高村乡北白村委村大运路23号,31B0,144010801,太原,阳曲,AC00101,13645.0,山西,4800.0,2020-12-04
高平市维高水泥制造有限责任公司,1119349123,1179975744,山西省晋城市高平市马村镇康营村1号,31B0,144110601,晋城,客服,AC00351,20050.0,山西,696.38,2020-12-04
高平市维高水泥制造有限责任公司,1119349123,1179975744,山西省晋城市高平市马村镇康营村1号,31B0,144110601,晋城,客服,AC00351,20050.0,山西,680.29,2020-12-05
太原北白水泥制造有限责任公司,100276123,2349346,山西省太原市阳曲县高村乡北白村委村大运路23号,31B0,144010801,太原,阳曲,AC00101,13645.0,山西,4080.0,2020-12-05
高平市维高水泥制造有限责任公司,1119349123,1179975744,山西省晋城市高平市马村镇康营村1号,31B0,144110601,晋城,客服,AC00351,20050.0,山西,740.29,2020-12-06
太原北白水泥制造有限责任公司,100276123,2349346,山西省太原市阳曲县高村乡北白村委村大运路23号,31B0,144010801,太原,阳曲,AC00101,13645.0,山西,4000.02,2020-12-06
高平市维高水泥制造有限责任公司,1119349123,1179975744,山西省晋城市高平市马村镇康营村1号,31B0,144110601,晋城,客服,AC00351,20050.0,山西,738.36,2020-12-07
太原北白水泥制造有限责任公司,100276123,2349346,山西省太原市阳曲县高村乡北白村委村大运路23号,31B0,144010801,太原,阳曲,AC00101,13645.0,山西,3840.0,2020-12-07
太原北白水泥制造有限责任公司,100276123,2349346,山西省太原市阳曲县高村乡北白村委村大运路23号,31B0,144010801,太原,阳曲,AC00101,13645.0,山西,3840.0,2020-12-08
高平市维高水泥制造有限责任公司,1119349123,1179975744,山西省晋城市高平市马村镇康营村1号,31B0,144110601,晋城,客服,AC00351,20050.0,山西,304215.75,2020-12-08
